comment_id,comment,intent,primary_driver,value_orientation,affect
4be83b2045a7,China usa can buy nepal jusr  put on sale,Neutral/Observation,Systemic/Political Anger,Collectivist-Nation,Angry/Frustrated
eaee434da75e,Sale nepal why nepal country nonsense  student visa.  They r not there for study big jocks,Neutral/Observation,Economic Necessity,Individualist-Self,Angry/Frustrated
ccfdbff1d449,Everyone is not leaving Nepal. Many are still staying back. So in current scenario their are basically two kind of Nepalese-<br> One who does not want to leave their parents no matter what financial situation or life priorities. They are content and happy with mediocre life. They stay back in Nepal.<br><br> Second who has greater ambitions and wants a better life. They leave their parents and settle abroad.<br><br> Ma kasailai pani sahi galat bhandina. Both are right in their own respective minds.,Neutral/Observation,Family Obligation,Collectivist-Family,Pragmatic
0d1e088b7f06,Really like this types of communication 😊,Neutral/Observation,Economic Necessity,Individualist-Self,Hopeful/Motivated
fac98faec42b,"Learn trading , after no need to go anywhere , just learn trading all you need is internet and a computer or mobile",Anti-Migration,Economic Necessity,Individualist-Self,Pragmatic
dac3097bb265,What was that 😢,Neutral/Observation,Economic Necessity,Individualist-Self,Despairing/Sad
bdcb019e39a7,Maile 12 paxi Padna xode Malai paila dakhi nai business garnu Theo MA sanga dherai ramro ramro idea haru Thea maile 4/5 year hard try gare sambandid nikaye samma kura ta pugyo ra Uha haru le help garnu miltheo Uha haru ko sano help matra melako vaye aaja Ma as a entrepreneur dherai Mathi pugi sakthea Tara aaja Ma totally birojgar xu mind ma idea xa action ligna lai Aafu eklai sakidaina katai bata help mildaina aaile Ma US  Ko lagi try gardai xu ra main point ma 12 paxi kina abroad gaina vanni kura le dherai regret hunxa so Jati ni 11/12 paddhai gareko bhai baine le mero comment paddhai hunuhunuhunxa Uha haru lai mero experience le k vanna chanxu vani tapai haru jati nai talent vaye ni tapai haru ma Kati nai potiental vaye ni tapai le Nepal ma chance paunu hunna yaha Sano kam garna ni hami youth lai dherai garo hunxa so time Mai aboard janu Uha opputunity xa Uha kai garna Sakinxa baki desh hamrai Ho paxi Aafu kei banera Aayaera desh ko lagi garna Sakinxa first aafno Banna ko lagi desh xodnai parxa .,Pro-Migration,Economic Necessity,Individualist-Self,Despairing/Sad
b1a8073ad63e,Alaxini khatey haru mujiko baan kukur bhusiya corrupt neta haru ley garda esto ramro desh guu jastai parey<br>Iniharuko narka ma pani baas naa hoss😢,Neutral/Observation,Systemic/Political Anger,Collectivist-Nation,Angry/Frustrated
62a9622e429b,What his name,Neutral/Observation,Patriotism/Love,Individualist-Self,Pragmatic
d65d9e5a458f,"3 crore doesn&#39;t mean 3 million, dear sir. Please correct it.",Neutral/Observation,Patriotism/Love,Individualist-Self,Pragmatic
be15fb7f46fa,"The reason why people are leaving Nepal is because of their high expectations. The people who are complaining there aren&#39;t enough jobs are the ones who seek highly skilled jobs where labour is not required. These types of jobs are not much in demand because the country is under developed and needs labour workers. I went to visit Nepal last year and saw many workers in construction sites and fixing roads, etc. So there are plenty of jobs in Nepal, you just chose to not to do them because you think you should be paid more. A country doesn&#39;t build itself magically without labour.",Anti-Migration,Economic Necessity,Collectivist-Nation,Pragmatic
26e457d95b1b,3 crore is 30 million not 3 million.,Neutral/Observation,Patriotism/Love,Individualist-Self,Pragmatic
84b9140174f6,there is one harsh solution. <br>ban foreign visa <br>force people to live inside<br>people will figure out the solution if they&#39;re forced to stay instead of running,Anti-Migration,Systemic/Political Anger,Collectivist-Nation,Pragmatic
23e58d78db47,"राजधानी सहर जन्ता बेच्ने बजार, जनताको व्यापार गर्ने नेपाल सरकार, देशभक्ति मरिसके देश बेच्न तयार, मुर्ख जन्ता, कस्ले रोक्ने भ्रष्टाचार ?<br><br>Bodhi",Neutral/Observation,Systemic/Political Anger,Collectivist-Nation,Angry/Frustrated
0a9004ed636b,What is the solution? What is remady? What should do? For this situation and this problem?,Neutral/Observation,Systemic/Political Anger,Collectivist-Nation,Pragmatic
1c6d6f3b072e,Aba india le laijancha desh. Yo muji neta harule kei par layenan. Jhole harule bitaye desh. Laijos Modi le baru,Neutral/Observation,Systemic/Political Anger,Collectivist-Nation,Angry/Frustrated
6e27a5b0502e,Dhost hunxa yo dess bistarai <br>Frustration is one of the main reason why students choose foreign countries,Neutral/Observation,Systemic/Political Anger,Individualist-Self,Despairing/Sad
8746f40ff3f2,Mo Dubai ma xu daju ahiley 2 40 bajey Rati duty janxu Ani belka 8 9 bajey room aipugxu lastoi garo 🙃,Trapped/Regretful,Economic Necessity,Individualist-Self,Despairing/Sad
fe7e487b3a73,"Any data how many nepalese living here in Delhi NCR ? Nepalese are everywhere here in hotel line, in govt job, police / army,  and even in big companies like MNCs.",Neutral/Observation,Economic Necessity,Individualist-Self,Pragmatic
012f6d1a4b06,"E dai ki tah purai english bolnu , ki natra nepali mai bolnu. Yesari what i seed garera nabolni",Neutral/Observation,Economic Necessity,Individualist-Self,Pragmatic
f3a52de70ea4,Nepal won&#39;t remain for more than 50 years in existance,Neutral/Observation,Systemic/Political Anger,Collectivist-Nation,Despairing/Sad
4c2d89a35039,One of the few educational and entertaining nepali channal🙌❤️‍🔥❤️‍🔥,Neutral/Observation,Economic Necessity,Individualist-Self,Hopeful/Motivated
f24226e363eb,who was the speaker? not mentioned anywhere,Neutral/Observation,Patriotism/Love,Individualist-Self,Pragmatic
c84a62016ebf,"<a href=""https://www.youtube.com/watch?v=_t2MyMVqddw&amp;t=162"">2:42</a> hits different 😢",Neutral/Observation,Economic Necessity,Individualist-Self,Despairing/Sad
abfd9003b912,This is such a sad reality and I can&#39;t do anything :( .,Neutral/Observation,Systemic/Political Anger,Collectivist-Nation,Despairing/Sad
e667e1d3939b,You cannot contain youths but you can certainly take advantages of brain drain by coming up with new policies that can utilize the youths and their skills/knowledge,Neutral/Observation,Systemic/Political Anger,Collectivist-Nation,Hopeful/Motivated
09b8c64b3be5,I proud I left nepal early age and got abroad citizenship….. don’t waste your Time in nepal if you belong from mid class family,Pro-Migration,Economic Necessity,Individualist-Self,Pragmatic
6bb66145c32a,Dubai is not a country..,Neutral/Observation,Economic Necessity,Individualist-Self,Pragmatic
d9fbb0d4d463,आफ्नो देश  नेताले   बिगारे भनेर अझै उनीहरुलाई  मोज गर्न दिएर  आफू  विदेश   तिर गएर दुःख गर्न बुद्धिमानी कि ? युवा भएर  देश बिगार्ने ती नेता लाई  श्रीलङ्का  मा ती भ्रष्ट नेतालाई  खेदे जसरी खेदेर आफ्नै देशमा सुख सुविधा खोज्नु कुन बुद्धिमानी ?  चेतना भया 👍👍👍👍👍👍👍👍👍👍👍👍👍,Neutral/Observation,Systemic/Political Anger,Individualist-Self,Angry/Frustrated
6aa8143a0367,Mero gau ma pani 4 ota pipal ko bot cha,Neutral/Observation,Patriotism/Love,Individualist-Self,Pragmatic
b5d9bc870c72,"When I was a kid, I had a vigorous desire to bring change into the country. The first time I heard about brain drain, I was mad furious. Gradually, I&#39;ve come to understand the situation more and more, which certainly is fading my determination of changing Nepal. It&#39;s sorrowful what reality does to people.",Neutral/Observation,Systemic/Political Anger,Collectivist-Nation,Despairing/Sad
49331253038a,This podcast is good but it can be better if you included the overcoming points of brain drain . How can we overcome this major problem ? Which plans to be taken to overcome this.,Neutral/Observation,Systemic/Political Anger,Collectivist-Nation,Hopeful/Motivated
8976e4121e2b,If youth don&#39;t make change then who would make. America developed xa kina ki tyaha ko citizens le america lai develop gareka hunx .. desh ma kei xain i agree but desh ma kei xain vanne yo sabai ko responsibility ho ki desh ma kei garnu paryo xodera janu is not a solution. If hami le garena vanne kasle garx ..garne vaye hunz natra hudaina .afno astitwa jogaunu xa vanne desh ma kei gara .. ma tw yahi kei na kei garxu. 🙂🇳🇵,Anti-Migration,Economic Necessity,Collectivist-Nation,Hopeful/Motivated
259d3728d6b4,"Nepal sarkhar ko pragattii vanekoo nai , nepalii lae bedesh pathau neh hoo .... 😢 ...  111 <a href=""http://www.youtube.com/results?search_query=%23nepalrevolution"">#nepalrevolution</a>",Neutral/Observation,Systemic/Political Anger,Collectivist-Nation,Despairing/Sad
0d652a9cf176,"Aujha puranai neta haru Lai choose garau dherai ramro hunexa 😢😢😢😢<br><br><a href=""http://www.youtube.com/results?search_query=%23aamale"">#Aamale</a> <a href=""http://www.youtube.com/results?search_query=%23kongrees"">#kongrees</a> <a href=""http://www.youtube.com/results?search_query=%23mawobadi"">#mawobadi</a> sabai <a href=""http://www.youtube.com/results?search_query=%23bhastachari"">#Bhastachari</a> party Hun Sabailai <a href=""http://www.youtube.com/results?search_query=%23bahiskar"">#bahiskar</a> garau 🙏🙏🙏🙏",Neutral/Observation,Family Obligation,Collectivist-Family,Despairing/Sad
44ec31881ca4,staying in nepal means no progress and cant but a car due to high  prices even with 10 years of saving what is benefit of studying in collages where teachers dont like to teach and whole collage is drowing in politics so 1st choice fly away and never return,Pro-Migration,Economic Necessity,Individualist-Self,Pragmatic
84dbaf6d8659,And I&#39;m proud of being Nepali 😂😂,Neutral/Observation,Economic Necessity,Individualist-Self,Pragmatic
6884ed77204e,"The main motivation of people going out of country is the political instability, if we get a right person on power like Balen, this trend will change on no time. <br>We need to vote to right people.<br>So as a youtuber, what we can do is give a brief about every candidate in next election so everyone knows who is good, who can make better change on the current situation.",Neutral/Observation,Systemic/Political Anger,Collectivist-Nation,Hopeful/Motivated
44572f75b20e,Neta haru ley bujhna parni kuro ho yo,Neutral/Observation,Systemic/Political Anger,Individualist-Self,Pragmatic
4bd81e52ae66,"Nowday&#39;s teacher&#39;s also recommend us to go out of the country nd not to stay in Nepal, if you&#39;re getting opportunity of good jobs nd higher studies go out of country nd tells us they&#39;re regretting to stay in Nepal. Nd two teachers already left with the their whole family ...",Pro-Migration,Family Obligation,Collectivist-Family,Pragmatic
86083c42c325,"How can 3 million be 3 crore ?? When 1 million is equivalent to 10 lakh ??? Stop giving false information, if you mean we have 3 crore population it should be 30 million not 3 million !!! With such kinda videos you  are making a joke or yourself all over the world and bringing shame to all the Nepalese,shame on you 🤬",Neutral/Observation,Systemic/Political Anger,Collectivist-Nation,Angry/Frustrated
a9a150f46aa2,We are going abroad cuz aru desh ko falako allu nikalna matra ho…lakh lakh halaraw padyo last ma bahira gayaraw allu khanni arabi haru basni ghar banauni…thau ma tyo padni paisa halako vaya aila sauu vayaraw basthya,Neutral/Observation,Economic Necessity,Individualist-Self,Pragmatic
d6fb51beeb5b,And I’m too listening from Maldives 🇲🇻,Neutral/Observation,Economic Necessity,Individualist-Self,Pragmatic
1d87bda9ea4d,"<a href=""https://www.youtube.com/watch?v=_t2MyMVqddw&amp;t=74"">1:14</a> 😢",Neutral/Observation,Economic Necessity,Collectivist-Nation,Despairing/Sad
89ff8af07557,As a +2 students who wants to study in my own country and contribute for the nation this makes me feel sad and worried about my own future as well as the nations future 😢,Neutral/Observation,Patriotism/Love,Collectivist-Nation,Despairing/Sad
c59f52382653,"Ma +2 sakiye sakda mero dherai sathi haru Australia lai try gare, maile ni gare. Property ko jhamela le process hault vayo. Tespachhi halka jagar lagayera soch banaye ki Nepal mai padhchu baschhu and kei business kholchhu. Ma 20 years ko thiye. Reality ma vanda imagination ma jiudai rahechhu jun kura aafulai nai thaha thiyena. Hillside tira hotel kholchhu ki euta motorcycle showeoom kholchhu, dhukka le paisa kamaihalchhu vanne aasha ra jagar thiyo. Bachelor gardai garda dherai sathi harule bich bich mai Australia gaye. Koi koi chai Japan ni gaye. Antya ma Bachelor ni sakiyo ra aafu sanga 14k ko job bahek kehi thiyena haat ma. Tesle jiwan chalne thiyena. Jiwan ko kura chhodum tyo samaye ko eklo huda ko kharcha ni tarnu garo vayo. Tespachhi aayo corona. Tyaha samma aauda situation yeti garo vaisakeko thiyo ki Nepal basera napugne Australia jana nasakne vayo. So tyo bela ali popularity gain gardai aairaheko desh Croatia ko barema sunna thale. Interesting lagyo. Kei major cvs nachahine ani dherai lagani pani nachahine vayera aafno luck yetai try gare. Ra sabai process pura garera yaha aaye. Aile 2 barsha vayo. Suru ma aauda eklai thiyo company ma. Nyasro lagthyo. Ek barsha jasto vayepachhi company le ajhai Nepali haru lyaune vane pachhi maile aafno aafanta ra chineko sathiharulai kaam offer gare. Aile 4 jana plus 2 jana feri aaudai chhan. Kamai dherai chhaina tara company le sabai subidha diyera 1 lakh jati kamai hunchha. Aafno sathi bhai ra kei aafanta haru ni sangai chhan. So aba yo sabai huda ma Nepal kina farkine? Tei andhakar ra kalpana ma matra dubna? Malai Nepal ko maya chha tara tyo maya le mero jiwan ramro sanga chalchha ra? Hola Nepal ma ni opportunity haru tara ma jasto middle class family ko ghar herne euta matra income source le aafu ani pariwar sukha sanga rakhna sakla ra? Dherai high profile nahola tara Croatia ko salary le mero ghar ko pariwar haru aananda le khusi sanga basna pako chha. Malai future ko chinta chhaina. So ma kina Nepal farkine? Now I understand what do you mean by manchhe haru bidesh gairako chhaina, desh chhodidako chhan. Ma pani tei madhye euta hu. Jay Nepal, mero Nepal jindabaad tara sayed maile Europe lai nai aafno future sumpiye.",Trapped/Regretful,Patriotism/Love,Collectivist-Family,Despairing/Sad
3b80320a9d77,&quot;Bolna sakne Lai baira pathaide nasakne Lai yehi rakh.&quot; Well said .,Neutral/Observation,Economic Necessity,Individualist-Self,Angry/Frustrated
0cbd53461744,Whats more depressing is <br>Even hamro ekdam close one I cannot convince them,Neutral/Observation,Systemic/Political Anger,Collectivist-Nation,Despairing/Sad
e75b127701df,"I feel sad and helpless. I don’t believe in god but god please save my country 😢, ma parye pani mero desh bachi rahosh  🫡",Neutral/Observation,Economic Necessity,Collectivist-Nation,Despairing/Sad
983c0d3b7559,Most effective plan is to leave country and settle down there. 😢,Pro-Migration,Economic Necessity,Individualist-Self,Despairing/Sad
0fa6d303f7c4,"Nepal ma bauko sampati cha vane matra basne ho ,, natra kta ho, bidesh gaihaal.",Pro-Migration,Economic Necessity,Individualist-Self,Pragmatic
1f8c86d31a3f,सर नेपालमा भोक मरीमा लाग्न लाई सकेयो  यस्मा कोसैकोनी ध्यान गको छैन मनिसको एक महिनाको तलबले आफ्नो खर्च टर्दैन झन परिवार कसरी पाल्ने सामान को मुल्य बढेर आकास छुन लाई सकेयो सर यो बारेमा एउटा भिडियो बनाउनु परेयो plz.😥🙏🙏🙏🙏🙏🙏🙏🙏🙏🙏🙏🙏🙏,Neutral/Observation,Economic Necessity,Collectivist-Nation,Pragmatic
cca20793d374,"They are not migrating, they are fleeing.",Neutral/Observation,Economic Necessity,Individualist-Self,Pragmatic
c05bf61e111d,Me watching from canada😎,Neutral/Observation,Economic Necessity,Individualist-Self,Pragmatic
5f23e3cae4de,"sir , please make a video on ongoing private school strikes.",Neutral/Observation,Patriotism/Love,Individualist-Self,Pragmatic
171c2c6a7276,Timi po content banayera safal vayeu ta ani kai na hune haru jane ta ho ni bihera,Neutral/Observation,Economic Necessity,Individualist-Self,Pragmatic
c5abfd36944d,class 1 ranker is leaving the country?<br><br>what the fuck I&#39;m doing here?<br><br>it&#39;s suck,Neutral/Observation,Economic Necessity,Individualist-Self,Angry/Frustrated
d59adc623108,Its a bitter reality of REPUBLIC Nepal! How far do we go with this reality?? very awful!,Neutral/Observation,Systemic/Political Anger,Collectivist-Nation,Despairing/Sad
2b93a89caae5,Daju  nepal ko ancient architect ko bare ma vidio banaununa please 😢<br><br><br>Khathmandau ko ghar haru ko technology haru ko khash gari,Neutral/Observation,Economic Necessity,Collectivist-Nation,Despairing/Sad
aadbbc36d2da,TU ko ta yo halat xa. AFU jasto manxe lai patto nai na vako uni ma K hola.,Neutral/Observation,Systemic/Political Anger,Individualist-Self,Pragmatic
0cca70813bec,नेपाल लाई इंडिया बनाउन लागेको हो।,Neutral/Observation,Economic Necessity,Individualist-Self,Pragmatic
e718e259902b,payra port bangladesh  le nepal lai deko barema ni bhujaunu na tes bata huney adv and dis \\\,Neutral/Observation,Systemic/Political Anger,Collectivist-Nation,Pragmatic
d64daba878d7,नेपालीहरु विदेश गैरका छैनन् देश छोडिरका छन् । Exactly यस्तै भइरको छ ।,Neutral/Observation,Systemic/Political Anger,Collectivist-Nation,Pragmatic
6229d6bc41ea,"Everything has it’s time and cycle everyone is going aboard ok who have pr and green card they will remain in aboard and rest of others are mostly going as worker in gulf, malaysia, etc type country most of the country are facing economic issue now days and mostly after some years 50-100 years gulf will be out of oil and they aslo face some economic issue as vast now and our nepali brother will have to back in homeland and then the situation will be more wrost and everyone is not rich to affoard big country mostly today our country is stable in remittances and after some 50-100 years this will be became a disaster even many brother are facings low wages and job issues in gulf countries now days. How many of us will get chance to go usa Canada Australian some lakhs peoples only and mostly students didn’t send that much money like others which create more remittances. Already they took too much loans and stuff some years they will need to settle themselves and after they invest money in foreign for living there. We are so relabing in foreign one day that’s immigration will be stopped or low  and It’s will make a disasters. I am not saying not go to foreign am just saying our government create such a situation for us to go aboard and we also want make a good healthy and wealthy life but we are making a virus inself slowly which will surely create a huge economic revolution in future. If hope new leadears and youths will come in power take nation to another way so we can independence on toursim, electricity and local production.",Neutral/Observation,Systemic/Political Anger,Individualist-Self,Hopeful/Motivated
bdad925c357f,30 million i guess ? Not 3 million 😅<br>1 million bhaneko 10 lakhs right?,Neutral/Observation,Patriotism/Love,Individualist-Self,Pragmatic
b175e3507dde,Sir Nepali bol nu garo vako sir lai,Neutral/Observation,Patriotism/Love,Individualist-Self,Pragmatic
fd1bc94f10fa,"If you cant change the country,chang The Country.<br>Age average ma 65+ huncha, 20 barsa padiyo yeta uti vayo gayo, (ma chai yehi bachelor gardai ch),  Padisakey pachi ne life set huney khalko job chai unless you are corrupted, lifestyle ekdam low cha, yei mehenat uta garda thikai lifestyle huncha vaney kasley desh desh vanera bascha, job ko lagi ali ramro ma chirna power chaincha ki Highly Deserving huna paryo. Change the country is for us, kati desh vanera basnu. Engineering sakesi gaiyincha bidesh baru.",Pro-Migration,Systemic/Political Anger,Individualist-Self,Pragmatic
32e6d5a904e5,Voice ta suneko thia..aba face pani dekhna paiyo..katainbatoma vetda kura garamla vai sanga..😎👍,Neutral/Observation,Economic Necessity,Individualist-Self,Pragmatic
21c9f0538a5f,3 crore would equal to 30 million and thank you for the statistical data about other facts,Neutral/Observation,Patriotism/Love,Collectivist-Nation,Pragmatic
b2cbafffabbc,"The government must stop, specially students.",Neutral/Observation,Systemic/Political Anger,Collectivist-Nation,Pragmatic
64908029c43b,Tension banai deyo yrr kura sunera nai😢,Neutral/Observation,Systemic/Political Anger,Collectivist-Nation,Despairing/Sad
68ae8b18e0b1,raja la janata marako thya neta haru la desh na khaideya worst bhayo Nepal Maobadi Congress Yamale ko raaj bata,Neutral/Observation,Systemic/Political Anger,Collectivist-Nation,Pragmatic
064a3be8f052,"Nothing wrong with Nepali going Bahira .. Not even big deal.. <br>Nepal need enough capitalism, skilled resource, knowledge, good culture to compete with the rest of the world .. world of diasporas are common culture around the world, this is how generations perceives new world, it’s not us then upcoming generation.. we are already so much late behind first world countries .. but why would anyone think his stupid talks going to pay that cost … <br>Important issues supposed to be how to bring skilled manpower in Nepal, prosper business opportunities, beauty and culture of Nepal .. etc..",Neutral/Observation,Economic Necessity,Individualist-Self,Pragmatic
ae89c8cca147,"But, does this video content gonna work to specific person for change?    NEVER",Neutral/Observation,Systemic/Political Anger,Collectivist-Nation,Despairing/Sad
27e4fa87ac52,k vannu ra dai <br>ya neta vanda pani janta khattam ho,Neutral/Observation,Systemic/Political Anger,Individualist-Self,Pragmatic
830f41ec5b0b,Nepal ma basne vaneko 3 jana matra ho.<br>1  Sargari job garera ghuss khana manche.<br>2 Poltical power misuse garera business garne manche.<br>3. Bau ko Tanna paisa vayera basi basi khana pugne manche.<br><br>Baki tapai hami nepali vaneko dhilo chado desh choderai jane ho. There is 0 opportunity and 101 challenged in nepal if you want to do anything good.,Neutral/Observation,Economic Necessity,Individualist-Self,Pragmatic
5838bf681f28,"Fun ak side tira xa rw geyan ak tira xa nepal ma yesto content banauna yt chanala 5/6 wota matrai <a href=""http://hola.love/"">hola.love</a> you bro from sankhawasava.keep it up✌️",Neutral/Observation,Economic Necessity,Collectivist-Nation,Pragmatic
51fb43ebe012,Abo India ma pani estai cha halat,Neutral/Observation,Systemic/Political Anger,Collectivist-Nation,Pragmatic
af0d7fc8334a,We are youths have to speak out of podcast as well same kind of advocate,Neutral/Observation,Systemic/Political Anger,Collectivist-Nation,Pragmatic
e6c6a3bf3083,Me who is watching from bides 😂,Neutral/Observation,Economic Necessity,Individualist-Self,Pragmatic
949075c8b177,Wow! it&#39;s one of a sucessful achievement of Gaadtantra Nepal.,Neutral/Observation,Systemic/Political Anger,Individualist-Self,Pragmatic
5c16e96752d3,This is sad 😔😔😔😔.<br>Garne k ta ?,Neutral/Observation,Systemic/Political Anger,Collectivist-Nation,Despairing/Sad
685b2775a27c,"3 Million is not 3 crore, I don&#39;t know how you&#39;ll correct this lol.",Neutral/Observation,Patriotism/Love,Individualist-Self,Pragmatic
e9ee3b02c373,It&#39;s 30 million.,Neutral/Observation,Patriotism/Love,Individualist-Self,Pragmatic
8cf0c12c7367,Sad reality,Neutral/Observation,Economic Necessity,Individualist-Self,Despairing/Sad
820fec2dc58e,"<a href=""https://www.youtube.com/watch?v=_t2MyMVqddw&amp;t=85"">1:25</a> what was that",Neutral/Observation,Economic Necessity,Individualist-Self,Pragmatic
69d3bde3850a,ma ta janchu mauka paye. Nepal ko gusiya prabridi le garda sab bigrisakyo,Pro-Migration,Systemic/Political Anger,Individualist-Self,Pragmatic
75033ee2f56d,Ajhai pani chor haru lai vot dini rw Nepali haru le...,Neutral/Observation,Economic Necessity,Individualist-Self,Angry/Frustrated
a6ab55f7dcd4,10% intellectual hoina pariwarik ramro batabarn vako haru chai vannu milxa,Neutral/Observation,Family Obligation,Collectivist-Family,Pragmatic
d730d530ad7b,dai SAT ma 1400 kasari katauney euta video banaidina paryo,Neutral/Observation,Patriotism/Love,Individualist-Self,Pragmatic
c992166bde6d,"Nepal,<br>K garnu maya lagxha afno desh ko sav lai, tara maya le jindagi na chal la<br>Desh le maya garne vaye ta sayad basthe hola manxe<br>Tara teo maya ni na payesi <br>Janxhan sabai baira,<br>Koi ramro bhawishya ko khoji ma ta koi naya desh ko khoji ma.",Neutral/Observation,Patriotism/Love,Individualist-Self,Pragmatic
215ad8d65b14,राम्रो संग नेपाली पनि बोल्न आउँदैन धेरै मान्छेलाई मान्छेहरू गैराछ भन्छ । यसरी मान्छेहरू किन बोल्छन् होला ?,Neutral/Observation,Systemic/Political Anger,Individualist-Self,Pragmatic
081a2123f084,3 crore bhanya 3 million hoina ni,Neutral/Observation,Patriotism/Love,Individualist-Self,Pragmatic
247cb8f15bdd,Big problem is that government is not stable!,Neutral/Observation,Systemic/Political Anger,Collectivist-Nation,Pragmatic
e952e9075e7c,Drastic voice change.,Neutral/Observation,Economic Necessity,Individualist-Self,Pragmatic
1ce35715ee4e,This kind of increasing foreign imigration and high inflation in Nepal is causing negative  psychological changes in all youths mind..It is emptying all menpower who are very necessary for strong and rapid development of Nepal..,Neutral/Observation,Economic Necessity,Collectivist-Nation,Hopeful/Motivated
ec8d783c3a3e,First of all mero point of view lack  of quality education and the bad politicians is the major problem in our country maximum citizen haru uneducated haru bahira xan scam nai scam controversy nai controversy yei xa nepal ma ahele desh ma jobs paudaina only qualified people haru le job pauxa then unqualified peoples chahi k job nai nagari basne???,Neutral/Observation,Systemic/Political Anger,Individualist-Self,Pragmatic
65f3ada6ce2e,हामी विदेशीहरू नेपाल फर्केसी नेपाल धनी हुन्छ। हाहा😂,Neutral/Observation,Economic Necessity,Individualist-Self,Pragmatic
1d508dd9e80c,त्यो बोल्दा बीच बिचमा अंग्रेजी किन हाल्नुपर्ने के यो नेफोलीहरुलाई I कि पुरै अंग्रेजीमै बोल कि नेपालीमा बोल।  १-२ सब्द अंग्रेजी पर्नु भनेको ठिकै तर के नाटक हो न अंग्रेजी न नेपाली मु *,Neutral/Observation,Economic Necessity,Individualist-Self,Pragmatic
cf76a3d7e5ff,"Sushant bro le vane jasto Australia ma Nepali haru 2 Jobs, din ko 15-16 hours kaam garxa ghar aauxa sutxa ani bholi pheri same routine plus college pani cha. Kasari manage gari raheko hola hai.<br>Yes Nepali haru hard work, mehenat garna sakxa. Nepal mai kehi opportunity, tyo kaam, mehenat garne thau ra situation vayeko vaye kati ramro hunthiyo. Tyo sabai Nepal kai lagi garna sakthiyo. Most of them would stay in Nepal.",Anti-Migration,Systemic/Political Anger,Individualist-Self,Despairing/Sad
261c166da6af,Big faan man ❤😢,Neutral/Observation,Economic Necessity,Individualist-Self,Despairing/Sad
6e9e9abcc032,ing   englissssh,Neutral/Observation,Economic Necessity,Individualist-Self,Pragmatic
c19c15c6c3c9,Loved your research and dedication on such topics.,Neutral/Observation,Economic Necessity,Individualist-Self,Pragmatic
078bc4c570c5,We&#39;re needed more like this types of content,Neutral/Observation,Economic Necessity,Collectivist-Nation,Pragmatic
5bd808fd92de,Podcast wala video arko channel ma ani paila ko jasto video yo channel ma halnu na<br>Duitai merge garda ali thik laagena,Neutral/Observation,Patriotism/Love,Individualist-Self,Pragmatic
749aa3a0bba7,tribhuwan airport nachunera thulo galti garexu,Neutral/Observation,Economic Necessity,Individualist-Self,Pragmatic
7e516f5beffd,Finally Nepal ma Indian conolization hune hola😢 Nepalese are migrating and flexibility in handing over Nepalese citizenship is prevailing in Terai 😢😢😢,Neutral/Observation,Systemic/Political Anger,Collectivist-Nation,Despairing/Sad
2c9407d32c7c,Yo tapai ko ho jasto lagyo malai,Neutral/Observation,Economic Necessity,Individualist-Self,Pragmatic
960e33ee99df,Repost garyako maile podcast mai harisakaya  😊,Neutral/Observation,Patriotism/Love,Individualist-Self,Pragmatic
5a2f39443406,It is the dark Truth of Nepal &amp; bad thing is nobody want to change it 😢,Neutral/Observation,Economic Necessity,Collectivist-Nation,Despairing/Sad
0f822c92bd71,Solution discuss garam baru problem sab lai tha cha.,Neutral/Observation,Economic Necessity,Individualist-Self,Pragmatic
6fbf71b844a3,"People like you should support youngstar like Balen, Sagar Dhakal, Harka,Rabi  like people so that by 2084 we can at least get some good leader who can think for people and Nations and the real problem of Nepal .<br>Enough is Enough K.. we are tired of Prachande ,Oli and Deuba K.. pls it&#39;s time for change .at least for our future and future generation.. <br>We should love our country K.. no matter what.. when I see our neighbour country growing so fast ..I feel sad yr... Why we are at the bottom..why K why?? <br>Anyways I Love Nepal 🇳🇵",Neutral/Observation,Systemic/Political Anger,Collectivist-Nation,Despairing/Sad
b8f985d91653,Ma ne jadai xu aba !! Desh mae ke garam bhanera lage the sakena garna garnai diyena desh ko nikaye le umer dhalkinu agadi bidesh nai last option,Neutral/Observation,Economic Necessity,Individualist-Self,Pragmatic
18cbeeb30b39,You are right😢😢😢😢😢😢😢😢😢,Neutral/Observation,Economic Necessity,Individualist-Self,Despairing/Sad
d174051b044f,Deep problem of nepal💔,Neutral/Observation,Economic Necessity,Individualist-Self,Pragmatic
89fac4118bcc,Guff gara vosadi haru<br>Chilli chaplo luga jutta lagau khau gadi kudai guff gara<br>Jholepanti banda garnu parca varera kunai YouTube channel le vanna nasakekai ho ta?<br>Gaad caina vane gu khao guu kati sunnu tmaruko guff yar,Neutral/Observation,Systemic/Political Anger,Collectivist-Nation,Angry/Frustrated
357c56929ad7,"3 crore = 30 million<br>Please unsubscribe this channel, neta vanda besi stunt hanca yar",Neutral/Observation,Systemic/Political Anger,Individualist-Self,Angry/Frustrated
a70f4f3286c5,Don&#39;t worry government is trying hard to fulfill the vacum by the Biharis.,Neutral/Observation,Systemic/Political Anger,Individualist-Self,Pragmatic
c8643c65e07a,kina basnu raja nepal ma ........parttime jobs ni xaina .. loan liyera college padnuparxa ani tyo loan tirna nasakera bidesh januparxa.. students loan ni xaina ......so ma janxu,Pro-Migration,Economic Necessity,Individualist-Self,Angry/Frustrated
1b6414e4fb26,We start business 15 years ago.paila sabai ramro thiyo bank bata kam byaj ma loan painthyo byapar hunthyo but aile byaj mahango rent mahango byapar  paile jasto xain..mahango byaj ma invest gareko paisa mahango ghar rent le garda lagani uthna pani garo x.aile 15 year business garera 35 ko age ma ma katai bides Jane sochdai xu passport pani banai sake ajhai jane ki nepal nai basne fix xain ab herum k hunx???,Neutral/Observation,Economic Necessity,Individualist-Self,Despairing/Sad
3083e7d5b5f1,"I hate being Nepali<br>Jastara gorkha,gorkha garay<br>K lado garo tyo gorkha la,<br>British la rule gara ko vaya Developed hunthyo nepal<br><br>........<br><b>****🍌 K payes Nepali 🍌kara***</b>",Neutral/Observation,Economic Necessity,Individualist-Self,Angry/Frustrated
abe3f2f94515,फेरि loadsheeding हुन थालेको छ  ... के कारणले फेरि loadsheeding हुँदै छ ???? कुल्मान जि हुनु हुन्छ त्यै पनि loadsheeding,Neutral/Observation,Systemic/Political Anger,Collectivist-Nation,Pragmatic
c0d89ffbdeca,Probably too late to fix it but 3 crore is 30 million.,Neutral/Observation,Patriotism/Love,Individualist-Self,Pragmatic
a20ee4ab23b7,There is totally lack of visionary leadership in our country. That&#39;s what makes the country worst.,Neutral/Observation,Systemic/Political Anger,Collectivist-Nation,Pragmatic
402c4c5f0799,"Afno desh ma basna nachahane kasko ichya hunxa ra, badhyatale ho hajur. At this point, maele kam ma gareko dukha sayad bahira gayera gare vane Mero ra Mero family ko future ramro hunexa. I too am planning for future in abroad for better education, better income and quality of life. Dukha lagxa but yahi satya ho",Neutral/Observation,Family Obligation,Collectivist-Family,Pragmatic
04490fcd0c95,Gari khana dinnan yll 😢😢😢😢nepalma😢😢😢,Neutral/Observation,Economic Necessity,Collectivist-Nation,Despairing/Sad
3e3231445ef3,Situation is worst jaha gaye pani,Neutral/Observation,Economic Necessity,Individualist-Self,Pragmatic
cc39c77b14fd,We were having a lot of discussion on this topic as well. After 10-15 years the situation is going to be miserable! Litreally everyone is going abroad!,Neutral/Observation,Economic Necessity,Individualist-Self,Pragmatic
020c36cb6eb0,"<a href=""https://www.youtube.com/watch?v=_t2MyMVqddw&amp;t=1"">0:01</a> 3M vaneko 3 crore ho? 🤔🤔😂😂",Neutral/Observation,Patriotism/Love,Individualist-Self,Pragmatic
8f76aeaf6cab,"Yes <a href=""https://www.youtube.com/watch?v=_t2MyMVqddw&amp;t=163"">2:43</a> You said it Nepalese people are leaving country they are not going abroad. Only few return and start doing business in Nepal. In my opinion it is some grand design to make Nepalese Youth to go abroad and distributing Nepali citizen to neighbors. After main Nepalese citizen will be in minority and Constituent Assembly will be also be controlled by friendly neighbor and then Our Nepal will be developed like Singapore, Bihar and then those Nepalese citizens who have gone abroad will not be allowed to come to Nepal and they will be treated like Bhutanese Refugees and after then Mr. Nepal and Mrs. Nepali will realize that the main reason Nepal was not developed was due to Nepalese poor mindset. Jai Nepal",Neutral/Observation,Patriotism/Love,Individualist-Self,Pragmatic
8d02bd54d81c,5 years loss because of TU (my golden years but still couldn&#39;t do anything),Neutral/Observation,Economic Necessity,Individualist-Self,Pragmatic
9af81f72e759,Ki Nepali nai bolau ki Englis purai bolau bich bich ma English naghusau  afnai bhasa ko nassh ho,Neutral/Observation,Patriotism/Love,Collectivist-Nation,Angry/Frustrated
a77d9686db23,Love you in depth story <br>You are handsome even inteligent❤❤❤❤❤❤❤,Neutral/Observation,Economic Necessity,Individualist-Self,Pragmatic
7b6ca7a8f03f,"The problem of Nepal is also the potential of Nepal. You only need to see that what is missing in Nepal right now, is exactly what can bring growth to the country! The nepal government should encourage investment in Nepal from Nepali citizens that went abroad, not make it difficult for them to come back",Neutral/Observation,Systemic/Political Anger,Individualist-Self,Pragmatic
a9be6c23453e,I also feel that I should have choosen Tribhuvan Airport instead of Tribhuvan University😢,Neutral/Observation,Economic Necessity,Individualist-Self,Despairing/Sad
0e3345272dc1,Hunekhane Lai k sunae rakheko saath Pradhan sarkar Lai .......yestoh feeling middle class le matra bujne xa hunekhane bujne xaina,Neutral/Observation,Systemic/Political Anger,Collectivist-Nation,Pragmatic
71e76db82388,option k xa k nepal mah ?<br>supposed ma nepal mah xu rey ?<br>ma k garam aaba ?<br>i want a environment where i can study and work in same time <br>part-time work available huna paro. If mero class 9-12 hunxa bhaney 12 bajey paxi i should have lots of option to involve in works. If 9-5 clz hunxa bhaney should be only for 2 days or 3 days and i should have option of works where i can work only 4 days in weeks.,Neutral/Observation,Economic Necessity,Individualist-Self,Pragmatic
a04cc424dd27,Ilam ma ta population badhya jasto lagxa malai ki sab manxey headquarters tira ayera yesto lagya malai.....,Neutral/Observation,Economic Necessity,Individualist-Self,Pragmatic
6c8ca4211192,Baideshik rojgari garo xa,Neutral/Observation,Economic Necessity,Collectivist-Nation,Pragmatic
bf4fe01ea35c,3million or 30 million 😒😒,Neutral/Observation,Patriotism/Love,Individualist-Self,Pragmatic
e37d5fe8ffaf,Face reveal?,Neutral/Observation,Patriotism/Love,Individualist-Self,Pragmatic
ffed696f596e,One day there will be no Nepali  in Nepal😢😢😢😢😢,Neutral/Observation,Economic Necessity,Individualist-Self,Despairing/Sad
4fb74007bd2e,main reason           gayako realtives raw social media influncers haru lay proudly nepal ma scope xaina janai parxaw bahiraw vanara ho      social media raw abroad ma huni haru lay youth ko brain wash gari rako xan       teenage ma hamlai kasai lay thulo vayara k garni vanda doctor pilot engineer vanythim     aahile ko teenage lai k padhni tha xaina   k garni vanda   abroad jani 😊,Neutral/Observation,Economic Necessity,Individualist-Self,Pragmatic
ae72dc917fcf,How many people who goes abroad for study comes back? Is there any data about this?,Neutral/Observation,Economic Necessity,Collectivist-Nation,Pragmatic
75b8b9859c95,"And now many skilled people are leaving the country. Not because of unemployment, but they are looking for a better life style and salary. For instance, Nepal ma Engineering sakera you just get paid around 10k - 18k. Even after a year or two years of experience you don’t get paid more than 30k - 45k. But tei kaam for instance Australia ma garda you get paid really well. So it’s a no brainer to leave the country. And this is a serious issue for Nepal.",Pro-Migration,Economic Necessity,Individualist-Self,Pragmatic
1a59d72ab954,Nepalese education system is a joke prove me wrong,Neutral/Observation,Systemic/Political Anger,Individualist-Self,Pragmatic
42f2196da82a,Yetro big scale maa conspire garna sakne chyamata ta chaina hau hamro nepal sarkar ko. That conspiracy is the funniest shit i ever heard. 😂😂,Neutral/Observation,Systemic/Political Anger,Individualist-Self,Pragmatic
48df6bb3b130,Bidesbata herdai chu ma fry 😂,Neutral/Observation,Economic Necessity,Individualist-Self,Pragmatic
bcb96ead43d9,I can’t control my eyes 🥹🥹,Neutral/Observation,Economic Necessity,Individualist-Self,Pragmatic
4ec7490ba672,Kheti pati garum Kham j xa garum vnny soch ko mnxy xaina Nepal mah😢.. swang vwang ley nai ho yo vako jasto lagxa..,Neutral/Observation,Economic Necessity,Individualist-Self,Despairing/Sad
ffc6343ba5dc,Bidesma dherai jastoo veda haru vety😢.. moh tyo jaat ta tyoo haat uff hami aafai testai xa k doos dinu arulqi,Neutral/Observation,Economic Necessity,Individualist-Self,Despairing/Sad
6a01d888f844,"म पनि देश छोडेको, गएको हैन, वातावरण बनाउनु पर्यो, कोसिस गरियो तर सकिएन।",Neutral/Observation,Economic Necessity,Collectivist-Nation,Pragmatic
28fcfe1bbb22,Chaldai jane ani haiti banne aru upaya chaina. Thats the last report card of nepal.,Neutral/Observation,Systemic/Political Anger,Collectivist-Nation,Pragmatic
b62937c7e371,"Truth..ma college tropper vyera ta lebour kam garnu parekothiyo because no political power .. without political power you can&#39;t do nothing so Kohi Pani kamauna hoina future xaina nepalma tehi vyera  Des xodera  aru desma settle huna aaerako ho...so ma Hal Portugal ma xu kehi barsama aafno buo Mami budi and xori haru sabai lerayera yetai settle hunxu because correpation, everything expensive like  food health education ,no oprtunity ,",Neutral/Observation,Systemic/Political Anger,Collectivist-Family,Pragmatic
25f424872bea,"The  economy will continue to run it wont be diversed as of now  but i think tourism sector will also boom as the working abroad increases the spending power of our people will increase. The people who went developed countries might settle there but they will return to visit Nepal with much more spending power also they will act as a branding source in developed countries so tourism will likely to be boosted,the working class in arabas will return they most of them invest those money in hotel sector farming.<br>Think positive nowadays so much negativity in social media",Neutral/Observation,Economic Necessity,Individualist-Self,Hopeful/Motivated
449c2c1f3767,"Dukha payam mangaley, afnai dhangaley!! Jai Gadatantra",Neutral/Observation,Systemic/Political Anger,Collectivist-Nation,Pragmatic
7c99e327119e,Our political situation is more focused on history rather thẹn future hami lay democracy lya ko hami lay yo gare ko matra vanxaa,Neutral/Observation,Systemic/Political Anger,Individualist-Self,Pragmatic
276df31d5356,You are doing a good job bro❤❤❤,Neutral/Observation,Economic Necessity,Individualist-Self,Pragmatic
84e8bb32cc2b,Such a good content  but bro either go with nepali or English language while ur talking   really. It sucks  ur making topic of nepal n here ur keep using   broken English.  I love n respect ur work but that English was like salt with Tea.,Neutral/Observation,Patriotism/Love,Collectivist-Nation,Pragmatic
d9b1ca8f5b08,"solti ko himmat lai mane, raja ko dynasty sakaune tauke haru lai aula dekhaunu, sabai lai tha vakai kura third world country ko government first world ka direct working mafia huna, no matter which third world country",Neutral/Observation,Systemic/Political Anger,Collectivist-Nation,Pragmatic
b45ace0ccfb2,Arko better truth : More than 90 % of fresh graduate doctors are either leaving the country or planning to leave the country and nobody …. cares. This is Nepal and it remains until this political heads.,Neutral/Observation,Systemic/Political Anger,Individualist-Self,Pragmatic
6f86730fcf47,"Even if you&#39;re employed and earning the top 1%, you will never save enough from just your salary to ever own a house in Kathmandu. This is sad. <br>Unless you&#39;re already from a privileged well-off family with lots of properties, or a corrupt government official, or someone lucky enough to build a business, there&#39;s no hope for the working class here. <br>I love Kathmandu&#39;s food and weather and people. But I have moved to the States because I can actually build a life there.",Neutral/Observation,Economic Necessity,Individualist-Self,Despairing/Sad
7d12ec5c0ecd,Yo dui teen sal dekhi youth haru bidesh Jane wave chali ra xa friends circle nai sanu hundai goi ra xa ani yo pani sahi ho ki 6 to 10 years ma nepal old age nation hunxa,Pro-Migration,Economic Necessity,Collectivist-Nation,Pragmatic
74ff2d2e2181,"Yestai chalirayo bhane aaba ko 20 years ma Nepal ma nepali nai minority hunxan kina ki different policy le Indian le nepali citizenship pairako xan paxi tini haur election ma uthxan, Indian majority bhaeay paxi tinihaur le nai jitxan parliament tinihaur ko Matlab government of Nepal India ko control ma hunxa. Sundo Hawa lagxa hamlai Tara depth ma gayeu bhane nepal ko future tehi ho. Political instability rw jhan economic instability ko lagi caste , religious  rw ethnic group  bicha ma civil war Pani hune chance high xa kina ki society ma lower background bhaeayka citizen Lai brainwash gardai aandolan ko lagi badawa diraheko xa. Ani-sanatan religion( Hindu, Buddhism rw kirati) ko Sath sathai monlogian structure bhaeayka daju Bhai haur Lai Pani brainwash garidaixa rw yesko lagi  heavenly funding hudaixa. No hates to all Tara reality yehi ho. Hami sabai Jana milera basenau rw yo strategies bare aware bhaeaynau bhane future dar lagdo xa.<br><br><br>[ Nepal different caste, religionand ethnic groups ko Sundar fulbari ho] <br><br>Mah Bahun Mero Socha Bahun, chettri, janjati, dalit aadi Hami sabai daju Bhai ho hamilai uslaieayla ekaarka ko birudha ma lagna chojieayla Tara Hami sabbai milera basnu parxa rw ekaarka Lai Sathi dinu parxa.",Neutral/Observation,Systemic/Political Anger,Collectivist-Nation,Despairing/Sad
5d161a4adfec,दाई डर लाग्छ ।,Neutral/Observation,Systemic/Political Anger,Collectivist-Nation,Despairing/Sad
52e30e918d37,Have a flight to canada after 10 days😔,Pro-Migration,Economic Necessity,Individualist-Self,Despairing/Sad
8e1ef451f722,Consequences! :) We are destined to be doomed.,Neutral/Observation,Economic Necessity,Individualist-Self,Pragmatic
eb7bb2b3bfd3,total population of nepal is 30 million not a 3 million .😂 dont give wrong information 😂😂,Neutral/Observation,Economic Necessity,Individualist-Self,Pragmatic
9cffbab5b960,"Nepali haru bidesh gairaxaina,desh xodiraxa. This was deep",Neutral/Observation,Systemic/Political Anger,Collectivist-Nation,Pragmatic
431586907b6e,+2 pachi visa layena vane ta depression ma gaynxaa😢,Neutral/Observation,Economic Necessity,Individualist-Self,Despairing/Sad
fc887d8b8944,Hapta ma   1 video halne garnu tw kati late haleko,Neutral/Observation,Patriotism/Love,Individualist-Self,Pragmatic
4e0e3da5f185,यो देश कहिलै बन्दैन 😭😭 यो देश लिज मा दिय हुन्छं अब 😭😭😭,Neutral/Observation,Economic Necessity,Individualist-Self,Despairing/Sad
0190dbc237bd,3 crore ko 30 million hunxa <br>3 million hoina 😀,Neutral/Observation,Patriotism/Love,Individualist-Self,Pragmatic
26bb07598888,As a TU student you are right bro  even i want to go abroad because i made mistake  by choosing tribhuvan university instead tribhuvan airports,Trapped/Regretful,Economic Necessity,Individualist-Self,Pragmatic
b7ab734ec18e,"At the moment I live and work here in Nepal, sad part is people trying to provide awareness here are so pitiful and cant provide proper information like population numbers.",Neutral/Observation,Systemic/Political Anger,Individualist-Self,Pragmatic
0482aea9c39c,I&#39;m thankful to have this type of channels in nepal❤,Neutral/Observation,Economic Necessity,Individualist-Self,Pragmatic
c152fd483914,__Bitter truth 😢😢😢,Neutral/Observation,Economic Necessity,Individualist-Self,Despairing/Sad
e8175d57d1c7,Harek friday 8pm ma post hunxa vanne suneko the 🙄🙄🙄🙄,Neutral/Observation,Economic Necessity,Individualist-Self,Pragmatic
ab7bb782cef8,"<a href=""https://www.youtube.com/watch?v=_t2MyMVqddw&amp;t=164"">2:44</a> 😲😲",Neutral/Observation,Economic Necessity,Individualist-Self,Pragmatic
b3c4b1c2ba88,👇like if you are planning to go abroad for study in future,Neutral/Observation,Economic Necessity,Individualist-Self,Pragmatic
b456140383af,mean while nepali politicians still craving for corruption,Neutral/Observation,Systemic/Political Anger,Individualist-Self,Pragmatic
b14025943dc8,"Bro, you’re doing great job by making informative videos. Keep it up.",Neutral/Observation,Economic Necessity,Individualist-Self,Pragmatic
a5f772319663,bachelor padna nepal basyakaa70-85% regret bhaeraakaxan nepal basyara,Trapped/Regretful,Economic Necessity,Individualist-Self,Pragmatic
ab7fd8dfc1e2,NOT 3 million it&#39;s 30 million population,Neutral/Observation,Patriotism/Love,Individualist-Self,Pragmatic
4f6d186916b3,don&#39;t put flash as transition. thats not a good videography if you want to think from viewers perspectives. It really distracts.,Neutral/Observation,Patriotism/Love,Individualist-Self,Pragmatic
8cfb4ab7ce7e,"This really hits close to home. Aile ko bela ta if a student jolle mehenat garera ramro sanga padhna sakxa  has only so few options if he/she wants to secure their future. Kita Kathmandu ayera interest na bhayeni MBBS/engineering/CA jasta course whose scope is slowly drying in the country liyera padha kita Bidesh nai jau. Aru course haru liyeni gambling jasto situation huna aunxa (Ramro job payela kinai, ramro k bhanne job nai payela ki nai bhanera) . At least bidesh ma gayera bhada Majera bhayeni money source hunxa ra ramro garna sake afno future gen ko life ta secure hunxani. These are the thoughts that every student has in their mind.",Neutral/Observation,Economic Necessity,Individualist-Self,Pragmatic
e733ab3305cf,I am in UAE right now doing my internship . Yeta aya pachi desh ko halat dhekhera auna maan lagako chaina. Ayera k garna politics ra economy dekhera hope nai audaina k garna vhanera . Din dinai corruption crime,Neutral/Observation,Systemic/Political Anger,Individualist-Self,Hopeful/Motivated
9ddd899bf0bb,Ma bidesh najane vanera Nepal baseko. Startup pani cha thikai chalirako cha ra morning ma  class padhune  garya chu. Kamai naramro chaina. Tara aba chai yaha pugyo jasto lagna thaleko  cha. Main<br> Reasons chai security needs and government facilities. Uta Jane bittikai yaha ko jasto ta hune haina tara jane decision banaudai chu. Euta arko reason yaha vane jasto sathi chai chainan kohi US kohi Canada testai chan. Malai pull factor le vanda pani push factor le badhi effect gariraa kocha decision lina ko lagi. Ajhai pani government le ramro policy banaye jadina vaniraa chu heram k huncha.,Neutral/Observation,Systemic/Political Anger,Individualist-Self,Pragmatic
a689ff529cea,this is a reality of nepali people 😢😢😢😢,Neutral/Observation,Economic Necessity,Individualist-Self,Despairing/Sad
6710d0cc3eb0,Bitter But It’s Truth Reality Of Our Country 😢,Neutral/Observation,Economic Necessity,Individualist-Self,Despairing/Sad
4b06afef77b3,Are you think TU is going as world going?,Neutral/Observation,Economic Necessity,Individualist-Self,Pragmatic
3e1bb396c82b,"PS: Be careful reading the statistics and visualization out here as the video is disclaimed for educational pupose !!! The figures he puts in - 3 million,  should have been 30 million because1 crore is equal to 10 millions . And something is wrong with the bar chart at the start . It doesn&#39;t make sense. The yellow bar should have been way down . No way irepresents the yellow bar represents 1/6 (56 lakh) of the total sum (presuming the white bar reads 3 crores not 3 million).",Neutral/Observation,Patriotism/Love,Individualist-Self,Pragmatic
a3092ccf8a52,It&#39;s reality ..,Neutral/Observation,Economic Necessity,Individualist-Self,Pragmatic
03c88af3d875,Tapai haru jastai manche politics maa janu paryo.. desh maa basum ki socheko tara maan mardai gacha sabai bujhda...,Neutral/Observation,Systemic/Political Anger,Individualist-Self,Pragmatic
1444cdeeeddc,Planning old age care business,Neutral/Observation,Economic Necessity,Individualist-Self,Pragmatic
12631eb3af70,There is no reason to stay in Nepal except  parents and family.<br><br>￼,Anti-Migration,Family Obligation,Collectivist-Family,Pragmatic
65c06f2e947c,12 pass hune bitikai <br>Sab ielts pte garera Australia Canada new Zealand tarfa.,Pro-Migration,Economic Necessity,Individualist-Self,Pragmatic
26432b414595,my heartbeat is increasing at very faster rate,Neutral/Observation,Economic Necessity,Individualist-Self,Pragmatic
a854ad8b2334,Ma pani bachelor (BBA)  sakera baseko kaam xain<br>Kina basnu Nepal,Pro-Migration,Economic Necessity,Individualist-Self,Angry/Frustrated
c0dccc4d1163,100 kilo gold ko barema kina kunai youtuber le nadekhako????🤔🤔🤔,Neutral/Observation,Economic Necessity,Individualist-Self,Pragmatic
989117eded20,But in trend people are shouting go to your own village? why you came here in cities living agriculture lands and house ?so why because there is nothing provided by the govt?,Neutral/Observation,Systemic/Political Anger,Collectivist-Nation,Pragmatic
0072cdd84955,we want continuously this type of podcast on this channel,Neutral/Observation,Patriotism/Love,Individualist-Self,Pragmatic
fb62a3fdaa29,I felt it when he says hamro sathi ko circle syanosyano hudai gaxa sav baira gayara,Neutral/Observation,Economic Necessity,Collectivist-Nation,Pragmatic
091b71a9f7ed,You are great brother I appreciate you and your team❤❤,Neutral/Observation,Economic Necessity,Individualist-Self,Pragmatic
eb03b6945cb5,Ma kunai party ko jhole nabhako le ma bahira janu badhya chu,Pro-Migration,Systemic/Political Anger,Individualist-Self,Pragmatic
b8258e0bfb16,Your interview taste like bitter sirup but i have my uk flight on  August 22,Pro-Migration,Economic Necessity,Individualist-Self,Pragmatic
a641408bd34d,Bidesh gayena vane you are a failure. Sad reality.,Neutral/Observation,Economic Necessity,Individualist-Self,Despairing/Sad
54e1ce0a20b4,नेपालीहरू विदेश गैरा’को छैन; देश छोडीरा’को छ। This is deep😢,Neutral/Observation,Systemic/Political Anger,Collectivist-Nation,Despairing/Sad
c6d51d67607f,"Last week, we went to The Sushant Pradhan Podcast, and we talked about IN-Depth Story, Politics, Media, Brain Drain, Movies and many more. <br>Link to the podcast;<br><br><a href=""https://www.youtube.com/watch?v=lk9CCsedKdg"">https://youtu.be/lk9CCsedKdg</a>",Neutral/Observation,Systemic/Political Anger,Individualist-Self,Pragmatic
b95cbfb9f175,"I&#39;m studying BBs third year right now . But , Most of my classmates already went to out country after+2 and they almost settle their life there. But , im here in nepal IDK what i have to do ? Our education system is totally frustrating and disappointing for students like me . 😢😡",Neutral/Observation,Systemic/Political Anger,Individualist-Self,Despairing/Sad
66422bc3e067,Watching while premièring,Neutral/Observation,Economic Necessity,Individualist-Self,Pragmatic
fc350fc9db15,full podcast  hari sakya,Neutral/Observation,Patriotism/Love,Individualist-Self,Pragmatic
d83624de4cb6,I&#39;m 20 but felted manxe bidesh gayrako xain k manxe desh xadi rako xa 😓🥺🩹,Neutral/Observation,Systemic/Political Anger,Collectivist-Nation,Despairing/Sad
0a80c112326f,Getting ready,Neutral/Observation,Economic Necessity,Individualist-Self,Pragmatic
e9f0ab315e77,Touched with : देश छाड्ने  धेरै कारण छन तर देशमै बस्ने एक मात्र कारण माया😢,Neutral/Observation,Patriotism/Love,Individualist-Self,Despairing/Sad
0d53f52329a4,"aafono janamabhumi ko kaslai maya hudaina hola hjr <br>engineer, doctor ra loksewa bahek aaru option nei xaina",Neutral/Observation,Family Obligation,Individualist-Self,Pragmatic
20cd2362b3e3,marji le hoina forced le  matra health fit nahunale,Trapped/Regretful,Economic Necessity,Individualist-Self,Pragmatic
4b65393149ca,Desh ko ki boyfriend ko,Neutral/Observation,Patriotism/Love,Individualist-Self,Pragmatic
ad7654b56659,"एउटा पार्टीले १० वर्षमा स्वीजरल्याण्ड बनाउँछु भनेर भाषण गरेको सुनेको थिए सानो हुँदा अहिले ठूलो भएपछि नेपाली लाई संसार को सबै देश जान बाध्य बनाएको देख्दा गर्भ लागेर आउछ । यही हो परिवर्तन भनेको , देश नघुमेको लाई विदेश घुमाउन प्रोत्साहन गर्ने सरकार को जय होस ।",Neutral/Observation,Systemic/Political Anger,Individualist-Self,Pragmatic
aa91f0ab957e,उहिले त बिदेश जानु पाए पो जान्थे खालि भारत भुटान र बर्मा गयो उतै हरायो ।,Neutral/Observation,Economic Necessity,Individualist-Self,Pragmatic
a3ea1f07cb99,a mula j pani maobadi lai dosh lara hunxa?,Neutral/Observation,Systemic/Political Anger,Individualist-Self,Pragmatic
095f0d9b2e65,बारम्बार सासन बेबस्था बदलिएपनि नेपाल को सासन भने ब्राह्मण बादि कै हत मा भएको कारण ले हो देश नबनेको ‌।<br>यो देश को सेना पुलिस सरलारि कर्मचारी हरूमा बाहुन बाहेक अरू जतकोले कैलेपनि प्रमोसण पउँदैन ।<br>काङ्रेस एमाले माओवादि जुनसुकै पार्टी मा हेरेपनि सभापति उप सभापति बहुन बाहेक अरू हुन पाउँदैन ।<br>यो देशको प्रधानमन्त्री राष्ट्रपति सेनापति न्यायाधीश बन्न ब्राह्मण बादि धरमा जन्मनु पर्छ ।,Neutral/Observation,Systemic/Political Anger,Individualist-Self,Pragmatic
1656d0999abd,​@rameshkhadka5681<br>किनकि ब्राह्मण बादि बौ हजुरबुवाको रगत शरिर मा बग्छ । <br>जनयुद्द भन्दा पहिला ब्राम्हण र राना बाहेक अरू दोस्रो दर्जाको नागरिक थिए।,Neutral/Observation,Economic Necessity,Individualist-Self,Pragmatic
8270cebecdbd,Desh xadne hajar karan hola tara basne aauta kura xa Maya😊❤,Anti-Migration,Patriotism/Love,Collectivist-Nation,Hopeful/Motivated
aff0dc523583,Mayalu nai bideshiye paxi k ko lagi basnu yaha!,Pro-Migration,Patriotism/Love,Individualist-Self,Pragmatic
b8385ae9739a,Sabaii nepali ko yeii Maya dheraii hunu pariyo 🥺🥺Tara xainan<br>Hope Nepal will be better someday,Neutral/Observation,Patriotism/Love,Individualist-Self,Hopeful/Motivated
064ddf9ed95d,Visa reject vaye paxi desh ko maya lagiaalxa ni 😂,Trapped/Regretful,Patriotism/Love,Individualist-Self,Pragmatic
8f245c727e3c,एक तर्फी माया ले के गर्नु हजुर भाग्य ले लात हाने पछि अनि समय ले घात गरे पनि kasaiko के ही लाग्दैन रैछ 😢,Neutral/Observation,Patriotism/Love,Individualist-Self,Despairing/Sad
53854b46aa32,Ma ni 29 nahuda samma estai sochera baseko ho,Neutral/Observation,Economic Necessity,Individualist-Self,Pragmatic
20fb5aae0840,Hahaha never Jati janxa Teti manxe ajai nepal manj bandai janxa nepal ma opportunity xaina baira janu parxa kei thulo garna baye Jani competition xa bro jana janxa ajai nepal student ko padai sitixa ani feri student ni janxa so no chance,Anti-Migration,Patriotism/Love,Collectivist-Nation,Pragmatic
303bb1b1f1d7,So it never ended,Neutral/Observation,Economic Necessity,Individualist-Self,Pragmatic
d1db65a9d1d6,"Yo IDS YouTube channel maa, aja samma upload vayeko video madhya best video lagyo malai xa. Malai feri pani ekpatak sochna badhya banayo. ""Nepal maii basau ki bahira jau?"".<br>.<br>Appreciated 🎉",Anti-Migration,Patriotism/Love,Individualist-Self,Pragmatic
5c6c6ff2fcfc,I'm also brother 😢,Neutral/Observation,Systemic/Political Anger,Individualist-Self,Despairing/Sad
9c30c0059b3c,K Halo jotnu basnu Ani paisa Pani hudaina family kasari palxau😂,Neutral/Observation,Economic Necessity,Collectivist-Family,Pragmatic
c92b16ef28ab,Bhai na aau gara deshmai aafnai desh ramro chha yeha paisa chha khusi self respect ani aafno manchhe jo huda timi harna ni tayar chhau koi ni hunna 😌,Anti-Migration,Economic Necessity,Collectivist-Nation,Pragmatic
1f2642d2d0ea,नेपालमै गएर केही गर्छु भन्दा भन्दै UAE 🇦🇪 मा १४ बर्ष भएको म एउटा गतिलो उदाहरण,Neutral/Observation,Economic Necessity,Individualist-Self,Pragmatic
9d6bb6294bc7,Same here,Neutral/Observation,Economic Necessity,Individualist-Self,Pragmatic
7d8c89fe4c14,नेपाल मा केहि छैन । लुटन र ठग्न सक्नुहुन्छ भनेमात्र एता आउनु ठिक हो ।,Neutral/Observation,Systemic/Political Anger,Individualist-Self,Pragmatic
819e18d6e261,khatrrai paisa pathaunu bhayo hola nepal ma tesobhaye?,Neutral/Observation,Economic Necessity,Individualist-Self,Pragmatic
3c29fda2ddf7,In the era of leaving the nation we are here to rebuild it<br><br>We are not alone let's believe in it and  work for it ✊,Anti-Migration,Economic Necessity,Collectivist-Nation,Hopeful/Motivated
631ef16eaf5b,@roshanmahato6079 comment chai bahira desh basera ho 😂,Pro-Migration,Patriotism/Love,Collectivist-Nation,Pragmatic
31f62bb5a616,@Elitemotivation-o2w  aaile samma Testo din aako xaina,Neutral/Observation,Economic Necessity,Individualist-Self,Hopeful/Motivated
6f084bb6ec3f,Bhai u Will also come foreign don't worry,Pro-Migration,Economic Necessity,Individualist-Self,Despairing/Sad
3e0a82fc58a3,"Vanna sajilo xa bro , desh chalai nai veda garu le xan, nepal ko top university tu ko halat testo xa opportunities kei xaina desh ma, unemployment matra , yessari hunxa hola desh developed 300 barsa samma",Neutral/Observation,Economic Necessity,Individualist-Self,Pragmatic
ca23f52343d7,अब नेपालमा परिवर्तन को खाँचो छ<br>हामीलाई यी पुराना नेता मन्त्री हैन देश को लागि केही गर्ने एउटा leader चायको छ,Neutral/Observation,Systemic/Political Anger,Individualist-Self,Pragmatic
173077d5e67c,पहिला त हामी जनता को चेतना स्तर बृद्धि गर्न आवश्यक छ।।,Neutral/Observation,Systemic/Political Anger,Individualist-Self,Pragmatic
3d69f71f3aa4,Jun sarkar le Nepal ma change layaune try garne ho tyo sarkar fix dhalne ho kinaki nepali haru    actual ma change chahadainan. Jo change laune try garxa tesko birudha nepali Janta andolan garxan,Anti-Migration,Systemic/Political Anger,Individualist-Self,Hopeful/Motivated
5912845581fd,Nepali sab veda haru hun pache aaba chunab ma taha huncha nepali lai k chaicha vaanara,Neutral/Observation,Systemic/Political Anger,Individualist-Self,Pragmatic
cc8210b10753,I’m in canada I feel like I am a modern slave <br>We are here by design,Trapped/Regretful,Economic Necessity,Individualist-Self,Pragmatic
d7e13d8b9a7d,exactly i feel the same from sydney,Neutral/Observation,Economic Necessity,Individualist-Self,Pragmatic
aab5ab6f84e4,Kehi vision bokney kehi learn garney materialistic kura ko paxi na lagney show off nagarney hardwork garera paisa save garney family ko problem solve garney kei paisa ra ramro plan bokera nepal aune nepal mah 0 bata start garna dharai garo australia gayeko manxey ley testo sochnu hudaina you are lucky that you got the opportunity to be there enjoy your time learn something invest in yourself then return with some future plans then happily live in nepal,Anti-Migration,Economic Necessity,Collectivist-Family,Pragmatic
e1f358263423,Sad to know 😢,Neutral/Observation,Economic Necessity,Individualist-Self,Despairing/Sad
e3f93294662d,म आफै बिदेश छु तर यसरी देश बाट बाहिर जानेको संख्या सुन्दा सारै मन दुख छ।😢,Neutral/Observation,Economic Necessity,Individualist-Self,Despairing/Sad
f21d5650da03,विदेशमा काम गर्दागर्दै कति छिटो १६ बर्ष पनि गएछ! हेर्दाहेर्दै उमेरले ४० पुग्न लाग्याछु। जिन्दगी तोर्र्ल्याङ्ग !,Neutral/Observation,Economic Necessity,Individualist-Self,Pragmatic
01d885f83412,So true!!,Neutral/Observation,Economic Necessity,Individualist-Self,Pragmatic
67ceb3120c3d,Foreign is better,Pro-Migration,Economic Necessity,Individualist-Self,Pragmatic
d5557920c6e5,@vermabhaijaan5607why indians are here💀,Neutral/Observation,Systemic/Political Anger,Individualist-Self,Pragmatic
18ccc7900c44,@vermabhaijaan5607 pyaro dhoti afno desh hera hamro haina,Neutral/Observation,Patriotism/Love,Collectivist-Nation,Pragmatic
d0d4d643829b,Kasaile aasha dekhauxa Matlab ?,Neutral/Observation,Economic Necessity,Individualist-Self,Pragmatic
8abb125077b5,@sanjushahi9890 din rat bigreko maatra news matra sunnu parxa positive news le kei hope jagauxa bidesh baseko 7 barsa bhayo nepal ma jhole nabane samma kei garna sakinna yo video herda kei positive paye tei ho,Anti-Migration,Patriotism/Love,Collectivist-Nation,Hopeful/Motivated
136b17f38c93,"समस्या सङ्ग भाग्ने हैन , डटेर लड्ने हाे । जय नेपाल 🇳🇵🎯<br> भबिस्य देशमै छ , एशियामा नै छ",Neutral/Observation,Systemic/Political Anger,Collectivist-Nation,Pragmatic
921dbde8e552,Kera cha vawaisa des ma,Neutral/Observation,Economic Necessity,Individualist-Self,Pragmatic
5ab2c645c519,"😂😂 this patroitism wont last my mate, wait till you see the real side of it. You'll get your reality check in mid 30's",Neutral/Observation,Systemic/Political Anger,Individualist-Self,Pragmatic
69fa64405611,"Politicians Haru lai hereko cha , Tini Haru le Garda desh kasto banayeko cha.",Neutral/Observation,Patriotism/Love,Collectivist-Nation,Pragmatic
5516b5536872,Napis 😂😂😂 विदेश बाट cmnt हान्दै basxhas 😂,Neutral/Observation,Systemic/Political Anger,Individualist-Self,Pragmatic
5f8dadb93880,अब पालो क्रान्ती को हो नेपालमै बसुम येहि केहि गर्न सकिन्छ युवाहरु🔥 Jay Desh Jay Nepal🇳🇵,Anti-Migration,Patriotism/Love,Collectivist-Nation,Hopeful/Motivated
cd459a94e064,प्रचण्ड शेरे केपी जस्ता राडाबानहरु हुदा सम्म केही हुने वाला छैन,Neutral/Observation,Systemic/Political Anger,Individualist-Self,Pragmatic
0425f7d93c3b,Maeley Diploma in civil engineering Garey .<br>Maeley Afno field  job garna khojey kae job payena . <br>Aeley ma language seke Ra xu .,Neutral/Observation,Economic Necessity,Individualist-Self,Pragmatic
b87166b81dda,Sakne le bidesh jane ho,Pro-Migration,Patriotism/Love,Individualist-Self,Pragmatic
d2350dad4469,Bro timle man jiteu yaar ❤❤,Neutral/Observation,Economic Necessity,Individualist-Self,Pragmatic
d3b70255cbe9,don't worry bro take it easy ❤,Neutral/Observation,Economic Necessity,Individualist-Self,Despairing/Sad
214331b6bc3c,"I am from a middle-class family. my father earns 25k to 30k per month, and my mom is a housewife. For my better future, my dad is sending me to college, whose monthly fee is 10k per month. My 12th grade is going to finish in 1.5 months. What should I do now? Stay in this country for the next 4 years? What after 4 years? If I were successful in the field I am in, I would earn a maximum of 50k to 2 lakh per month, which has very little chance. Is that sufficient? Okay, my dream is to get a car and buy a house. A house costs around 2.5 cr to 3 cr, which may take around 20 to 25 years for me to buy the house I want, and a car costs 20 to 30 lakhs, which may take 2 to 3 years for me. To complete my dream, it may take 25+ years. I am 18 years old, and at that age, I may be 40 to 45+ years. Will I be happy? Will my parents still be there to see the success they have been waiting for? I am scared of my life in this country.<br>My neighbor's son went to Dubai to work as a staff for 13 years and now has been promoted to manager and earns more than 10 lakhs. He built a beautiful home and owns a car. His parents have gold necklaces, bracelets, and rings. He is 31 years old, I guess, and has a good life. <br>Seeing all this, will I still like to live in this country? Of course not! Yes, I love my country, but can't forget the sacrifices my parents have done for me so far.",Anti-Migration,Family Obligation,Collectivist-Family,Hopeful/Motivated
618a209a26dd,You are right bro...emotional kura garera zindagi chaldaina...voli parents birami huda old agema medical treatment garauda ni hospital bills tirna ko lagi paisa chahinxa philosophical kurale zindagi chaldaina sadhai,Neutral/Observation,Family Obligation,Collectivist-Family,Despairing/Sad
8e59cdd4391c,Recent situations of country try to say that you should leave the country.....,Neutral/Observation,Systemic/Political Anger,Collectivist-Nation,Hopeful/Motivated
94d9527fae0a,Maile ni 18 barsa dekhi kaam garey Nepal ma 8 barsa ani bidesh aaye vai...k garnu 8 barsa ma nakamako paisa 1 barsa nahudae kamainxa...,Anti-Migration,Economic Necessity,Collectivist-Nation,Pragmatic
ff1a3f93ed19,Go to India<br>Lots of opportunities,Neutral/Observation,Economic Necessity,Individualist-Self,Pragmatic
a03cb9594f21,It's completely your choice brother and we respect that. Tara Nepal Mai tyo 10 lakhs vanda badi kamaune ra tyo Vanda ramro lifestyle vayeko manxe haruko example Pani xa. Beauty lies in the eye of the beholder. Timle opportunity dekhdainau vandaima Yaha opportunity navayeko chai pakkai haina. All the best for your future.🎉,Anti-Migration,Economic Necessity,Individualist-Self,Pragmatic
331a3e4a7b4c,"Inspiring video to them who are here, we will do here no matter what",Neutral/Observation,Economic Necessity,Collectivist-Family,Hopeful/Motivated
75ddf965d1cf,26:45...<br>Simple life....<br>सामाजिक सम्मान....<br>खानलाई पुगोस्<br>लाउनलाई पुगोस्<br>समस्या पर्दा समाधान गर्न सकुँ ।....<br>बस यति चाहन्छु।,Neutral/Observation,Economic Necessity,Individualist-Self,Pragmatic
437bcc3eaadf,Ani buwa aama le rin liyera padhayeko ko rin kasari tirxn t  sab ko family ek jasto hudaina,Neutral/Observation,Family Obligation,Collectivist-Family,Pragmatic
40589c02d33c,Yo ta sabai ko chahana nai hunchha tara baddo umer ra baddo jimmebari le afno lagi bhanda ni aru ko lagi bachne garaidinchha sir,Neutral/Observation,Economic Necessity,Individualist-Self,Pragmatic
5cc51ac794e6,"Google a term ""Hierarchy of needs""",Neutral/Observation,Economic Necessity,Individualist-Self,Pragmatic
55cee14cfaee,"24:34 <br><br>""""""बाबु, अब तिम्रो साथी त हामीलाई<br>एक्लै छाडेर जाने भयो। यो गएसी हाम्रो छोरा भन्नु नै तिमी नै हौ, यसो कहिले के उ नाहुँदा पनि आउँदै गर्नु है। """"""<br>This line hits ❤",Neutral/Observation,Economic Necessity,Collectivist-Family,Pragmatic
094e47d24ef1,"Currently, I am government job holder whereas most of my friends are in US, Australia and other European countries. They are earning a lot of money in comparison to me. Truely speaking, I havent take any money from our service taker. But the vision of our people towards government job holder is really negative which constantly motive me to resign from the job 😢<br>This video is encouraging me to stay here and serve nation and seek future , no matter what!!! Thank you so much !!",Anti-Migration,Economic Necessity,Collectivist-Nation,Despairing/Sad
74433de368b9,same here sir👏,Neutral/Observation,Economic Necessity,Individualist-Self,Pragmatic
868ef58d2510,Same here sir! Australia apply garau ki bhanne soch thiyo!🥲,Pro-Migration,Economic Necessity,Individualist-Self,Despairing/Sad
6411fbcc4d1f,"As someone who stayed abroad for almost a decade and currently in Nepal, my view points on why Youths are leaving (and will continue to leave):<br>1) Pressure from family and society. Aruko chora chori le esto garyo testo kinyo etc. People here feel discouraged.<br>2) To much talk only about politics jata gaye pani. Blaming Netas for everything while not realizing how corrupt we have become. Corruption in rampant in this country. <br>3) Blame game, j ni arulai dos layo. <br>4) Country cant just survive on IT sector ko ali ali jobs, we need to create niche exports for long-term to create jobs outside IT.  <br>5) People need to stop being individualistic and work for greater good. <br><br>6) Solid Development roadmaps.<br><br>I am still bullish on Nepal and will continue to work here till its possible to sustain livelihood.",Anti-Migration,Systemic/Political Anger,Collectivist-Nation,Angry/Frustrated
f16812199476,1 no chahi ekdam malai ni relatable bhayo hau nepal mai basera khi garchu government job nai garchu bhanda pani kahilay selection huncha tyati kamai ley k huncha bhanera dimag kharab gardinu huncha relative family neighbor ley😢,Anti-Migration,Economic Necessity,Collectivist-Family,Despairing/Sad
819b3deb8b6e,Bahera bata paisa kamayara aaune ane nepal aayara thulo kura garne,Neutral/Observation,Patriotism/Love,Individualist-Self,Pragmatic
7171a90dd3ba,​@chandratamang2487 gharbata bidesh gainas vanera lyang lyang garxan yaar.,Pro-Migration,Family Obligation,Collectivist-Nation,Pragmatic
83bb7a95eb8e,1 no. Line relates to me 😢also,Neutral/Observation,Systemic/Political Anger,Individualist-Self,Despairing/Sad
4d1480da1770,"After finishing my MBA, I find myself in Kathmandu, preparing for the IELTS to pursue my dreams of following in my uncle's footsteps to the USA. However, my deep love for my country keeps pulling me back, making it difficult to leave. I'm torn between my aspirations and my affection for home, unsure how long I can resist the urge to stay.😭😭",Anti-Migration,Economic Necessity,Collectivist-Nation,Despairing/Sad
ab9300de86d1,"Same here, just graduated in civil engineering, and looking for assistantship of USA. Moreover, I couldn't get something worthy on freelancing for us.😭",Pro-Migration,Economic Necessity,Individualist-Self,Despairing/Sad
d1e5cd2011d9,Bro I am also an MBA graduate but there's lack of good opportunities for us here.,Neutral/Observation,Economic Necessity,Individualist-Self,Pragmatic
e1927e78ddb8,Same here bro<br>.. Freelancing,Neutral/Observation,Economic Necessity,Individualist-Self,Pragmatic
b5ac52506377,"i am crying right now ,<br>mero sathiharu and relatives almost sabai bidesh gayeka xan ,malai pani bidesh jau bhanera dherai choti bhaniyo but i am stydying Bsc CSIT in nepal right now and i want a better nepal by investing myself in my own country ,<br><br>dhanyabadd dai yo video le yedi yeuta matra 12th pass gareko student lai nepal mai basna prerit garxa bhane pani Nepal lai faida hune xa",Anti-Migration,Patriotism/Love,Collectivist-Nation,Despairing/Sad
b7d6736b998e,Only channel who deserves millions of views and subscribers ❤<br>म अहिले civil engineering दोस्रो वर्ष अध्यन गर्दै छु। मेरो पहिले बाट नै आफ्नो देश मा केहि गर्छु भन्न्यो धारणा थ्यो र हुने पनि छ।यो विडियो हेर्दा झन् म भित्र बाटै यही केही गर्नेछु भन्ने भावना पलायो।,Neutral/Observation,Economic Necessity,Collectivist-Family,Pragmatic
22b98df7e722,15k salary 😂😂,Neutral/Observation,Economic Necessity,Individualist-Self,Pragmatic
0b7cf347eedc,Thag thaag nagari ta kamai huna garo hola. Hope and good luck bro,Neutral/Observation,Economic Necessity,Individualist-Self,Hopeful/Motivated
e56aefe3de39,M t sure bhae dai yo video hrda hrdai sure aba + 2 paxi yehi basxu <br>I will try j soche xu tq u for the vdo <br>Hope my cmt to motivate u to make content guyz wish me a luck for upcoming days 💪🏾💪🏾,Anti-Migration,Economic Necessity,Individualist-Self,Hopeful/Motivated
77cc165156db,"well for me, its been already 10 years living with my wife in australia and finally we reach in conclusion of returning back to our motherland as we are already prepared before and make a initial mindset to return back in nepal anyhow....<br>It doesnt matter what other says but rather follow your guts that doesnt make you regret<br>its us making our life challenging for 3 basic thing: food, shelter and clothing<br>yo short life ko lagi yeti saharai struggle kina jaba ki after 2nd generation pa6i tmi ko ho and tmro identity nai yo sansar ma pani thiyeu bhane tmro nati natini le pani birsisakeko hun6a so i would say enjoy your life<br>Be serious but dont make life too complicated<br>Because gora haru ko hamro jati love attachment hudaina and last ma kamayera basna jane old orphanage (age care) plus mortgage debt trap ma fasne ta ho jindagi bhari nai<br>Note<br>aba marera lanu nai k 6a ra jindagi ma<br>ek6in dukha garnu target plan banaunu 10 yrs 15 yrs tespa6i afu pani 35 40 plus hun6a baki 15 yrs old age tesai katihal6a<br>Plus you will interact with your neighbourhood, your relatives and your loved ones in your own country<br>At least you are fulfiling your respects towards your own country <br>And another thing, you dont have to be soldier to protect country so returning back and serving as retire would be also count as u are doing your responsibility and serving your country<br>Thats my opinion<br>And everyone has their own perception <br>Thank u and sorry if u dont accept my views",Trapped/Regretful,Family Obligation,Collectivist-Nation,Despairing/Sad
e015569b533f,well said brother.. even my brother has same thought like you who is currently at Australia,Pro-Migration,Economic Necessity,Individualist-Self,Pragmatic
7c58b4394657,Dai tapai po aus bata paisa kamayara kai business garne soch hola hame jasto nepal mai baserako hora,Anti-Migration,Economic Necessity,Individualist-Self,Pragmatic
606952c01af4,Thanks for this video. It's very difficult time here in Nepal but there is the light at the end of the tunnel ..  Ma pni aashabadi xu❤❤ 🇳🇵🇳🇵🇳🇵🇳🇵 Jay Nepal,Neutral/Observation,Patriotism/Love,Collectivist-Nation,Hopeful/Motivated
b210d0df1c19,Fact & statistics based content with no beraucratic & self serving opinion.<br>This is indeed the Best content I have ever watched in my lifetime.<br>I understand how much you & your team toiled to make this content.<br>Huge respect to the IDS team  ❤,Neutral/Observation,Economic Necessity,Individualist-Self,Pragmatic
c005f57fdc91,"indepth story, Nepali comment , Project kura , misguided Nepal le Nepali youth haru lai sahi guide ra motivate gariraheko ma dhanyabad",Neutral/Observation,Systemic/Political Anger,Individualist-Self,Pragmatic
86a8bce72bcc,This should be watched by every individual❤ ... Jay Nepal❤,Neutral/Observation,Patriotism/Love,Collectivist-Nation,Hopeful/Motivated
afdac126a16a,We are,Neutral/Observation,Economic Necessity,Individualist-Self,Pragmatic
73dbf3ec10d8,most confusing and worst choice 😢 ❤️ Thank you for making video on most awaited and relatable topic -your regular viewer and subscriber Pratik Neupane vlogs..,Neutral/Observation,Economic Necessity,Individualist-Self,Despairing/Sad
b30e376b2d55,"देशमा त कसरी बस्ने , दिनभरी काम गरेर  दुई छाक टार्न नै गारो छ! Truth kelaunu vayeko man paro.<br>Support me Guys❤.",Neutral/Observation,Economic Necessity,Individualist-Self,Pragmatic
492c1c746371,After watching this video many youth including me will be back to Nepal and fight for our existence no matter how hard it will be. Thank you IDS for this wonderful content.,Neutral/Observation,Patriotism/Love,Individualist-Self,Pragmatic
b75b6e4d2508,म 18 बर्ष  को भए देशमै केही गर्छु भन्ने पनि केही छैन र बिदेशमा गएर केही गर्छु भन्ने हो भने बिदेशमै मान्छे दिनहुँ दिन मरिरहेका छन् आखिर हामी नेपाली जाने का होत 😢😩,Neutral/Observation,Economic Necessity,Individualist-Self,Despairing/Sad
ed6f2effc743,पुरै स्पिचलेस भएँ। यत्तिको भिडियो ऐले सम्म नेपाली कृयटरले बनाएको देखेको थिन्। धन्यबाद IDS 🙏❤,Neutral/Observation,Economic Necessity,Individualist-Self,Pragmatic
d0c1dfaf1107,Yama Buddha Once Said<br>एक दिनमा बन्दैन देश<br>म सधैँ सङ्घर्ष गर्छु<br>Jay Nepal<br>Jay Gurkha❤,Neutral/Observation,Family Obligation,Collectivist-Nation,Hopeful/Motivated
1f787433fe9b,अब बिदेश भाग छिठो😁,Neutral/Observation,Systemic/Political Anger,Individualist-Self,Pragmatic
44f9e27ba879,Mero jastai story raixhaa.. maa public health professional ho Tara ahile job xoderaa kapda ko business gardai chu new road maa.. I love my passion  being businessman ....❤,Neutral/Observation,Economic Necessity,Individualist-Self,Pragmatic
d4e91a05925c,"What a content. One of the best content creater. Literally,I almost cried.",Neutral/Observation,Economic Necessity,Individualist-Self,Pragmatic
c532fb9e6062,Overall video nikai ramro lagyo😊<br>Remote job ko concept ahile dherai nai chali rako xa maile yesko growth 2014 dekhi nai dekheko hu. Govt le yesma support garne ho ra enough skilled manpower hune ho bhane Nepal ma outsource company ko thulo future xa🙏🏻🙏🏻,Anti-Migration,Economic Necessity,Individualist-Self,Hopeful/Motivated
40de0bf2b92b,Right..i also work remotely and  I'm making good income 😊,Neutral/Observation,Economic Necessity,Individualist-Self,Hopeful/Motivated
5f5670e639a1,"Maan ko kura vandinu vayo, thank you so much bhai ❤",Neutral/Observation,Economic Necessity,Individualist-Self,Pragmatic
e32fef80c75e,No there are still many people like me who are choosing to stay in Nepal. Sab Jana bidesh Jane Soch vako xainan.,Anti-Migration,Patriotism/Love,Collectivist-Nation,Pragmatic
fbd95eccc80b,My family can afford and wants me to go abroad...my sister is already in abroad but I don't want to go.,Pro-Migration,Family Obligation,Collectivist-Family,Pragmatic
36f69b7a1d98,Cloudfactory Nepal is one of the choice for Part time job in Nepal.,Neutral/Observation,Economic Necessity,Individualist-Self,Pragmatic
22c942ac890f,"म पनि आशावादी छु।।<br>सके सम्म नेपाल मै।।<br>बिदेश गैएला तर कुनै पनि हालतमा देश त्याग्ने छैन।।<br>मेरो पुस्ताले भोगेको असुविधा मेरा पछिको पुस्ताले भोग्न नपरोस त्यस्का निम्ति आफुले सकेका हर प्रयास गर्ने छु।।<br>धनी गरिब हुन सक्छ तर गरिब कहिले गरिब हुदैन उ सङ्ग विकल्प मात्र धरी बन्ने हुन्छ।।<br><br>सुदिप भाइ सुवेदी लगायत टिम लाई मनै देखि धन्यवाद सोच अनुरुप कुरा मिले आउने भविष्यमा तपाईंहरु लगायत सजककर्ता हरुलाइ भौतिक र अभौतिक सम्मान पक्कै पनि गर्ने छ पुस्ताले।।<br>अन्ततःसमाजमा रहेका मिथिया बेथिती,गलत संप्रेषणको चिरफार गर्दै समाधान वा विकल्प सहित थप जानकारी फैलाउदै जान हार्दिक अनुरोध गर्दछु।।<br>#स्वर्गकोपहिचाननेपाल<br>#मेरोकेहियोगदानराष्टनिर्माणमा",Anti-Migration,Economic Necessity,Individualist-Self,Hopeful/Motivated
b7d9b29fb4b3,One of the best video on this morning thank you mero Bhai ....!!!,Neutral/Observation,Economic Necessity,Individualist-Self,Pragmatic
dd96b3c82c53,Throughout the video I felt a ray of hope and my man the way you portrayed the story I just want to clap one time for this content writing I didn't feel for a sec to skip the video I was totally engaged to it <br>Love your work wishing the best for you❤,Neutral/Observation,Economic Necessity,Individualist-Self,Hopeful/Motivated
9aba3a62f783,Thank you so much for this inspiring video. Keep growing !!,Neutral/Observation,Economic Necessity,Collectivist-Family,Hopeful/Motivated
b52b0d1f8d04,"Really insightful video brother. I was waiting for someone to share how massive opportunities are there in FREELANCING since I have been doing and teaching it for almost 7 years now.<br><br>The main problem is the lack of payment receiving methods in Nepal. We live in an era where everything is digital around us but we as a country has been pushed away to access the huge potential of digitalization.<br><br>A huge number of freelancers are arising in Nepal these days and more will be in future. If more laws are made in the favor for Freelancers then yes more people will prefer to stay in Nepal rather than going abroad leaving their friends, family and country.<br><br>More power to you guys.<br><br>Cheers!",Anti-Migration,Family Obligation,Collectivist-Nation,Hopeful/Motivated
833ec1dc11fd,म नेपाल मै केही गर्छु भनेर १ वर्ष सम्म नेपाल मा start-up सुरु गर्छ भनेर बस्यको मान्छे अहिले ielts को तयारीमा छु। विदेश मा केही सिकेर फेरि नेपाल आउने छु यो देश को माया को कारणले ।<br>देश छोड्नु हजार कारण होलान् तर देश मै बस्ने १ ओटै कारण माया ❤,Neutral/Observation,Economic Necessity,Individualist-Self,Pragmatic
0b0994cafd0b,At this time you are the real hero. Thank you for spreading some light on such big problem. <br><br>❤,Neutral/Observation,Economic Necessity,Individualist-Self,Pragmatic
f5ed22ce6060,One of the most powerful content creator of Nepal. You spoke my each and every thought. Thank you brother for such kind of content. Appreciated your work.,Neutral/Observation,Patriotism/Love,Individualist-Self,Pragmatic
cd83a066a18d,Thanks for the content filled with so much positivity and facts. Great Content as always. KUDOS  to IDS team... keep growing. Thank you❤,Neutral/Observation,Economic Necessity,Individualist-Self,Hopeful/Motivated
f7a5341a2756,Everything happens happens for good.<br>Nice video and one of your regular viewer😊 keep it up....,Neutral/Observation,Economic Necessity,Individualist-Self,Hopeful/Motivated
e083de49c0f2,"युट्युब साथीहरू आउनुहोस्, एक अर्कालाई समर्थन गरौं. 🎉❤❤❤",Neutral/Observation,Economic Necessity,Individualist-Self,Pragmatic
fbadeceddf52,I'm hopeful that this video will change peoples' perspective. ✨,Neutral/Observation,Economic Necessity,Individualist-Self,Hopeful/Motivated
55521a64e035,Respecting your hard work 💯❤,Neutral/Observation,Economic Necessity,Individualist-Self,Pragmatic
ddd720205c89,This 23 years old guy is doing very well with proper research on the fact and I'm 22 years old guy watching from UAE 🇦🇪,Neutral/Observation,Economic Necessity,Individualist-Self,Pragmatic
49a1a059e13f,Basic salary nai 13k hunxa ani teslai 30k bhanau nu 30 yrs laghxa .ani ko basxata Nepal .bidesh nai better xa  boru .,Pro-Migration,Patriotism/Love,Collectivist-Nation,Pragmatic
8b6fb914465f,Teita not fair with low salary,Neutral/Observation,Economic Necessity,Individualist-Self,Pragmatic
b2b8acf47632,don't wait.. audaina....  try yourself.,Neutral/Observation,Economic Necessity,Individualist-Self,Pragmatic
e5e3ac82db94,Tyo wait garda gardai 10 barsa lagxa ani 10 barsa chai k garne aba?....maile desh xodnu parxa vaneko hoina mero afai conflict vairakhxa gharma abroad nagayera because my parents desperately want to send me to abroad but ma gako xaina. Tara jasko video herera ni jasko kura ni sunera emotional huney bani ramro hoina jun 95% nepalese haruko xa...afai socham afai logic lagam yo video wala le just afno optimistic side dekhako ho usko hope ko kura ho...voli arko manxe le dami facts sahit bidesh jana kina jaruri xa vanera video banaidela ani k garnu hunxa?,Pro-Migration,Family Obligation,Collectivist-Nation,Hopeful/Motivated
d3c66884e2a3,@rakshyapokharel516 afnu afnu perspective ho . Badhyata ra rahar(freedom) le ni matter garcha .. cheers to life,Trapped/Regretful,Economic Necessity,Individualist-Self,Pragmatic
4fe5602298f1,Great video. Reality of Nepal. Aasha xa Hamro desh Ramro hunxa ❤,Neutral/Observation,Patriotism/Love,Collectivist-Nation,Hopeful/Motivated
fb9ce60848f4,Sanchai aaja tapaiko man ko kura bhannubhayo dai. Kassam manai chhoyo!,Neutral/Observation,Economic Necessity,Individualist-Self,Pragmatic
e2d65d76ab83,you make us emotional and responsible indeed. indepth story thank you for showing positive hope.,Neutral/Observation,Economic Necessity,Individualist-Self,Hopeful/Motivated
53b3af81a3a0,Wow! What a beautiful video. Aankha rasayo. Sochey jasto deshma bhaye bidisthina hola🥹,Neutral/Observation,Patriotism/Love,Collectivist-Nation,Pragmatic
20ba133951eb,Currently I am watching your video from Australia. I have never missed your videos. Thank you for such a beautiful video. 🙏🙏,Pro-Migration,Economic Necessity,Individualist-Self,Pragmatic
cd7276f78935,Touch my heart ❤ keep up brother ❤❤❤ we need more content like this ☺️,Neutral/Observation,Economic Necessity,Individualist-Self,Pragmatic
fed0c18cb426,"Ahti ramro 🙏 kasto sakaratmak,sattya kura uthaunu vayo 🙏dhandewad",Neutral/Observation,Economic Necessity,Individualist-Self,Pragmatic
be3c625a0640,"This is among the most asked question at present context. Idk how much people will take this, but this has to pass through every youngster ears at least once.",Neutral/Observation,Economic Necessity,Individualist-Self,Pragmatic
8732e8165ba4,100 %true,Neutral/Observation,Economic Necessity,Individualist-Self,Pragmatic
1abb970e49a0,Good one bhai. This is quite emotional for someone like me watching from abroad. I am the one who is as positive as you. Nepal will rise from the darkness.,Pro-Migration,Patriotism/Love,Individualist-Self,Pragmatic
5d571b3fadcc,"Mero sathiko husband Ktm ma IT company ma monthly 1,80,000 kamauxa tei ni he chose to go Australia 🇦🇺 leaving Nepal 🇳🇵",Pro-Migration,Family Obligation,Individualist-Self,Pragmatic
e8625ef6d847,Malai neh basam basam lagna thalyo. K garnu visa aaisakyo 😂,Pro-Migration,Economic Necessity,Individualist-Self,Pragmatic
5b676ac5b719,😂 jau jau kaam xaina😂,Neutral/Observation,Economic Necessity,Individualist-Self,Pragmatic
618527eb2282,Oh my god! Hands down best video till date❤,Neutral/Observation,Economic Necessity,Individualist-Self,Pragmatic
2f008b8685b7,Yo video ahile samma kai uttam video ho IDS ko. This topic was highly needed thank you ❤,Neutral/Observation,Economic Necessity,Individualist-Self,Pragmatic
4a31c86122ca,Hami ja sukai gaye pani afnu desh lai bhulna chai hunna. Jati nai samaye lagos afnu desh chai farkinu nai parxa jasto lagxa.,Pro-Migration,Patriotism/Love,Collectivist-Nation,Pragmatic
0ef763986653,Bichara मेरो देश 🥺,Neutral/Observation,Economic Necessity,Individualist-Self,Pragmatic
34e48f4ad95e,Wow! This has to be your best work till date my friend ! You have now really set the bar high in Nepali YouTube space. Awesome research and a super analysis on such a hot topic ! Great job 👏,Neutral/Observation,Patriotism/Love,Individualist-Self,Pragmatic
2c31e7619229,i think every problem have solution be patience and work hard,Neutral/Observation,Economic Necessity,Individualist-Self,Hopeful/Motivated
ab68b9b20b69,50% goes due to family problem<br>50% goes for show off,Neutral/Observation,Family Obligation,Collectivist-Family,Pragmatic
bd8bddf98da3,Nepalai narahe songs is suitable in this situation,Neutral/Observation,Patriotism/Love,Individualist-Self,Pragmatic
9b575105c9f6,Live your life as you wish. You don't owe this country anything nor does this country owe you anything. It's up to you where you want to create a meaningful life.,Neutral/Observation,Economic Necessity,Individualist-Self,Pragmatic
12f025b3529b,#सुदिपभाइसुवेदी<br>धेरै वटा प्रतिकृया हरु पढे अधिकाङ्सको सोचनै दरिद्रता पुर्ण छ।।<br><br>उम केही केही विदेशमा पुगेर यो गरे त्यो गरे नेपाल मा केही छैन भन्दै निरासावादित्त्व पनि ओकली रहेका रहेछ्न जाने बितिकै बिदेशी दलाल भै सकेका नेपालका निम्ति कलङ्क हरु।।<br><br><br>४०% आसावादी र जिम्मेवारपुर्ण पनि रहेछ्न।।नेपाली हरु नेपाल का निम्ती।।,Neutral/Observation,Economic Necessity,Individualist-Self,Pragmatic
5eaf35dad999,I like  that conclusion part of this video giving hope to the people who chose to stay in Nepal . ♥️,Anti-Migration,Patriotism/Love,Individualist-Self,Hopeful/Motivated
f1a243ea123d,"Literally amazing ,thykkai match khayo mero mentality sanga ,hope it goes well ....part time jobs ko kura chai ekdam  lagu hunu prxa Nepal ma , as a result bideshine dar dherai ghatxa 😢",Anti-Migration,Economic Necessity,Collectivist-Nation,Hopeful/Motivated
55a1a0ae1afc,"Awesome content, i have been working in the IT industry since 12 years and have started creating awareness on Remote work, IT jobs and career path since few years.",Neutral/Observation,Economic Necessity,Individualist-Self,Pragmatic
ebb6ecff27d8,"Very sad. Come back home, all my friends.",Neutral/Observation,Economic Necessity,Individualist-Self,Despairing/Sad
cc7e48db52cb,हजुर को खोज मेहनत अनि नेपाली समाजमा दिराख्नु भएको चेतना को लागि हजुर लाई धन्यवाद तपाईं हाम्रो लागि लोकप्रिय हुनुहुन्छ हजुर को हरेक भिडियो एकदम प्राभावकारी हुन्छ🇳🇵 🙏,Neutral/Observation,Economic Necessity,Individualist-Self,Hopeful/Motivated
3582397f5809,Heart Touching Video... Thank you IDS...<br>I finally Found my Answer❤,Neutral/Observation,Economic Necessity,Individualist-Self,Pragmatic
a0d2cfe07af0,"देशको माया लागेर के गर्नु गरिबि,भोको पेट र रित्तो गोजिले  सताए पछि 😢😢😢म१९ वर्ष मा विदेशिएको हु",Neutral/Observation,Economic Necessity,Individualist-Self,Despairing/Sad
c5513603872f,"तपाईं अाफ्नाे स्थान बाट सुरु गर्नुहाेस्, म अाफ्नाे स्थानबाट गर्छु । उठाै र जागाै अनि बनाअाै नेपाल देशलाई ❤ 🇳🇵",Neutral/Observation,Economic Necessity,Individualist-Self,Pragmatic
2b4f07c27790,समसामयिक विषयको धेरै जानकारीमूलक र विश्लेषणात्मक भिडियो।अति राम्रो लाग्यो। देशलाई  नेपाली भएर जन्मनुमा गरिरहन मिल्ने बनाउने जिम्मेवारी हामी नेपाली युवामै भएको बोध गरिएको छ।🇳🇵,Neutral/Observation,Economic Necessity,Individualist-Self,Pragmatic
a84cc53f50f9,आज देशमा कोहि बस्न चाहदैनन्  । किन कि  देशमा न राम्रो रोजगार छ  । न रोजगार अनुसार गुजारा गर्न सकिन्छ । त्यो भन्दा डर लाग्दो कुरा  जनता को  मानसिकता नै अलि सक्षम भए बिदेशिने चाहे  आर्थिक रूपमा होस   चाहे शैक्षिक रूपमा होस ।  हुदा हुदा अब त देशमा  कि त कर ले बस्छ कि त बाध्यता ले बस्छ । यस बाट यस्तो स्थिति आइ सक्यो देशमा र घरमा रहेका वृद्ध बा आमा हरु केही गरि बिरामी परे औषधि ख्वाउने र मृत्यु भए सदगत गर्नु परे आर्यघाट मा  छोराछोरी अमेरिका युरोप र खाडि बाट आउँछ भनी मुर्दा घरमा राखी  पर्खेर बस्नु बाहेक अर्को विकल्प  छैन  । राज्य जति जनता बिदेशियो  उति रेमिट्यान्स आउँछ भनी दरिद्र मानसिकता ग्रस्त छ ।,Neutral/Observation,Economic Necessity,Individualist-Self,Pragmatic
8ca88cda3593,"Flawless presentation, best storytelling, full of positive vibes❤<br>Appreciated bro, MAYA❤",Neutral/Observation,Patriotism/Love,Individualist-Self,Hopeful/Motivated
52b69d4db7e8,Video ma dherai words ko spelling wrong dekhe please next time dekhi dhyan dinu hola...,Neutral/Observation,Economic Necessity,Individualist-Self,Pragmatic
fcfcb55b2ce9,Nice analysis. 100% agree on your points. Stay positive. Peace and ❤,Anti-Migration,Economic Necessity,Individualist-Self,Hopeful/Motivated
9aefd83622cc,This side of youtube ❤❤ Really appreciated your legacy and hardwork.,Neutral/Observation,Economic Necessity,Individualist-Self,Pragmatic
c62f8c5b81ce,जे शुकै होश नेपाल मै मर्ने हो,Anti-Migration,Economic Necessity,Individualist-Self,Pragmatic
a3237d49d39e,"This is an eye opening content. Ma afu pani 2023 april ma Australia rejected ra asti varkhar march 20 ma Canada reject vayera basirako chu. <br><br>Mero bidesh jane sapana uta gayera settle hunu haina. Ma marne belasamma afno Motherland Nepal ko lagi 1% vayeni contribution dina paun vanne mero soch ho. Bas dimag ma soch yeti thyo ki maile chayeko kura Nepal ma vanda bidesh ma chito pura hunxa।<br><br>प्यारी नेपाल आमा, मैले आमा काे माया राम्रो सँग नपाएनी हजुर ले मलाई धेरै माया गर्नु भएको छ। मैले आफ्नो जीवन मा चएको सबै कुरा त पाएको छैन तर जति पाएको छू त्यति पाउन को लागि पनि धेरै भाग्यमानी हुनुपर्छ। नेपाल काे विकास मा केइ न केइ योगदान दिएरै मर्नेछु। ❤️🕉️<br>जय जन्मभूमि🇳🇵🇳🇵🇳🇵🇳🇵",Anti-Migration,Patriotism/Love,Collectivist-Nation,Hopeful/Motivated
4d3474552ff7,MA TA DESH MAI BASNE HO SAATHIII!!:)❤,Anti-Migration,Patriotism/Love,Collectivist-Nation,Pragmatic
dc5bb144aa3c,Aaile desh vitrai basne haru ko love ta secure hudaina 😢,Neutral/Observation,Patriotism/Love,Individualist-Self,Despairing/Sad
28a029179334,"Thank you for making this video........आजको दिनमा बाहिर जाने च्यालेन्ज होइन , नेपालमा बस्ने च्यालेन्ज हो।।।nepal ma nai basne decision ajha justify garidinu bhayeko ma thank you",Anti-Migration,Patriotism/Love,Individualist-Self,Pragmatic
92d75681e7e7,८०% बिदेश बाटै हेर्दै होलान् यो भिडियो।,Neutral/Observation,Economic Necessity,Individualist-Self,Pragmatic
13ec6fea8aa3,लोकसेवा मज्जा ले पढ्ने नाम निकाल्ने। परिवारको खुसी र आमा भन्दा ठूलो कोही हैन।😊 Thank you Dai,Neutral/Observation,Economic Necessity,Individualist-Self,Hopeful/Motivated
c94a72b93df5,"तपाईंको videoले मन छोयो, आफ्नो देश प्रतिको मोह र माया अझै बढायो, म नेपालमै सानो Business गरि बसिरहेको छु र कहिले business न चलेर साच्चिकै पलायन हुने मन बनि हाल्छ तर अब नेपालमै बस्नुपर्छ भनि लाग्यो 🇳🇵",Anti-Migration,Patriotism/Love,Individualist-Self,Pragmatic
86d4d39974c3,This video is life-changing. Thank you for sharing it.❤❤❤❤❤,Neutral/Observation,Economic Necessity,Collectivist-Family,Pragmatic
56573a03f033,Yo video ma mention huna xuteko ra arko bidesh jani karan vaneko aajkal even afno parents haru lai waha haru le bhogeko kura haru le garda nai afno xora chori haru lai yo desh ma rakhna xaina hamro age ko youth le chahi future ma desh ma opportunity dekhexam hola tara dherai jasto  parents haru ko najar ma sirf challenges ra obstacle xa tesaile waha haru le afno xora xori haru lai jasai bidesh pathaunu parxa vanni soch xa,Pro-Migration,Economic Necessity,Collectivist-Nation,Angry/Frustrated
2adfbed54c7d,Bro I believe that one day we will be Nepal 🇳🇵 day <br>One day all will Happy and proud for our country <br>One day we will make our country better than other's <br>We will do it together One day,Neutral/Observation,Patriotism/Love,Collectivist-Nation,Hopeful/Motivated
3fbbfc1cbef0,You have so much positivity at the end. Love you man!!,Neutral/Observation,Economic Necessity,Individualist-Self,Pragmatic
d48de45d525c,"I was confused whether i need to go abroad or be in Nepal. Due to that I was so much distrubed. After watching this video, now I am pretty much clear and know what to do in my life. I have able to find out the difficult question of my life. I am really really motivated from this video. So, for now I would like to say thank you so much in advance.",Pro-Migration,Patriotism/Love,Individualist-Self,Hopeful/Motivated
f5a17eece1f3,I was born in Nepal and I will die in Nepal coz i love my contry no matter what❤❤❤❤,Neutral/Observation,Patriotism/Love,Individualist-Self,Pragmatic
08f4e257f4e1,Good video <br>Keep spreading such a positive message and awarness to youths which seems too urgent to inspire  them for staying in nepal,Anti-Migration,Patriotism/Love,Individualist-Self,Pragmatic
7799fbafbc9c,"Hats off to the team for the research, dedication and efforts to gather and present information. A serious issue like this needed our attention. Bitter truth sad reality much to be done.",Neutral/Observation,Economic Necessity,Individualist-Self,Despairing/Sad
5cafd4882d5d,Thank You IDS for such a informative Video.❤appreciate it❤❤,Neutral/Observation,Economic Necessity,Individualist-Self,Pragmatic
a0bfda2d515b,Yo sabai Nepal sarkar ko karan le garda ho. Auta kura thaxa dai bahirako deshko pm harule hami kasari aafno desh ko yuwa haru lai ramro sip dine kasari janata haru lai sip diyera aafno desh ko bikas garne sochxan ani hamro deshko beta haruko tap hero nahh ta social media haru lai ramro garda nata yako yuwa haru lai ramro sip ra sixya dine garxa. Aile herne ho vane nepalma harek yuwa ra harek Bachcha Jo school college m padxan sabai ko soch vaneko bahia desh janu nei xa...,Neutral/Observation,Patriotism/Love,Collectivist-Nation,Pragmatic
b3269b8d46ef,नेपाल तिमी रहौला कहा नेपाली नरहे !,Neutral/Observation,Economic Necessity,Individualist-Self,Pragmatic
504c42234bc3,"That line hit me ""what do you want ?""",Neutral/Observation,Economic Necessity,Individualist-Self,Pragmatic
42d69bcd9429,Ahile eaklo mahasus Vai sako bro 😢😊,Neutral/Observation,Economic Necessity,Individualist-Self,Despairing/Sad
aaef97f29e9b,Zakir khan gave that Masterclass 💜,Neutral/Observation,Economic Necessity,Individualist-Self,Pragmatic
a72fef801493,Very much true...well said..,Neutral/Observation,Economic Necessity,Individualist-Self,Pragmatic
88556d3780b6,"भाइलाई Hope रैछ नेपाल बन्ने तर मलाई छैन , गफ दिएर भिडियो बनाउन सजिलो छ Reality फरक छ । यो देश कम्तीमा मेरो पाला सम्म चाहिँ बन्दैन भन्नेमा म ढुक्क छु ।",Neutral/Observation,Economic Necessity,Individualist-Self,Hopeful/Motivated
5e71d0a86492,Right Remote jobs is the future for Nepal..i also work remotely and  I'm making really good income 😊,Neutral/Observation,Economic Necessity,Individualist-Self,Hopeful/Motivated
054772e60780,आज  धेरैमा ७ वर्षको लागि देश छाड्ने अनि फर्की आउने उदेश्यका साथ नेपाल छाड्दौ छु <br>हाल मात्र १८ वर्षको छु <br>फर्की आउने छु <br>नत्र पाप लाग्न सक्छ जन्मभुमि को😢😢😢😢😢😢😢,Neutral/Observation,Economic Necessity,Individualist-Self,Despairing/Sad
13a9734ad1d5,Now make a video on ‘why to leave Nepal as soon as possible’.,Pro-Migration,Patriotism/Love,Individualist-Self,Pragmatic
82785036f2f9,Bro the job you talking about will soon take over by AI,Neutral/Observation,Economic Necessity,Individualist-Self,Pragmatic
6dfb1bbbea87,Khoe Nepal mai garnu parxa vaner 2020 dekhi Nepal mai business garn thaliyo. 2023 ma aayer Survived garn garo hun lagyo .. finally 2024 ma des xodn fully ready vaye,Anti-Migration,Patriotism/Love,Individualist-Self,Pragmatic
44e4dadf6f11,Moh ewta artist ho dhunga bata banauchu monthly 50 60 kaile 70 ni hunchh tarw ooni pugeko choina nepal ma last option baira nei dekhira chu rw chitoi jadei poni chu😊😊😊,Anti-Migration,Patriotism/Love,Individualist-Self,Hopeful/Motivated
4305a6ddc81e,you should use more nepali words because when we share this to our older parents they could easily understand.,Neutral/Observation,Family Obligation,Collectivist-Family,Hopeful/Motivated
629d6d795157,"Euta home renovation ko kaam liyeko thiye, ghar ma dui jana 70+ ko aama buwa matrai hununthyo. Chora chori sabai jana bides ma, utai settle vaisaknu vayeko raicha. Work suru gareko first day, kaam sakera site bata niskinu aghi aama le mero hath samaudai vannu vayo ""Hamro chora chori j vane pani babu nai hunu vayo aba, afnai ghar samjhera gardinu hai, hami buda vayeu, kei garna sakdainau, garo cha hamilai. Babu le chai afno aama buwa lai kailei chodera najanu hai"". Akha rasayo. Aja pani tyo aama ko kura samjhida akha rasaucha.",Neutral/Observation,Family Obligation,Collectivist-Family,Angry/Frustrated
5a1c84bca8b7,baru Nepal mai garna sakne business ke ho bhanera bhannu na,Anti-Migration,Patriotism/Love,Individualist-Self,Pragmatic
bba392aa6047,"When I grow up, I want to study Paleontology(Dinosaur and prehistoric life fossils)but im worried that it wont work here in Nepal. So what i am planning to do is:<br><br>Pass Bachelors, Go abroad, still have Nepali citizenship and passport. Study Paleontology. In my last year of being abroad. Consult with locals. Find out how they turned Their country good. Come to Nepal, spread awareness.Or anything to change Nepal.Hopefully",Pro-Migration,Patriotism/Love,Collectivist-Nation,Hopeful/Motivated
1c250443c24e,siringai vayo guee nai dai,Neutral/Observation,Economic Necessity,Individualist-Self,Pragmatic
f4635489812d,Bolna payo vandaima j payo tei nabol hai fatah,Neutral/Observation,Systemic/Political Anger,Individualist-Self,Pragmatic
95947e4edc69,कुनै समय गांउबाट १ जना बिदेश जादा मन भारी लाग्थ्यो अहिले आफै परदेश आइपुगेको छु। मायाले मात्र नपुग्ने जिन्दगी चलाउनलाई।😢,Neutral/Observation,Patriotism/Love,Individualist-Self,Despairing/Sad
c315c3f3d44b,Watch more then 10 time❤🫠,Neutral/Observation,Economic Necessity,Individualist-Self,Pragmatic
2739dbc0d72a,America ma thiye aaile nepal mai kei garxu vanera 17 barsa pachi aaye ...aaile geda jasto vayo,Anti-Migration,Patriotism/Love,Individualist-Self,Pragmatic
c5794a83a348,नेपालमा बसेर कम्तिमा मेडल क्लास परिवार कमाउन सकिन्छ  ?<br>आफ्नै पैसाले बिहे गर्न सकिन्छ ? <br>के हामी हाम्रो हजुरबुबा जस्तै सम्पत्ति किन्न सक्छौं? <br>के हामी भारतीय जस्तै कार किन्न सक्छौं?,Neutral/Observation,Economic Necessity,Individualist-Self,Pragmatic
bbb4b07064a7,"As a recently +2 graduated guy who is sick of thinking abroad or Nepal , this video changed my point of view and  now i think i know what to do, loved your video ❤",Pro-Migration,Patriotism/Love,Individualist-Self,Hopeful/Motivated
3fc9301f0acc,Same bro,Neutral/Observation,Economic Necessity,Individualist-Self,Pragmatic
15eeeddf80d7,25 rs ko chiya khane paisa hudina aafu saga kam  khojyo vani ne ramro pauna garo xa  dhearai kamauna neta ko source chayo ani aafu sagai padeako sathi lea gako 1.5/2 barsa ma 50lakh dheaki 2cr samman kamaye vabda hami pagal matrai huna Baki xum,Neutral/Observation,Economic Necessity,Individualist-Self,Pragmatic
be55a374d22d,1 subscriber 10 marks❤😅,Neutral/Observation,Economic Necessity,Individualist-Self,Pragmatic
302eaf958848,South Sudan Nepal bhanda garib ho vane ki tya jagir pauxa Nepal ma paudaina 😂😂😂😂😂😂nepis,Neutral/Observation,Patriotism/Love,Individualist-Self,Pragmatic
2a16d87354a3,I live in Australia. Akhir kei nai rahyo Nepal ma mero lagi. <br><br>Tyo samaj jasle ma khelda sano ma malai bigreko kta vani Tag lagayo.<br><br>Tyo samaj jasle malai SLC ma kasko chorera pass vais vanyo.<br><br>Tyo samaj jas le malai kaile ijjat garena<br><br>Tyo samaj jasma mero dady lai dukha ko ghadi ma help garna koi ayena.<br><br>Tyo samaj jaha khutta tanne manxe haru ghar ghar ma basya xan<br><br>Maile dukha bahek kei nai payena.<br><br>Tara aja awastha ferieko xa<br>Jaba ma saga pr vayo paisa vayo<br><br>Aja ma saga sathi huna sap khojxan<br>Kaile nasuneko Afanta haru le mero xora xori bolauna paro eta uti vandai bolxan<br>Suddenly jo manxe le malai reject garya thi aja biha garum vanxa<br><br><br>Nepal lai maya garxu but Nepali soch lai gardina. Australia le mero harek dukha ko ghadi ma abhiwahak sara maya gareko xa<br><br>Nepali hu but Australian pani. Dubai mero mutu ko tukda hun <br><br><br>Tehi sama,Anti-Migration,Family Obligation,Individualist-Self,Angry/Frustrated
98c54588ad79,"अब को १० बर्ष पछि नेपाल धनी हुन्छ। म चाहिँ १० बर्ष सम्म World Travel गरेर नेपाल फर्किन्छु। 😅😅😅  Yes ma ni freelance & online business ko through earn garchu so, IT sector ta सदाबहार हुने नै भयो, पछि Roads & Transportation को सबै सुबिधा भएसी Organic agricultural & Farming in hilly regions,  Religious Tourism (mainly Hindu& Buddhist tourist from India & China etc countries) & Spiritual Tourism(yoga, medidation, retreat centre, spa etc), & tourism connected with nature(mountain climbing, hiking etc ). Yehi ho nepal को कमाउने आधार।",Neutral/Observation,Patriotism/Love,Individualist-Self,Pragmatic
72c13b9a1c97,10 Reasons SOONER or LATER Everyone will Left 🇳🇵Nepal 😢 😪 <br>https://youtu.be/AlcahONiYOc<br>Either It's For Further Studies or Work,Neutral/Observation,Patriotism/Love,Individualist-Self,Despairing/Sad
1e6381ed8977,"15"" /20 वर्षपछी नेपालमा खाडी जाने पुस्ता नभए देश कसरी चल्ला??? point to be noted",Neutral/Observation,Economic Necessity,Individualist-Self,Pragmatic
6f578047e589,I’m living in abroad right now. <br>I’am sure many Nepali like me wants to go back to Nepal at certain point. <br>But there is only one question that’s stopping Nepali youth from coming back. <br>FARKERA K GARNI ??? <br>You also know that positive news about Nepal rarely comes out. <br>Could you please make a video regarding stuffs that people can do  after coming back to Nepal and their chances of success.,Pro-Migration,Patriotism/Love,Individualist-Self,Pragmatic
0ee4e1cfe4a5,"23 barsa mai bachelor sakkaunu vayexa Nepal ma basera pani....sure bideshi university hola, bideshi university na vaye TU chai pakkai haina hola 😂😂😂",Anti-Migration,Patriotism/Love,Individualist-Self,Pragmatic
0ba07ab391ce,Bidesh jane because no nepali school certificate value😢,Pro-Migration,Patriotism/Love,Collectivist-Nation,Despairing/Sad
2e31c4986f51,"Nepalese society jamider cha ahile,<br>Mero chora ya chori lai bidesh pathaunu parcha. <br>Tei society ko manche haru corrupted politician lai vote dinchan,<br>Doctor or Engineer padnu parcha hai arubpadera kam chaina vaane yaiyat mindset society<br>Aru pani factor haru chaan.",Pro-Migration,Patriotism/Love,Collectivist-Nation,Angry/Frustrated
217e70d5acb6,Yes I agree with you bro,Neutral/Observation,Economic Necessity,Individualist-Self,Pragmatic
80a6b8f9a4af,Everyone: Nepal mai basau ki bidesh jau..<br>Me: ek choti bidesh gayera paisa kamayera Nepal mai chill garxu 😅❤,Anti-Migration,Economic Necessity,Individualist-Self,Pragmatic
a12af9729adc,"You dont owe the country anything.. you also dont have to feel responsible for the nation future. Desh establish garne ko pariwaar lai ta public le nikali dio , who are you? Follow and do what is best for your family and you. Hoping and waiting for Nepal to transform is just being delusional.. if you want to live in Nepal great enjoy.. just dont keep telling yourself 10 barsa pacchi ramro huncha.. be preprared to live in Nepal of today not in the imaginary ideal Nepal.",Pro-Migration,Patriotism/Love,Collectivist-Nation,Pragmatic
1144ac997d94,Akhir katin jeel tyo aash ma basni??,Neutral/Observation,Economic Necessity,Individualist-Self,Pragmatic
48d12ae38ad4,Europ ko sabai vnda grib desh ho Romania 🇷🇴,Neutral/Observation,Patriotism/Love,Collectivist-Nation,Pragmatic
753280c8be76,195 desh vako sansar ma 205 ota desh gaidinxan nepali haru🤣,Neutral/Observation,Patriotism/Love,Collectivist-Nation,Pragmatic
7f95f36cfb8b,आखिर कैले सम्म चै भाग्ने र सर 🙏,Neutral/Observation,Economic Necessity,Individualist-Self,Pragmatic
997971909d48,Nepal ma aba nepali hoina neta ra teska jhole karyakarta matarai huneyxa,Neutral/Observation,Systemic/Political Anger,Individualist-Self,Angry/Frustrated
0a96169c324a,"But dhukka chai bhaye, IT student hu ramrei khalko❤",Pro-Migration,Economic Necessity,Individualist-Self,Pragmatic
260b1c322fff,What about AI,Neutral/Observation,Economic Necessity,Individualist-Self,Pragmatic
6dff0ab21023,"What about people who don't want to be IT professionals? What if someone wants to be a teacher or a doctor, an astronaut, a Biologist, a Maritime professional etc etc. It will always be better for them to get a great  residency in more developed countries as they will get more facilities than working in a government school or government hospital and many jobs don't even have a sector in our country<br>The entire country cannot develop with just IT professionals<br>You blame the youth for leaving the country, avoiding learning skills, and being unpatriotic while you suggest a selfish approach that benefits only the people interested in IT",Trapped/Regretful,Economic Necessity,Individualist-Self,Pragmatic
5fdc6c1d7af8,"Kehi mahina ma iPhone, Mac computer, ghar ra gadi huncha bhannu chai ekdum galat ho. Ma bideshiyeko 20 yrs bhayo. Tara euta ghar, gadi, iPhone, Mac laptop kinnu kati dukha garey malai matra thaha cha. Esto fictional info nadiyeko best hola. Esto nachahiney bhram failaunu uchitt hunna. Kehi mahina ma gadi ra ghar jodhca bhannu jasto galat info dinu tapai haru ko jasto channel lai suhaudeina. Ajha whole family lai iPhone pathaucha arey. Esto hasauney kura nagarnu best hola",Pro-Migration,Family Obligation,Collectivist-Nation,Pragmatic
3a55212128a2,"+2 ko result paxi mero family le nai malai Australia jaana malai suggestions diyo, maile tyo bela vaneko yaad aauxa desh mai hurkiye desh kai hawa maa saas fere ek choti prayas nagari nai xadna ta milena ni <br>Ani ahile 2 barsa huna laagda ma tyo decision katai galat ta vayena vanera sochxu <br>Ahile 3 ota degree sang sangai pursue gardai xu nepal mai, CA, ACCA ra BBS gardai xu <br>Paisa kharcha vairaaxa<br>Mero school ko class maa ahile ma matra nai hola jo kita bidesh gaako xaina wa jasko process chaliraaxaina bidesh jaane <br>Sathi haru le pragati ta garinai raaxan tara ek choti prayas nagari ta ma yettikai desh ko maya marne waala xaina <br>Euata matrai cheez chaiya xa haamilai ra tyo ho CHANGE <br>Euata matrai change ani this country will be a land of opportunity<br>Atti pani ta atti nai vaisakyo nita kati sahanu vanya <br>Kunai na kunai din ta change aaulanita <br>I am optimistic about this and i can smell a lot of opportunities waiting for us <br>Nepal kai hawa maa saas ferna paaw, nepali mai khulera bolna paaw, nepal xadna man xaina ra jaba samma naramro sanga mero yo biswas vachidaina taba samma yo desh xadne wala xaina <br>Bidesh jaane ho tara ghumna <br>Aba ta change holani vanera aasawadu xu <br>Tara bidesh jaane haru ko pani pida bujxu ra dar laagxa ki kunai din tyo vid maa mani huneta hoina <br>J hos ahile lai nepal mai khushi xu",Anti-Migration,Family Obligation,Collectivist-Family,Hopeful/Motivated
9f943f95a2f0,"@Laxmisharmaa26  it's unbelievable how these 7 months changed my mind. I couldn't even believe i used to think like this 7 months ago😅<br>A lot has happened in the last 7 months. I have been fatigued mentally, physically and emotionally.<br>I have currently shifted my sole focus on acca and i am leaving this country by next year. <br>To live in this place for a guy of my age, everyday frustration gets added and it gets difficult to not get bothered by them. <br>I am not saying Nepal maa kehi garna sakidaina cuz there are many people who are doing so well in Nepal. But for me, Nepal maa basera i can't achieve what i want.",Anti-Migration,Economic Necessity,Collectivist-Nation,Hopeful/Motivated
d4851a503104,"Hey!! I belong to nepal, but I do live now in Australia. What made me stay in Australia is everything. Literally, I am able to make my family happy and myself. Even if you have no experience, you will earn 1 month of nepal salary in 1 shift, I.e. 5 hours. That means 1 day in Australia equals 2 months in nepal. Whatever I earn in 1 year is equivalent to ?? You know the answer now.",Anti-Migration,Economic Necessity,Collectivist-Family,Pragmatic
f4fe04f860d8,We know that your house mortgage cost 3 lakhs per month <br>Glossaries iteam + clothes 1 lkahs per month <br> insurance 1lakhs per month <br>Just for living ko lagi ho bidesh jani  <br>Hamra ni manxe xaan bidesh and we know how chutiya are they haha😅😅😅<br>Money life vana but happy life naw vanam😊<br>Many more hai bidesh jani paisa kamauni ani nepal aaera chill mah basni tyo chai better hola,Pro-Migration,Economic Necessity,Individualist-Self,Pragmatic
b475aa29b0a7,Loan ma churlummba dubya xas dhak lauxas 😂,Neutral/Observation,Economic Necessity,Individualist-Self,Pragmatic
41cdb1b03618,अब हाम्रो शिक्षा प्रणाली सिपमूलक<br> बनाउनुपर्छ,Neutral/Observation,Systemic/Political Anger,Individualist-Self,Pragmatic
edccf899ef8c,Nepal will rise again 🇳🇵,Neutral/Observation,Patriotism/Love,Individualist-Self,Pragmatic
ecf2c19dd37c,This video must be shared in every schools & colleges in Nepal.,Neutral/Observation,Patriotism/Love,Individualist-Self,Pragmatic
08027882b108,आशा राखौँ केहि त गर्न सकिन्छ<br>गर्नु पनि पर्छ!!🇳🇵,Neutral/Observation,Economic Necessity,Individualist-Self,Pragmatic
d4f6c12174b3,मलाइ विदेश काे भूत न चड्नुको कारण यही आशावादी सोच हो । थाहा छैन ठीक हो कि गलत ❤,Neutral/Observation,Economic Necessity,Individualist-Self,Pragmatic
00e40e255421,आखा भरी आँसु तील्मीलायो सारै मन मा लाग्ने भिडियो ।।।,Neutral/Observation,Economic Necessity,Individualist-Self,Despairing/Sad
e31cf2ed32e8,You are doing great bro. As a civil engineering student this means a lot to me. keep up the good work.,Neutral/Observation,Economic Necessity,Collectivist-Family,Pragmatic
2dd3700e6f72,Whaa Mero dai ❤❤Kya soch Jay Nepal ❤❤❤🎉🎉same mindset,Neutral/Observation,Patriotism/Love,Collectivist-Nation,Hopeful/Motivated
744177a9bb70,सुन्दा एकदमै मजा आयो 🙏 नेपालको यथार्थ 😢,Neutral/Observation,Economic Necessity,Individualist-Self,Despairing/Sad
13aebde879a1,Very powerful words all the best for youth of nepal🇳🇵 ❤🇮🇳,Neutral/Observation,Patriotism/Love,Individualist-Self,Pragmatic
73539d3a3aa1,नेपाल बाट नेपाली जनता लखेट्ने नालायक नेताकार्यकर्ता हरु प्रती हार्दिक श्रद्धाञ्जली,Neutral/Observation,Systemic/Political Anger,Individualist-Self,Pragmatic
db43460182df,देश त छोडियो तर छोरा छोरीलाई नेपालमै बस्ने वातावरण होस नेपाल सरकार 🙏,Neutral/Observation,Family Obligation,Collectivist-Family,Pragmatic
04fa56076eb7,"Desh Ko Maya Cha🇳🇵. Tara. VRASTCHARI Haru Lai , Maya Garera Hudaina.. 🔥",Neutral/Observation,Patriotism/Love,Collectivist-Nation,Pragmatic
4daaf5078991,20:03 was so wholesome. It feels so nice!!,Neutral/Observation,Economic Necessity,Individualist-Self,Pragmatic
ea0f1493f2ea,"Truly, what a master piece. As, a recent plus 2 graduate I am really impressed by this video one of the most worthy video changed my vision",Neutral/Observation,Economic Necessity,Individualist-Self,Hopeful/Motivated
5cc48c9550f9,Last ma ta goosebumps aayo hau❤,Neutral/Observation,Economic Necessity,Individualist-Self,Pragmatic
333f5578df98,Salute To Your work big bro ❤️,Neutral/Observation,Economic Necessity,Individualist-Self,Hopeful/Motivated
58eec6690d5d,"Nice, content and analysis. God bless Nepal. May we see our nation prosper with full of opportunities, developments and happiness soon in upcoming days..",Neutral/Observation,Patriotism/Love,Collectivist-Nation,Pragmatic
09b6bdf689b6,Lastai babal video guysss!! Thorai video aayos tara atti babal matra aayos!!,Neutral/Observation,Economic Necessity,Individualist-Self,Pragmatic
8037259520aa,❤ Bidesh ma basera Yo video herdai Garda jhan badhi emotional ra Ashabadi vaye. can’t wait to return to my Land someday …🇳🇵,Pro-Migration,Patriotism/Love,Collectivist-Nation,Pragmatic
b80c890e5b68,"नमस्ते सर धन्यवाद 🎉 हृदय बाटै आभार, ज्ञानवर्धक अनि आशातित विषयवस्तुका लागि।",Neutral/Observation,Economic Necessity,Individualist-Self,Hopeful/Motivated
35f914bf6c20,This channel should be millions subscribers ❤️,Neutral/Observation,Economic Necessity,Individualist-Self,Hopeful/Motivated
471027e4b928,We're really proud to have you. Thank you for everything. Lots of love.<br>#ILoveMyNepal.,Neutral/Observation,Patriotism/Love,Individualist-Self,Pragmatic
035f7142e42b,"न छाड्ने आउटै कारण छ ""माया"" ❤🎉",Neutral/Observation,Patriotism/Love,Individualist-Self,Pragmatic
b21727655fdd,This video should be watched by everyone who is planning to go abroad or is already there yuwa nai desh ko future ho hami nai narahe desh ka rahanxa.,Pro-Migration,Patriotism/Love,Collectivist-Nation,Hopeful/Motivated
6299d7c09aed,I hope youtube’s algorithm takes this to all the nepali youths . Jati dherai uti uccha,Neutral/Observation,Patriotism/Love,Individualist-Self,Hopeful/Motivated
2f2871b795d7,"So much positivity, which I needed and I believe that the country will change for good and I will be the one of the citizen among them , who stays in Nepal and the changes 😊",Anti-Migration,Patriotism/Love,Collectivist-Nation,Hopeful/Motivated
c9a242156bac,"Really impressed bro yaar, sth with real facts and numbers will make things more realistic and tesko bare ma gambhir bhayera sochincha. I really want to get back home in my village and start a new NEPALI  life yaar 🙏🙏",Neutral/Observation,Patriotism/Love,Individualist-Self,Pragmatic
a803a9550179,It's a great presentation of your it's all time great presentation it's create hope and motivated our youth and all of us Thank you so much afno desh ma ni kei na kei ramro abashya garna sakinxa thank you so much for your team and you @indepthstory keep it up the good work 😊❤️🙏🙏,Neutral/Observation,Patriotism/Love,Collectivist-Nation,Hopeful/Motivated
99dbc6dbaeb4,"What a video bro what a video🙏🙏 hats off to you the way express each and every topic🙏 just wow❤️ its been more than 2 years in kuwait i really miss my family, friends and environment of my country❤️❤️😭",Neutral/Observation,Family Obligation,Collectivist-Nation,Despairing/Sad
f8ef366090a3,"Hearty Respect Sir 🙏👏<br><br>I am really proud to be this man aaba chii nepal ma pani country ko economy, education system and nepal ko resent time ko setuation ko knowledgeable ra youth li clear garawune khalko Youtuber and social media influencers ko udyha hudai xa 😊<br><br>Thank you so much for this extra ordinary explain  salute sir ❤",Anti-Migration,Systemic/Political Anger,Collectivist-Nation,Hopeful/Motivated
9ac0766a1631,One and only historic you tube channel based on nation,Neutral/Observation,Economic Necessity,Collectivist-Nation,Pragmatic
ad317e61dba9,Thankyou dai your video gave something special and cambiando.🙏🤝See you after 15yrs Dhanyabad🇳🇵.,Neutral/Observation,Economic Necessity,Individualist-Self,Pragmatic
be05e50f1b1e,Thank you for all this information In Depth story. Haami pheri ek hune chau🇳🇵🤝,Neutral/Observation,Economic Necessity,Individualist-Self,Pragmatic
a8799719faf2,Comments have more stories. Thank you for making this kind of videos.,Neutral/Observation,Economic Necessity,Individualist-Self,Pragmatic
e6e3c28918bb,Interesting video!  Makes you think about the tough choices young people in Nepal face.,Neutral/Observation,Patriotism/Love,Individualist-Self,Pragmatic
af716441a371,"The way you are providing information is very very impressive , much appreciation to you",Neutral/Observation,Economic Necessity,Individualist-Self,Pragmatic
67e9a1b43ab5,Thank you for your optimistic information showing rays of hope towards our country’s future and motivating us .This video is really very emotional as I have never imagine leaving the country and my old parents.😢,Neutral/Observation,Family Obligation,Collectivist-Nation,Hopeful/Motivated
6e8722786a95,Man i love your content the way you bring the fact truth you saw is good❤❤❤❤,Neutral/Observation,Economic Necessity,Collectivist-Family,Pragmatic
ab96a3e57961,Hello Sudip Bhai! It just made me smile positively. :) love what you doing... :) sending wishes from Canada :),Pro-Migration,Economic Necessity,Individualist-Self,Pragmatic
da39e065e294,Thank you so much for your motivation to help many nepali to stay in Nepal 🙏,Anti-Migration,Patriotism/Love,Individualist-Self,Hopeful/Motivated
95d5b38c9db9,"Love you brother ❤️❤️,for your positive view towards nepal",Neutral/Observation,Patriotism/Love,Individualist-Self,Hopeful/Motivated
52d296af246b,Very nice video thanks a lot.  You have done many research and created this wonderful content in here.,Neutral/Observation,Economic Necessity,Individualist-Self,Pragmatic
e7ef5dbbfb70,Keep going dai u r doing great work.....i hope badhi bhnda bdhi nepali hru le dekhos ani thapaos hmro nepal ko barema,Neutral/Observation,Patriotism/Love,Individualist-Self,Hopeful/Motivated
dddfbc55ce22,"Hello In-Depth Team! Just watched your video and really enjoyed the insights you shared. It's great to see topics like these getting the spotlight. I noticed that the core idea of this video aligns closely with an article written by a friend of mine (Subash Basnet) . Citing sources, especially insightful articles, not only adds credibility to your content but also respects the original creator's hard work. It’s a small step that can foster a positive and respectful community, steering clear from any misunderstandings or negativity. Let's show the world the rich culture of respect and acknowledgment that Nepali values embody. Looking forward to more of your content!",Anti-Migration,Patriotism/Love,Collectivist-Family,Hopeful/Motivated
91234c305c77,"""Great video! I’m inspired to become a content creator or video editor myself. Thanks for sharing!""",Neutral/Observation,Economic Necessity,Collectivist-Family,Pragmatic
1559db2e3112,"I think this 30-minute video will help many Nepalese students, including myself, to stay in Nepal. Thank you for giving me a reason to remain in my own country.",Anti-Migration,Patriotism/Love,Collectivist-Nation,Pragmatic
f7bf205a1c7b,Thank you so much for this beautiful video. let's hope for the best. ajhai dherai yuwa le harisakeko chainan.,Neutral/Observation,Economic Necessity,Individualist-Self,Hopeful/Motivated
fa3c2e488cd7,Kati ramro video. Saraee mann chune words.. really i am touched,Neutral/Observation,Economic Necessity,Individualist-Self,Pragmatic
d27c9bae2dda,"Dherai ramro content, ma paaani yo kurama aasabadi chhu ❤",Neutral/Observation,Family Obligation,Individualist-Self,Hopeful/Motivated
abb539115180,"Each person's path is unique, shaped by circumstances and aspirations, go abroad or keep  hanging on therefore better days will come. Go hard fam 💪🏼",Neutral/Observation,Economic Necessity,Individualist-Self,Pragmatic
77ba93e10d62,timro ra mero soch eautai raicha brother ❤,Neutral/Observation,Economic Necessity,Individualist-Self,Pragmatic
403d2b434953,Thanks bro tapaiko video herera bidesh jana mann lagyo,Pro-Migration,Patriotism/Love,Individualist-Self,Pragmatic
d89a3fe29117,hait ! yo ni content ! kasto dami yar.. full video herisak paxi. dherai asha palayo...,Neutral/Observation,Economic Necessity,Individualist-Self,Pragmatic
607b4ccbdc7a,you are doing great job brother i use to see your every videos..Big heart to you❤❤❤❤❤,Neutral/Observation,Economic Necessity,Individualist-Self,Pragmatic
08a675b1c488,Huge respect 🙏🏼 to them who wants to stay in Nepal 🇳🇵,Anti-Migration,Patriotism/Love,Individualist-Self,Pragmatic
0f6b6f0bdc82,Great job<br>Everybody loves happy ending😊,Neutral/Observation,Economic Necessity,Individualist-Self,Hopeful/Motivated
65ab43845fb3,"Samay Sandharbik content, great job bro! I like it",Neutral/Observation,Economic Necessity,Individualist-Self,Pragmatic
847c309364b2,"Malae chahi tapae ko video here pachhi ramro, khusi ra alik  dukka mahsus vo thank you.",Pro-Migration,Economic Necessity,Individualist-Self,Pragmatic
fc0b6aad7c95,Thank you your videos help me thank you i will stay in our country 💖💖💖 and try to make it better,Anti-Migration,Economic Necessity,Collectivist-Nation,Pragmatic
82b479d29bcc,Worthy watching it.,Neutral/Observation,Economic Necessity,Individualist-Self,Pragmatic
30c7e15a8c7b,Hamro future k huney ho thaha xaina😢😢😢,Neutral/Observation,Economic Necessity,Individualist-Self,Despairing/Sad
aaf31ade2dd2,This is why I have subscribed  you.<br>Quality content after a while.,Neutral/Observation,Economic Necessity,Individualist-Self,Pragmatic
5a25af7f0427,Brother tapai ko content lastai ramro xa and still thank u from different part of Nepal  from raising the concern about this topic.,Neutral/Observation,Economic Necessity,Individualist-Self,Pragmatic
24f1c6374003,Precised video. Spitting the truth!,Neutral/Observation,Economic Necessity,Individualist-Self,Pragmatic
2f8852ba58d8,Best of the best  video ever on this channel ❤️❤️ thanks for everything ❤,Neutral/Observation,Economic Necessity,Individualist-Self,Hopeful/Motivated
32a500204941,kosle kosle yo video herda sunda khushi ko sathai dukha ko current khayo🙋<br>Really inspired by your 20-30 min Clip bro keep it up ❤️👍,Pro-Migration,Economic Necessity,Individualist-Self,Hopeful/Motivated
71a81b5357cd,Ekdum Man Chhoyo. Saathi haru sabai bahirida aafulai eklai eklo mahasus gareko chhu,Neutral/Observation,Economic Necessity,Individualist-Self,Pragmatic
c6e53d19bd8f,"Everyone want to see nepal in the name of developed country but due to political unstable, corruption unemployment etc. no one want to stay in Nepal. Everyone need to feed stomach . Only nationl love isn't enough to feed hunger, i am also facing frustrating and anxiety about my future ❤ desh ko maya tw dherai xa ke garnu",Anti-Migration,Systemic/Political Anger,Collectivist-Nation,Pragmatic
36dfc38512f3,"Man! you are a genius, Your dedication towards quality content regarding situations happening in Nepal is extra ordinary . All of your videos makes us concern about the moment. hats off to you brother, Thank you for visualizing necessary chances of better Nepal. Let's hope for the best.",Neutral/Observation,Family Obligation,Individualist-Self,Hopeful/Motivated
3b6353c06095,"What a great content. You showed the both aspect, hope many youth will take decision on staying in NEPAL because somewhere they are little bit sensitive and Emotional ❤️🙌",Anti-Migration,Patriotism/Love,Individualist-Self,Hopeful/Motivated
de7f356c644e,Your every words and statement blessed my ear and mind❤,Neutral/Observation,Economic Necessity,Individualist-Self,Pragmatic
a497e74ebc6e,One of the best video that I’ve ever watched😍.. After watching your video it makes me easier to take a decision . Thankyou brother & keep growing ❤️,Neutral/Observation,Economic Necessity,Individualist-Self,Hopeful/Motivated
f4ac5014b7eb,"Let hope for good,nd positive.do something for our beautiful  country nepal🤔🇳🇵👍",Neutral/Observation,Patriotism/Love,Collectivist-Nation,Hopeful/Motivated
3560325ad19b,Nicely Projected 😮<br>J garxau aafnai deshma garxau,Anti-Migration,Patriotism/Love,Collectivist-Nation,Pragmatic
c6fd6d834d14,Loved this❤,Neutral/Observation,Economic Necessity,Individualist-Self,Pragmatic
6ebdcd354316,thanks alot dai its a right finally i realise what to do 😇,Neutral/Observation,Economic Necessity,Individualist-Self,Pragmatic
ba2b5e2e1c1e,carect dear ❤  मन मा खुशी लग्यो ! हाम्रो देशमा देखेको राजनीति र नेता हरु देश को लागि होइन भन्छु म त ! मैले बुझेको certificate होइन कि काम को स्किल हुनु पर्छ भन्ने पनि मै हु त र समाज हस्छ क्या ! त र तपाई ले मेरो मन को कुरो गर्यो मेरो मन खुसी भयो ! र याती दुई थुलो देश मा हामी कसरी गरिब हुने त ! त्यसै ले नेपाली हरुले बच्चा हरु लाई आइले आजै बाट फाल्तु पैसा खर्छ भन्दा स्किल को काम सिकाये राम्रो हुन्छ ! बोर्डिङ मा भन्दा सरकारी स्कुलमा पढाउ र बोर्डिङ मा पढौने पैसा ले बच्चा हरु को इन्स्योरेन्स खोले राम्रो होला र ठूलो हुदा या दस कक्षा सम्मा पढदा त्यो पैसा ले राम्रो राम्रो काम स्किल सिक्ना सक्छ भन्छु म त ! बच्चा मान्छे लाई त अछर फुटौने चिनाउने मात्रा हो पढ्ने बच्चा हरु त ढंग त अझै पछि खुल्छ त ! दस पछि पढने लाई जमा गरेको इन्स्योरेन्स ले पढ्ना मिल्छ ! सिक्नु पर्यो नेपाली ले बच्चा <br> लाई राम्ररी लगानी गर्नु पर्यो ! मान्दै मान्दैन भन्दै जिन्दगी मजाक मजाक मा बित्छ फेरि पछुतो ले केही हुदैन भन्छु म त 😁😁😁🙏,Neutral/Observation,Economic Necessity,Individualist-Self,Pragmatic
a0e7362f735b,What a explanation Hats off❤❤❤,Neutral/Observation,Economic Necessity,Collectivist-Nation,Pragmatic
99fe99e38316,"Nikai ramro video xa samaya upayogi.❤❤❤❤❤aasha,utsaha,kehi na kehi khusi dekhauni 😊",Neutral/Observation,Patriotism/Love,Individualist-Self,Hopeful/Motivated
6d841b07159c,Well said at the end. I couldn't disagree anymore.,Neutral/Observation,Economic Necessity,Individualist-Self,Pragmatic
e4f8b6f6eeb5,"I have just subscribed to your channel because I wanted to support your effort of In Depth information.<br>However, while watching this documentary I am intrigued to comment.<br>All the data you have provided are very impressive and easy to understand. Totally understand the reality. And there are good examples of returnee carrying out good projects and activities.<br>I hope in your next research you will also include the investment that Nepalese living abroad has carried out in Nepal.<br>The way I have seen is, some Nepalese living abroad at the end when they have secured their financial status they have invested in charity and carrying out small projects for their village and community development. <br>It might be insignificance on the vast statistics of reality but change and development is a very slow process and key player like yourselves create awareness and open paths for changes.",Pro-Migration,Patriotism/Love,Individualist-Self,Hopeful/Motivated
1ca09539ed64,"The video is only half an hour long, but it erases the feeling of a lifetime.",Neutral/Observation,Economic Necessity,Individualist-Self,Pragmatic
e6de578b75c6,Good content bro.❤ gave me a good motivation to,Neutral/Observation,Economic Necessity,Individualist-Self,Hopeful/Motivated
e8b4fb53dbae,Bhai I really like the content you make<br>Hat’s off to you <br>I really hope you continue making them <br>Dherai popularity gather garera pachi RABI LAMICCHANE chai kahile nahunu la,Neutral/Observation,Economic Necessity,Individualist-Self,Hopeful/Motivated
31762fe57f36,Thank you Bhai yo video banayeko ma. Chhana ta ma pani bidesh mai xu. Tara yo video le nepal mai basna ramro protsahan garne chha aune pustalai. Mero tarfa ta thank you back timilai yo video banayeko ma..,Anti-Migration,Patriotism/Love,Collectivist-Nation,Pragmatic
c7e516b4c370,बहुत ही बढ़िया एपिसोड।,Neutral/Observation,Economic Necessity,Individualist-Self,Pragmatic
468c23dcfe2f,First malai dar lagyo desh ko halat dekhera 😢tera  tera last ma dai ko motivation 🔥😂,Neutral/Observation,Patriotism/Love,Collectivist-Nation,Despairing/Sad
9932d7fcd3a6,मलाई आशा छ कि परिस्थितिले तपाईलाई यति कडा प्रहार गर्ने छैन कि तपाई पनि काउन्टी छोड्ने सोच्न थाल्नुहुन्छ।<br>BTW excellent video.<br>Love from morang.,Neutral/Observation,Economic Necessity,Individualist-Self,Pragmatic
7adc337c3c12,Damn man this was emotional,Neutral/Observation,Economic Necessity,Individualist-Self,Pragmatic
6e54a34f72cc,yestai soch bhayeko yuvaharu ko khancho cha desh lai ❤,Neutral/Observation,Patriotism/Love,Collectivist-Nation,Pragmatic
9627645e73e4,एकदम समय सान्दर्भिक बिषय  😔😊,Neutral/Observation,Economic Necessity,Individualist-Self,Pragmatic
0f88e2a48926,14;00 minute ko line bro. 💯,Neutral/Observation,Economic Necessity,Individualist-Self,Pragmatic
ff5e1a4e8e4b,I usually don't subscribe... But for u bro❤ keep creating.,Neutral/Observation,Economic Necessity,Individualist-Self,Pragmatic
b9f169125db0,Very intelligent man💗,Neutral/Observation,Economic Necessity,Individualist-Self,Pragmatic
98372fe09875,अब छिट्टै म पनि देशको ठूलै youtuber बन्ने कुरामा आशाबादी छु!❤🎉,Neutral/Observation,Economic Necessity,Individualist-Self,Pragmatic
48cbb3adc50e,Loved it❤,Neutral/Observation,Economic Necessity,Individualist-Self,Pragmatic
bea58ea0cdb5,"Yo sabai nepali youths harule bujhnu parx 10,15 barsama des bandaina khi time lagla keep passions hamile noi des banaune ho hami nai desma basenw vane aru ko aayerw banaidinx rw samasya dekhi nwvagau sabai nepali milerw aafno ability rw aafno skills ko sadupayog garau ek aarkalai support garau khi samaye garo hola tara hami hamro rw aagami pusta ko sunaulo bhabisye banaune kosis garau.........🇳🇵❤🤘",Neutral/Observation,Patriotism/Love,Individualist-Self,Despairing/Sad
5efaff94ce1e,Skill is more important than education 💯,Neutral/Observation,Economic Necessity,Individualist-Self,Pragmatic
a0ded5efd02f,"Dai, you are a gem ❣️",Neutral/Observation,Economic Necessity,Individualist-Self,Pragmatic
29eb8ed713b4,loved this,Neutral/Observation,Economic Necessity,Individualist-Self,Pragmatic
3d6ce9302868,Hope so 😇,Neutral/Observation,Economic Necessity,Individualist-Self,Hopeful/Motivated
92fe72bbe6c0,Last ko part atii nai babal lagyo daii❤️,Neutral/Observation,Economic Necessity,Individualist-Self,Hopeful/Motivated
5507f2f70804,"Well, we will see you soon💙😢 brother",Neutral/Observation,Economic Necessity,Individualist-Self,Despairing/Sad
c77b05defb78,very very thankyou hjr aauta 16 barsa ko manxa lai bato dekhauna ko lagi,Neutral/Observation,Economic Necessity,Individualist-Self,Pragmatic
90257d8d8c66,made me emotional man .,Neutral/Observation,Economic Necessity,Individualist-Self,Pragmatic
14e555136ee5,"Thankyou dai for giving me hope to stay here in Nepal with my family doing stg.Not much bigger dream just a simple life,making parents happy and self proud.hope to get myself there in coming years!!",Anti-Migration,Family Obligation,Collectivist-Family,Hopeful/Motivated
4ba6ac3ed0d0,great dai<br>tapai jstai le desh change garne xaa.,Neutral/Observation,Patriotism/Love,Collectivist-Nation,Hopeful/Motivated
63ad4663d495,"I really like the video and appreciate kany things you said. Kudos to team behind this. But here is my suggestion about the video, Your channel is growing so so fast just because you have had an amazing content but pl, go with full nepali language, Couple of time i realised that you spoke deep English meaning words. Be careful with it. Les go for 300k subscribers.<br><br>Love from Pokhara ❤",Neutral/Observation,Patriotism/Love,Individualist-Self,Pragmatic
77a839b31ac7,"I really like the video and appreciate many things you said. Kudos to team behind this. But here is my suggestion about the video, Your channel is growing so so fast just because you have had an amazing content but pl, go with full nepali language, Couple of time i realised that you spoke deep English meaning words. Be careful with it. Les go for 300k subscribers.<br><br>Love from Pokhara ❤",Neutral/Observation,Patriotism/Love,Individualist-Self,Pragmatic
ecdceda3953d,Dada tapai ko video Malai ramro lagxa dherai interesting xa euta IT  ko barema video chaiyo .. please,Neutral/Observation,Family Obligation,Individualist-Self,Pragmatic
a494b4e9a3b1,so heart touching dai,Neutral/Observation,Economic Necessity,Individualist-Self,Pragmatic
2bc55dc620d4,always optimistic,Neutral/Observation,Economic Necessity,Individualist-Self,Pragmatic
60495471030b,"To all youths thinking to bring change in Nepal, let's connect and make a group and do sth.",Neutral/Observation,Economic Necessity,Collectivist-Family,Hopeful/Motivated
43d67a644865,And we are proud nepali,Neutral/Observation,Patriotism/Love,Individualist-Self,Pragmatic
71a66aea25d4,Great video ❤ . Please make video in problem of open boarder of Nepal with India.,Neutral/Observation,Systemic/Political Anger,Individualist-Self,Pragmatic
2b22f65f2802,"point to be noted , When there is lot's of problems , there might be opportunities as well , just we have to observe our surrounding ...",Neutral/Observation,Economic Necessity,Individualist-Self,Pragmatic
7adc800cdbfc,"Very good analysis. Tapailai j lagxa malai ni tehi lagxa,,,",Neutral/Observation,Economic Necessity,Individualist-Self,Pragmatic
231f72686039,First part of the video was quite good but it diverts from its content from there and fades little bit. Good try. God luck,Neutral/Observation,Economic Necessity,Individualist-Self,Pragmatic
4a3b7712c7f9,Thank you <br>Aafno Thinking ma believe garaye ko ma,Neutral/Observation,Economic Necessity,Individualist-Self,Hopeful/Motivated
5eb05bba8884,wonderful video... really impressed and motivated.... ma ta bidesh mai permanently basne kura ta sochna pani sakdina. tapaile jasari youths hareu le sochera himmat dekhayera system sanga ladna sake kati ramro hunthio hamro desh.... bidesine youth le socheko khojeko jastai banne thio hola,Anti-Migration,Patriotism/Love,Collectivist-Nation,Hopeful/Motivated
2d070c4c9d28,"What a wonderful video! Nepali lai Nepal ko maya navayekk haina tara desh ko awastha le nai bidesh puryayeko chha tara malai yeutai soch le rokeko chha ki  ""Savai baira gaye pachhi ghar kasle herchha?"" Nepal ghar ho hamro, Nepal banaune jimma hamro ho. Sakey Nepal mai garne nasakey Nepal mai marne athod le Napal mai chhu ma jasta kayeu ajhai chhau hola. Kasto nasikiyela ra aafnai ghar samhalna.",Anti-Migration,Patriotism/Love,Collectivist-Nation,Pragmatic
577c7d697dfd,Maile sochay ko haru vanyo😊❤,Neutral/Observation,Economic Necessity,Individualist-Self,Hopeful/Motivated
1c58390bede5,"Your videos need to reach more audiences of every age everywhere, and keep up with these help.<br><br><br>( You watch one piece?)",Neutral/Observation,Economic Necessity,Individualist-Self,Pragmatic
ec087f23ca06,Mann xoyo.. Dhannai aasu aayo. Hami ek din awasya thokinexau.,Neutral/Observation,Economic Necessity,Individualist-Self,Pragmatic
1b83fda6805d,Ma Nepal mai baschu ❤ जय मातृभुमि,Anti-Migration,Patriotism/Love,Individualist-Self,Pragmatic
30fd1526d12a,Content ta ramro lagyo jaba samma nepal ma bhrastachaar.  Lai.   Jaba samam control garna sakidainani. Deshma.   Baliyo sarkar bandaina taba samma  deshma rojgaar ko.  Aadhar bandaina,Anti-Migration,Patriotism/Love,Collectivist-Nation,Pragmatic
ff73b5d93780,Your guse 🤔 10 years good change <br><br>I also agree ..,Neutral/Observation,Economic Necessity,Individualist-Self,Hopeful/Motivated
1bfabaa3b9a8,I feel emotional at the end 😞❤️🫂,Neutral/Observation,Economic Necessity,Individualist-Self,Pragmatic
256f5d3bd144,"That why I am commited not to leave this country, primary reason is family and secondary is scope.<br>Hat's off for this motivated fabulous relevant content.",Neutral/Observation,Family Obligation,Collectivist-Family,Hopeful/Motivated
9b22de878e18,"Yes, we will be the ones to change the system (paddhati) of this country so we can accommodate our friends back in the country. ❤❤❤",Neutral/Observation,Systemic/Political Anger,Collectivist-Nation,Hopeful/Motivated
7c6b4435a580,Touched by the video but hope I’ll be back to my own home country 😢,Neutral/Observation,Economic Necessity,Collectivist-Nation,Despairing/Sad
ef5d4c2dad29,Truth is always bitter 😔,Neutral/Observation,Economic Necessity,Individualist-Self,Pragmatic
40af865bd0b6,You got new subscriber.,Neutral/Observation,Economic Necessity,Individualist-Self,Pragmatic
5c08070bb5a0,Well explained,Neutral/Observation,Economic Necessity,Individualist-Self,Pragmatic
a83248fc6c37,i think i would be happy to stay in Nepal ❤,Anti-Migration,Patriotism/Love,Individualist-Self,Pragmatic
dddba050ab1c,changing the traditional education system into practical educational  system nepal can somehow change the situations.,Neutral/Observation,Systemic/Political Anger,Individualist-Self,Hopeful/Motivated
51cfdf53a3e6,"Music ra movie haru le dherai inspire garna sakinxa saabailai desh premi banna ra desh ma basna lai tyei vayera b grade movie banaunu ko satta alik logical ra desh premi movie bannu paryo, ani maya prem ra depresaive geet ko saath saathai desh ko barema geet bananu parxa, artists ra art dherai matter garxa deah bannu ma, yesle dherai contribute garxa desh banna, bbakwash kura gareko jasto lagna sakxa tara dherai country haru xa yesko example, main example is india",Neutral/Observation,Patriotism/Love,Collectivist-Nation,Pragmatic
edaa1266ea0b,"Though I am also studying outside of Nepal. ""With the help of my passion, educational background and opportunity I have had. I will promise to contribute for the betterment of my country no matter what. And work hard everyday.I refuse to die without helping my country ""Nepal""  that gave me everytthhiinnggg.",Neutral/Observation,Economic Necessity,Collectivist-Nation,Pragmatic
6a2ff6dda22e,This is the greatest opportunity. As everyone is moving out there's a vaccum in country. I see people with exceptional skills and entrepreneurship will excel in Nepal within a couple decades.,Neutral/Observation,Economic Necessity,Collectivist-Nation,Pragmatic
ac2e0ab30ee2,I am a Student Currently Studying In Bachelors This video has 100% nailed it in this one,Neutral/Observation,Economic Necessity,Individualist-Self,Pragmatic
1af039451ea5,"For some reason, I'm crying so hard while watching this video",Neutral/Observation,Economic Necessity,Individualist-Self,Despairing/Sad
675639d5ad58,Ni ce research,Neutral/Observation,Economic Necessity,Individualist-Self,Pragmatic
90811a346058,Last part just make me sad 😭,Neutral/Observation,Economic Necessity,Individualist-Self,Despairing/Sad
9b6a5ea235bf,Huna ta ho yo desh mai baseyra khe garxu vanee haru lai bachnai garo xa🤞💗 <br><br>Tyhe vayara sabai ko sapana nai jasare vaya pane bidesh janu nai ho😥,Anti-Migration,Patriotism/Love,Collectivist-Nation,Pragmatic
0b007f77d73e,Tq ganatantra,Neutral/Observation,Systemic/Political Anger,Individualist-Self,Pragmatic
e3ca5c49fdfa,that the last things which you says <br>kosis gareko ho dherai  j garda ni nepal ko job ko income ley ghar ma afu lai palina garo huney afu chayako yauta bike kinna ta sakidaina ghar ko aaama buwa bihe vaya si ko kurai xutai ani arko kura system <br>system paila nepal ko change vaya si i iwill be back ani garxu nepal ma nai kei <br>    yaoua job ko lagi neta haru ko afno amney hunu parxa ya thulo padh ma afno koi manxe natra hami jasto ley job pauna ta khoi<br>    thanks hajur ko kura ley sarai chitta bughyo,Anti-Migration,Family Obligation,Collectivist-Family,Hopeful/Motivated
9168b11d430f,"2081-01-01 ma m yo video herdai chhu, after 10 years I'll be back here I hope the goal I've decided to achieve will definitely be there in 2091 thank you so much for your information ❤",Neutral/Observation,Economic Necessity,Individualist-Self,Hopeful/Motivated
d0eb32b4f951,Nepal ma ta abaw janawor pani baachna gaaro vaisakyo maanxe ko ta kurai  xaadau sakiyo Nepal sab vrastchaar ra garibile khaisakyo,Anti-Migration,Patriotism/Love,Individualist-Self,Pragmatic
58112b61e529,"competition kaam hune wala kura; jaba population nai ghati rako xa vani services,business chaine ni ghatni nai ho ani aile jasto dherai loksewa, or such service ko lagi khulni seats ni less nai hune ho competition matra haina teo related opportunity ni ghatxa",Neutral/Observation,Economic Necessity,Individualist-Self,Pragmatic
fd82c1d67ecd,"Daju,""hajur kw video la saraii naii mann laii choioo",Neutral/Observation,Economic Necessity,Individualist-Self,Pragmatic
1aca41be2972,You are best content creator.i am very interested with your video. How you make this type of videos as a content creator.can you tell me for motivated for me.....,Neutral/Observation,Economic Necessity,Individualist-Self,Pragmatic
bf4df8cd3adc,"I used to have the same potential of doing and staying in my own country. Although i was working in the government sector. I left the government job, and  I went Australia for higher study and better future. I don't have any regret coming to Australia, sometimes I realised life used to  be simple, better in Nepal. I have faced the hardest moments of being far from the family, country, and struggling life here. It's all how, where you take your life. However, if you have determination and patience to your dream, you can reach your goal wherever you live.",Trapped/Regretful,Family Obligation,Collectivist-Nation,Despairing/Sad
994106b606bf,"Yes ! IT sector ma skills gain garyo vane. ramro hunxa. No college degree, no tension !",Neutral/Observation,Economic Necessity,Individualist-Self,Despairing/Sad
0cfc738a69c0,"Nepal really needs to follow ‘The Mahendra Path’ for stabilisation anyatha kunai baad ya kunai bideshi tantra le desh sakkauna bahek aru kehi gardaina.<br>Sabai jana ek bhayera aafno aafno thau bata garne ho bhane asambhab kei panj chhaina.<br>Jaya Nepal , Jaya Desh🇳🇵🕉️",Pro-Migration,Patriotism/Love,Collectivist-Nation,Pragmatic
f239b8ff6676,Timestamps (Powered by Merlin AI)<br>00:04 - Consideration to stay or leave Nepal<br>04:27 - Discussion on staying or leaving Nepal<br>08:19 - The video discusses the decision to stay or leave Nepal.<br>12:16 - Discussion on staying or leaving Nepal<br>16:15 - Earning in dollars and spending in rupees is fascinating<br>19:44 - Consider staying in Nepal for its cultural richness.<br>23:04 - Debate on staying or leaving Nepal<br>26:25 - Decision to stay or leave Nepal,Anti-Migration,Economic Necessity,Individualist-Self,Pragmatic
d04aa5a020c7,"The thing about competition is, if the number of competitor is less then the quality of competition is degraded as well.",Neutral/Observation,Economic Necessity,Individualist-Self,Pragmatic
6c2042fc5fb1,"Dheraii naii ramrro fact vannu vayo daii,so ahile moh India ma kaam gardai Xu Ani mero aafno sochai nii testai xa kii 1 din moh aafnai desh ma farkerw jane Xu rw yaha kamayako paisale kehi business garxu aafulai knowledge vayako sector ma.i love my country 🇳🇵🇳🇵🇳🇵🇳🇵",Neutral/Observation,Patriotism/Love,Collectivist-Nation,Pragmatic
c99db142b29e,मैले यो कमेन्ट छाडेको छु । म नेपालमै बसेर केहि गर्नेछु मेरो परिवारको लागि ❤ । अब केहि बर्षपछि यो विडियो र कमेन्टको सम्झनाको लागि #nepal,Anti-Migration,Family Obligation,Collectivist-Family,Pragmatic
4c9c7d8bf6fc,What a scary truth😢,Neutral/Observation,Economic Necessity,Individualist-Self,Despairing/Sad
4c8252357c93,भाइले भिडियो को अन्तयतिर भनेको भनाईले सारै भावुक बनायो र आशआदी पनि बनायो,Neutral/Observation,Economic Necessity,Individualist-Self,Pragmatic
0f3b7b920898,जय देश 🇳🇵❤,Neutral/Observation,Economic Necessity,Individualist-Self,Hopeful/Motivated
78430bd085fe,"Bro, I am also going abroad.❤❤",Pro-Migration,Economic Necessity,Individualist-Self,Pragmatic
828d29f8a337,Boom Boom 💥,Neutral/Observation,Economic Necessity,Individualist-Self,Pragmatic
c45c47875bf9,Ma jun kuraley nepal bsnw chahanxu tei kura tapaile bhnubhayo❤.<br>Asa xa ekdin maile bidesh batw  bhitraye ko dollar ley mro desh kai naharaos rw rahirahos❤😢.,Pro-Migration,Patriotism/Love,Collectivist-Nation,Despairing/Sad
da7e05e034fc,i  also think same,Neutral/Observation,Economic Necessity,Individualist-Self,Pragmatic
c295029832df,"They're looking for saviour, you look for safety ❤",Neutral/Observation,Economic Necessity,Individualist-Self,Pragmatic
6ef24aba97b5,Tai Kura lay nai ho ma pani back to Nepal vako kaie garnu xa afaienai desh ma ❤❤❤,Neutral/Observation,Patriotism/Love,Collectivist-Nation,Pragmatic
6c4e78094fa8,"It’s a harrowing data and almost an apocalyptic situation we are in today.  A dire situation as if South Vietnamese people desperately living Hanoi in 60s to evade the North Vietnamese communist attacks.  Today no family, household or community is immune from their near and dear working abroad.  Instead of as to how we can encourage them or facilitate their safe return  to the country our politicians such as Lal Babu Pundit and many others are up in arms with their idiotic rhetorics.  We must bring sensible changes to balance this one way traffic now or face the ruins.",Pro-Migration,Family Obligation,Collectivist-Nation,Angry/Frustrated
c6fd73ff9c7b,I am commenting this from “bidesh”. I never wanted to come. I was a nurse but after by bachelor i lost my hope. Jo pani yo video nepal bata heri rakhnu vako cha i hope you guys get courage to stay in nepal and be a change factor. I couldn’t do that because IT vahek pani dherai profession cha that needs change.,Anti-Migration,Patriotism/Love,Individualist-Self,Angry/Frustrated
c785637c859c,I wanna be that kanxa dai❤,Neutral/Observation,Economic Necessity,Individualist-Self,Pragmatic
18e53d89a448,"Haami afno desh lai recover garney soch ma leuna parcha.<br>Ek huna parcha. Balen Shah le ma matrai antim saas ho vanera daabi lagayesi man ekdam siringa vayeko thyo. <br>Politically fight gardai cha, kina vaney, waha Nepalkai youngest leader ma parincha. The youth wants changes. Tara hernus, ahile pani kati jhamela ma fasai rahecha garchu vanne haru lai. <br>Adik huney samaya ai raheko cha,jasari aghi India ko e.g diye jasari. <br>I want to return and do smthg in Nepal, sikchya chettra ma. Kina vane malai desh ko maya ra vavishya ko laagi asha vayekole garda ho.<br>Ma Nepal bata ho vanera garba saath aaja pani, bidesh mai vaye pani ma vandai ayeko chu. Desh ko awastha ahile j sukai hos, Loyalty ko laagi kina hos, afu Nepali nai ho vanera chinauna ma pachi hatney chaina.<br>Lastly, this channel needs more subscriber.",Anti-Migration,Patriotism/Love,Collectivist-Nation,Hopeful/Motivated
5d2907754b42,"At least , firstly try to stay here in nepal , i am one of them ..... ❤ padey lekhey ko Youth vaye po desh banxa , kam nalagdo system change hunxa ....",Anti-Migration,Patriotism/Love,Collectivist-Nation,Hopeful/Motivated
838bfc8f23af,Aako vedio man bata man paryo,Neutral/Observation,Economic Necessity,Individualist-Self,Pragmatic
8df8d669efd5,नया youtube साथिले एक अर्कालाइ सपोर्ट गरौ है🎉🎉🎉🎉🎉,Neutral/Observation,Economic Necessity,Individualist-Self,Pragmatic
f4d6b25cbfcd,Feri Nepal aau (yaha dherai job pauna milxa aba ) 👍👍👍😍😍,Neutral/Observation,Economic Necessity,Individualist-Self,Pragmatic
8860adae0328,"एउटै मन कतिपटक जित्छौ भाई यार॥<br>सबै ठीक छ । “भौतिक सुविधाको मात्र पछि लागेर मात्र जीन्दगीमा शान्ति मिल्दैन” भन्ने कुरो थपिदिएको भए सुनमा सुगन्ध हुनेथियो। अनि नेपालमा IT मात्र होइन, tourism business मा पनि राम्रो सम्भावना छ है॥",Neutral/Observation,Economic Necessity,Individualist-Self,Pragmatic
f690ee00ef81,Dai omini scandal ma vedio banaunus na.big fan ❤,Neutral/Observation,Economic Necessity,Individualist-Self,Pragmatic
93e786b9edbd,mero ni abo 12 sake xi plan tei thiyo tara plan change garum jasto lago ❤️,Neutral/Observation,Economic Necessity,Individualist-Self,Hopeful/Motivated
b7178c873315,"if leaving country increase rapidly day by day , in certain time , country face huge , economic cricis and youth !!",Neutral/Observation,Economic Necessity,Collectivist-Nation,Pragmatic
b994c08aa4c2,१५ वर्ष अगाडी मैले पनि यही सोचेको थिए ! आज सम्म कठै मेरो देश । अब तपाईको video ले अझै पनि म आशा गर्दछु । But again I dont think with this kind of situation we should stay still in Nepal 🤔,Anti-Migration,Patriotism/Love,Individualist-Self,Hopeful/Motivated
6cf85c1eab7b,sai hoo,Neutral/Observation,Economic Necessity,Individualist-Self,Pragmatic
86f72abfec8e,"Tapaile bhnu bhayo ni video graphic, editing,content creation kunai private scl ley afai koi rmro professional lai hier garerw suru gryo bhne jslai padhmw man xaina tniharule tyo apdhxan rw bahirw gayerw hos wah nepal ma baserw kei grxu bhne majale grnw skxan❤hope anybody will strt it up.",Anti-Migration,Patriotism/Love,Individualist-Self,Hopeful/Motivated
09da47e6b6a4,For growth in IT sector in Nepal. The government should make international payment good and work to improve it because there are no any options to withdraw dollars in Rupees in our Local Bank.,Neutral/Observation,Systemic/Political Anger,Collectivist-Nation,Hopeful/Motivated
0d1815da2a14,"Simple cha, Jobs haru create garnu paryo, government le create garnu pardaina jobs, buisness garney anukul environment, policy ra system matrai banayo bhaney manchey haru afai le Jobs create garchan.",Pro-Migration,Systemic/Political Anger,Individualist-Self,Pragmatic
43d3c05be2a3,Dubai ma basera yo video herda ta kaile nepal farkim vayo ho😢❤,Pro-Migration,Patriotism/Love,Individualist-Self,Despairing/Sad
2282fc87b359,Comment  section is more 😢sad than the video it’s so saddening to see a reality of our country nobody like to leave their home country I bet everyone but we have the financial responsibilities after all. Money matter to survive in this expensive world and marring is realising love is not enough to survive but money is,Neutral/Observation,Economic Necessity,Collectivist-Nation,Despairing/Sad
f478789f86ea,Bro lea vedio lea chai maan ma keai chai banuxa,Neutral/Observation,Economic Necessity,Individualist-Self,Pragmatic
2d517f16ced7,It sector ley india lai dharai positive grow gari sakyo aaba nepal ko palo ❤ sabai kura ko expired date hunxaw hamley nepal bandha loadsheeding jasto thulo issues bata mukti pai Sakim nepal will change soon we have to change it ❤ ids and 90% social media influencer knows how to dimotivated youth sushant pradhan ko recent video properly explain gariyako xaw kasari nepal change huni wala xaw❤,Pro-Migration,Patriotism/Love,Individualist-Self,Hopeful/Motivated
e04cd64e0120,please make a content on fixed ma paisa rakhera basne ra aseet ma invest garnu satta materials ma paisa invest garne trend,Anti-Migration,Economic Necessity,Individualist-Self,Pragmatic
425f63ccff7a,"I believe that most of the Nepali students who have been studying abroad will return back home and start working in the country with experience,  knowledge and skills as we all have a great plan to boost up Nepal and personal financial growth.<br>I believe young will return backs home. I will return too 😀",Pro-Migration,Patriotism/Love,Collectivist-Nation,Hopeful/Motivated
e988b73f8792,Probability Ra reality to different things k huncha vandha ni ! self growth ma Manche ko focus huncha home country or foreign country is two choices we all Nepali  have desh bhakti won't make food on the table better career money makes food on  the table at last the question arise should we leave or should we stay 😢,Anti-Migration,Patriotism/Love,Collectivist-Nation,Hopeful/Motivated
32f4c2081a7f,"When issues like corruption, mismanagement, dirty politics, and transportation are resolved, we will certainly do our best to return to Nepal and contribute. Otherwise, it is too risky for us to come back and struggle with flawed systems, especially when we are accustomed to a higher quality of life abroad. We have seen how much Rabi Lamichhane and his family had to endure to bring about change, which I couldn't tolerate if I was in his place. (From someone doing a PhD abroad)",Pro-Migration,Systemic/Political Anger,Collectivist-Family,Hopeful/Motivated
60b7152c0fdf,Yo video ma college ko homework gardei suni raxu ...ma nih janxu bidesh due to ghar ko pressure,Pro-Migration,Family Obligation,Collectivist-Nation,Pragmatic
5d4d95748776,"Like others I left the country, but unlike others my goal is to bring not only money but my expertise and skills for my country. Hope everything goes as planned ✌️✌️",Neutral/Observation,Economic Necessity,Collectivist-Nation,Hopeful/Motivated
bae121e67a3a,"31 yr old Nepali - (British national) -  In the UK and other global economies, the rapid advancement of AI and digital systems is transforming the job landscape, leading to significant shifts in employment. Roles traditionally reliant on human input, such as administrative coding, web development, IT administration, social media management, video editing, graphic design, accountancy, and even positions like purchasing managers and administrative staff, are increasingly being automated and AI. This trend has led to notable job reductions across various sectors; for instance, PwC has released 5,000 employees, Citigroup has reduced its workforce by 4,000 to 5,000, and similar actions have been taken by Barclays, HSBC, and numerous other firms within the accounting, technology, and communications industries. In response to these changes, professionals are encouraged to pivot towards careers that are more resistant to AI disruption, focusing on areas where human expertise and creativity remain irreplaceable.",Trapped/Regretful,Economic Necessity,Collectivist-Nation,Pragmatic
da5de771a0d6,The main root is government. Government should provide system.,Neutral/Observation,Systemic/Political Anger,Individualist-Self,Hopeful/Motivated
3e42cfa4df62,Lastai man chuyo <br>Aafno desh vanya aafno aafno desh ho<br>Janmavumi nepal<br>Karmavumi bahira vayo😢<br><br>Hope chardai nepal aayera basne environment create hos<br>Jasma maile ni kei garna sakum aafno desh Nepal ko lagi😢<br>Jay Nepal 🇳🇵,Anti-Migration,Patriotism/Love,Collectivist-Nation,Hopeful/Motivated
b732cac90477,"Dai the video the concept and the creation of hope was fabulous. But what you said about IT and outsourcing has some problems with it, the major problem lies in foreign currency direct transactions. Also I don't see government supporting outsourcing, example you gave of Indian economy, in india major part is covered by FDI(Foreign direct investment) and outsourcing, i don't see our government supporting this.",Pro-Migration,Systemic/Political Anger,Individualist-Self,Hopeful/Motivated
322e5a57923a,"A bit emotional😶<br>consumption गर्नु मात्र सफता हाेइन्। विदेश गएर मेराे जीवन त सुखि हाेला तर मेराे समाजमा कस्ताे असर पर्छ, देशमा कस्ताे असर पर्छ ध्यान दिन आवश्यक छ। प्राण भन्दा प्याराे मेराे देश ❤️❤️🇳🇵🇳🇵",Neutral/Observation,Economic Necessity,Individualist-Self,Hopeful/Motivated
e5e1484933bc,Nepali drubh rathee❤,Neutral/Observation,Patriotism/Love,Individualist-Self,Pragmatic
fd7ea828a45b,Sabai software engineer huna sambav xaen kei agricultural ra natural wise ma pani established priority hunuparyo,Neutral/Observation,Economic Necessity,Individualist-Self,Pragmatic
efb1c10e8f56,We can do it ma pani khi samaye paxi farkera  afnai desh ma khi garne xu rahara le hoina badataya le desh chodeko ho    love Nepal  my country my soil.💚❤️,Anti-Migration,Patriotism/Love,Collectivist-Nation,Hopeful/Motivated
a3ffdab57e0b,"The data that you have presented in 2:20, the header of the document says Arrival and Departure of Nepali Citizens, can you also please highlight the column header that says ""Number of Departures"". So that the casual viewer (like me XD) can quickly spot the column is representing only Departures. Also in 3:04, the written text says 541, but the narrator says 1541, which is it?",Neutral/Observation,Patriotism/Love,Individualist-Self,Pragmatic
3ebdbfc37a88,I'm IT students but i dont hava any idea 😍,Neutral/Observation,Economic Necessity,Individualist-Self,Pragmatic
970b902835f5,माया मुजि मोह ले मात्र के गर्नु देश को माया त लाग्छ नि |,Neutral/Observation,Patriotism/Love,Individualist-Self,Pragmatic
2d716c731a49,purai sunepaxi aakha vari aashu vayo🥺🥺desh kaha jadai xa tw..?,Neutral/Observation,Patriotism/Love,Collectivist-Nation,Pragmatic
07d8c57f6669,"परिस्थितिले जन्मभुमिमा कर्म गर्न नसकेपनि, मर्न पाउ।",Neutral/Observation,Economic Necessity,Individualist-Self,Pragmatic
718fffad4946,Mo ta so  lod bedes basne ho tanna kamaune ani bank ko interest khadai basne ho ani sano business garne ho,Anti-Migration,Family Obligation,Individualist-Self,Pragmatic
b326bd595bc9,अबको १०० बर्षमा नेपाल शक्तिशालि देश मघ्येमा गनिनेछ,Neutral/Observation,Economic Necessity,Individualist-Self,Pragmatic
05f89b9d2980,"K garne family ko maya cha. Yha ta eat, sleep, play repeat,stuck in infinity loop bhai.😢 from-🇵🇸",Neutral/Observation,Family Obligation,Collectivist-Family,Despairing/Sad
4fa4c7b333d8,यो देश छाड्ने हजारौं कारण छन् तर नेपालमा बस्ने एउटै कारण छ माया🤍🌷🇳🇵,Neutral/Observation,Patriotism/Love,Individualist-Self,Pragmatic
3436514ad95b,Jhatta herda jindagi dami cha sabai thikxa hajur paisa kai kami cha... m age 35 not leaving country and never in future,Neutral/Observation,Economic Necessity,Individualist-Self,Pragmatic
ed3d82e1ecb0,Tension vayara aayo,Neutral/Observation,Economic Necessity,Individualist-Self,Despairing/Sad
7d253f55bb8a,अाँखा बाट अासु अायाे😥<br>के भयाे यस्तो देश😭,Neutral/Observation,Economic Necessity,Individualist-Self,Despairing/Sad
0d2785849bf5,"I have left my country, it's been 10 years. I agree and I don't and I have my own reason.",Neutral/Observation,Economic Necessity,Individualist-Self,Pragmatic
98b65e612149,"Data scientist,IT,sector ma job garna interest pani hunu paryo ni.....Afnu interest talent pani evaluate garnu parxa...paisa bhandaima ahakha chimlera IT field choose nagareko ramro...",Neutral/Observation,Economic Necessity,Individualist-Self,Pragmatic
5fc792a0917f,10 Yrs paxi yo comment herna lai xodeko xu..nice content bro,Neutral/Observation,Economic Necessity,Individualist-Self,Pragmatic
f2a30734535e,Last ma ta dhannai royena 🥲,Neutral/Observation,Economic Necessity,Individualist-Self,Despairing/Sad
a13a5faca88f,"म तेति जान्छुझै त लगदैना है साथी, तार येति भन्न चाइ मन थम्नै सकीन । <br>भावना 💖 ले मात्रै एकजुट अनी गलत गर्नबाट रोक्ने नै हो बाकी सबै कुरा भौतिक चिज हारुले नै चल्छ।",Neutral/Observation,Economic Necessity,Individualist-Self,Pragmatic
07c00bf445f3,Ekai choti sabai sodesh farkera neta haru lai bhagauda kaso hola? Aru le desh banayepaxi farkinxu matra bhanna ta sajilai kura ho afai banauxu bhanne chahiyo.,Anti-Migration,Systemic/Political Anger,Collectivist-Nation,Pragmatic
2dc6462502d5,नेपाल एक सति ले सरापेको देश हो। तेही भएर होला धमाधम विदेशिन बाध्य भएका,Neutral/Observation,Systemic/Political Anger,Individualist-Self,Pragmatic
2b554732244a,"ok I understand your words.... tapaiko kura ni thik ho ... maile 2022 ma mero +2 sakkeya.... ma euta lower middle class bata belong garxu .. baba yo jyami kaile kam hunxa kaile hunna... thekdar ho.. but kam huda ni poisa time am aaunna... dd ni xa who is also studying... uh aaile BBA paddai xa jasto mimimum fee hami tiiri ra xam 4 lkh for 4years... tara house rent .. khana .. gadi vada.... ghar kharcha.. yeti le savings nai hunna... i have been working from grade 11 afno family ko problem dekhera .... ... maile apply gareko xu bidesh kinaki maile ya kei dekhina... family issue le garera maile ya kei join garne himmat nai aayena... i was good student ra uta full scholarship ma IT padhna paudai xu .... maile nepal ma dherai nai collages khoje kunai ma k vanxa kunai ma k .... maile ya pade vane yearly 6 lakhs samma ma full IT cource padauxu vanne collages haru vete but after scholarships... jaba ki yedi ma bidesh gaye vane free ma padxu ... jane kharcha matra ho... ani tya gara ni aafai kamara sustain garna sakxu ... ma sanga accountant ko experience xa ... ma writer ni ho.... ra Ielts ni padauxu ... but ya kamako poisa ta ussai sakkinxa,,..... ma monthly 25-30k kamauxu after +2 tara teti ho... ya maile garna try na gareko haina.... maile 1 year aafai kamara tirxu vanera ni join garan khojekoho.... tara gahr ma poisa dida ... dd ko fee.... sabbai garda afu lai ta na pugne raixa ,.. ani desh ra baba mumi ko maya na lagne haina tara bidesh na gai kei na na hune raixa... it may hurt but it is true ... uta nai ramro xxa...",Anti-Migration,Family Obligation,Collectivist-Nation,Pragmatic
56aae718ef40,Should we stay or leave ko  video ta banyo tara  hajur ley yeuta dedicated video banua nu na nepalmai basera kk garna sakinxa napla ma khulera garna sakine thau ra area haur kk xa kun field xa ra tyo thau ma hamiley aafno time ra effort diye anu sar kati ko income generation garna sakin xa tyo kura lai aajai kasari expand garna sakinxa ra international trade haru gare ra kasari economic growth ra development garna sakin xa aafno desh ko ??????? @IN-Depth Story,Anti-Migration,Patriotism/Love,Collectivist-Nation,Hopeful/Motivated
a643b97c72e6,"I work a tech job in Australia, If i can get a remote job with the same money in Nepal, I will definitely return.",Pro-Migration,Economic Necessity,Individualist-Self,Pragmatic
71cccd1fd07c,Malai pani tei Kanxa dai huna ta mann xa tara k garnu 😢 badyeta xa k garnu,Neutral/Observation,Economic Necessity,Individualist-Self,Despairing/Sad
1bb2cca5d38f,"Migration rokna nepal sarkar ra nepali janata ley even ghatauna sakena vaney, nepal ma basney ani buisness garney lai ekdam garo awasta auney xa . Bcoz business is direct related to population. Outside valley ko lai ta ahiley nai garo awasta aai sakeko xa .",Anti-Migration,Systemic/Political Anger,Individualist-Self,Pragmatic
930517ba9c6d,Nepal ma sabai mahagi ani kaam haru chhaina 10-12  kaam Garda family palnu sakdaina but Europe Australia tira student padhera Pani ramro kamayeko chha,Anti-Migration,Family Obligation,Collectivist-Family,Pragmatic
b44be785a009,"नेपालमै बसेर डलर कमाउने चाहिँ अर्ध नेपाली हुन । सोझो हिसाबले हेर्दा उनिहरु नेपालमै बसेपनी, उनिहरुको श्रम र पसिना चाहिँ विदेशिकै लागि बगेको हुन्छ ।<br><br>म आफै यो काम यानिकी (Freelancing) मा सम्लग्न भएको अनुभवले भन्दैछु ।",Anti-Migration,Economic Necessity,Individualist-Self,Pragmatic
87fb0fa4c570,100 केजी सुन काण्डको बारेमा निकाल्न पर्यो शर,Neutral/Observation,Systemic/Political Anger,Individualist-Self,Pragmatic
a60071860b8f,8.15 off topic hoina bro maybe personal gayo jasto lagyo 😅😅,Neutral/Observation,Economic Necessity,Individualist-Self,Pragmatic
46354d8ffaa6,Ekdam babal kura ki tara tapai k chahanu hunxa ?<br>Varkhar bachelor saknu vayeko chha <br>K garnu hunxa hajur?,Neutral/Observation,Economic Necessity,Individualist-Self,Pragmatic
c23ebf4f08d5,In croatia Nepalese are largest migrants today.,Neutral/Observation,Economic Necessity,Individualist-Self,Pragmatic
620e4af9ccd2,hello i’m from india but i’m nepali i was think same 🥲,Neutral/Observation,Patriotism/Love,Individualist-Self,Despairing/Sad
c47a474af062,"काम गर्न देश वा गाँउ छोड्नु संसार भरिकै चलन हो , अहिलेको मात्र होइन पहिले देखिकै। अहिलेको डाटा र त्यही अनुसार आगामी दिनमा नेपालमा जटिलता उत्पन्न हुन सक्छ। हो त्यो 'हुन सक्छ' मात्रैको कुरा हो । अहिले जे देखिएको छ त्यही रही रहन्छ भन्नु गलत हुनसक्छ । परिवर्तन दुनियाको नियम हो ।",Neutral/Observation,Economic Necessity,Individualist-Self,Pragmatic
f10cc6317420,The light in the darkness 24:55,Neutral/Observation,Economic Necessity,Individualist-Self,Pragmatic
ba063d9a2639,Romania dekhi portugal aako ma matra ho ki aaru ne cha let’s see❤️❤️,Neutral/Observation,Economic Necessity,Individualist-Self,Pragmatic
e575a2867c29,0:40,Neutral/Observation,Economic Necessity,Individualist-Self,Pragmatic
949c8501c79b,😢😢Aba Nepal vanney desh nai huddaina sabbai ley xoderaaa 😢😢😢janxannn,Neutral/Observation,Patriotism/Love,Collectivist-Nation,Despairing/Sad
2eb50226eb2b,ए सुदिप भाइ नेपाल मा हिजो नेपाली नेपाली बिच प्रतिस्पर्धा(competition) थियो तर आज जसरी असरल्ल भारतिय हरुलाइ नागरिकता बाडिदै छ नि हो त्यसरी नागरिकता बाडिदै गर्दा नेपाल त रित्तो हुदैन तर नेपालमा नेपाली पनि हुदैनन् भन्ने मा चै म पक्का छु।त्यो एङ्गल बाट पनि सोच्नु जरुरी छ है सुदिप भाइ।<br>भोलि नेपालमा लोकसेवा मा नाम निकाल्ने भारतिय हुनेछन् जसले नेपाली नागरिकता सजिलै पाउदै जादैछन।,Neutral/Observation,Systemic/Political Anger,Individualist-Self,Pragmatic
3a6dadf0c94e,Ma roye dinxu😢,Neutral/Observation,Economic Necessity,Individualist-Self,Despairing/Sad
194a645fe008,Bhanda dhukha lagla astai huni ho vanay hami le hamro desh ya thyo vandai hamro chora chori lai map maa khojnu parxa😔😔😔😔,Neutral/Observation,Patriotism/Love,Collectivist-Nation,Angry/Frustrated
3cbf666ab3cf,Aaba 10 barsha ma desh ta change hola tara hajur ko umer pani rokidaina holani daju. What if the country became in more dangerous situation??,Neutral/Observation,Patriotism/Love,Collectivist-Nation,Hopeful/Motivated
d3d4f1da9238,"Leave Nepal 🇳🇵 as soon as possible. Otherwise,there are only regration .time mai country India lai diyara sab nepali bahira jaam",Pro-Migration,Patriotism/Love,Individualist-Self,Pragmatic
6eaceb859bfd,"hamro copies ko cover page ma lekheko hunx ni a place is only as good as the people in it tyo sacho ho. Dherai nations haru le nepal jasto difficult times bata gujreka xan. Taiwan,Singapore,Japan,South Korea,Botswana jasta countries haru pani Nepal jastai ek time ma developing thiye. Developing countries jastai US le ek time ma the great depression,Chine le Mao's famine ra hamro neighboring country India jun ahile world ko fastest growing economy baneko x ani dherai colonized bhayeka countries le aafno worst time face gareka xan. Tara tyaha ko janata na bhagera aafno desh banauna lagi rakhe tei bhayera ahile tyaha ko development dekhera hami attract hunxau. So I believe Nepal pani ek din testai developed hunx. I believe the fire of development has been lit but it will take time to turn into a blaze(but not forever). But we can only see it happen if we don't leave our country.<br>So everyone no matter what you choose to be in the future(doctor,engineer,microbiologist,teacher etc)you have my utmost respect if you choose to be a nepali",Anti-Migration,Patriotism/Love,Collectivist-Nation,Hopeful/Motivated
d53e9e8b78d8,2 din ko jindagi ho and what is passion anyways kasaiko kei passion vanne hunna ani arko ho part-time wala thik laayo maya le paisa didainaaa haat mukh jodna ni paryo,Neutral/Observation,Economic Necessity,Individualist-Self,Pragmatic
6ad37d0c8dc2,"सार्है घतलाग्दो अनुसन्धान, म स्वयम देशमै बसु केहि गरौ भनेर आजसम्म देश र परिवार छोड्न मन लागेन तर यही देशमा बसेर अहिलेसम्म मैले सोचेको जस्तो जीवनशैली हासिल गर्न सकेको छैन, महिनाभरि काम गर्यो तलब जति खर्च गरेर नै सकिन्छ, कहिलेकाही पहिले नै विदेश जानुपर्ने रहेछ भन्ने सोचले मन खिन्न हुन्छ, फेरि एक मनले हैन यही ठिक छु जस्तो लाग्छ, विदेश गएकाहरु सफल र देशमै बसेकाहरु असफल भन्ने विचारधाराले गर्दा नै होला कोही यहाँ बस्न चाहदैनन, देशमा यति धेरै सम्भावना हुँदा पनि यसको सदुपयोग गर्न सरकारी पद्धतिलाई नै दोष दिन चाहन्छु, कृषि, पर्यटन र हाईड्रोपावर क्षेत्रमा काम गर्न सहज मात्र हुने हो भने पनि देशले कोल्टे फेर्ने थियो, यी बिचमा कमिसन खानेले गर्दा नै हो कसैलाई काम गर्ने आट नआएको, नेपाली जति विदेश पलायन हुँदै गर्दा विदेशीहरु नेपालमा आएर यही घरघडेरी जोडेर बस्दै छन, देश रित्तिएको होइन यहाँ नागरिक संगै देश पनि बेचिईदै छ, अर्काको देशमा दोस्रो दर्जाको नागरिक सरह बाचेको जस्तै आफ्नै देशमा दोस्रो दर्जाको नागरिक भएर बाच्ने दिन नआओस, बिस्तारै भए पनि ठिक हुँदै जानेछ भन्नेमा आशावादि छु🙏 जय नेपाल🇳🇵",Neutral/Observation,Economic Necessity,Individualist-Self,Pragmatic
9d6caf9ec7d2,Sabai kura Sahi Tara jamma world ma 195 country xan Ani 215 ota Des ma kasari gayexan Nepali 😊,Neutral/Observation,Patriotism/Love,Collectivist-Nation,Pragmatic
bf2e4b15ac31,I start working out of country 2015 as barista in cruise still i have no choice.,Neutral/Observation,Economic Necessity,Individualist-Self,Pragmatic
5c68b9d03c6e,"Nepal aile bigreko karan chai eta ko  naagrik haru le democracy nabujhera athawa bujhna nakhojera ho jasto laagxa. I am in search of such a video jun le chai haamle as a citizen, protest haru nagarikana aafno dainik kriyakalaap maa ni hamper nahune gari kasari desh ko politics maa affect garna sakxam vanne kura sikauxa. Kina vane maile aile dekhya anusaar jolle maitighar mandalaa ma protest garuo usko kuraa sunxa sarkaar le. Haami jasto normal citizen ko chai sundaina kura. Haamlai tha nai chhaina kya how to be a responsible citizen vanera. Yo topic maa euta video banaune sakinxa tah brother?",Pro-Migration,Patriotism/Love,Collectivist-Nation,Pragmatic
98cbe5fb6862,"Ma chai Nepal farkidina....Aba manufacturing industry sector fastaune hoina reason no sea to export, sano ASHA hydro bechera komaula, medical herbs n tourism le Ali Ali international trade hola natra Kam xaina.",Pro-Migration,Economic Necessity,Collectivist-Nation,Pragmatic
f9d3505661ab,Hamro ta vabiswa andakar vayo...tara pani hami vanda tallo pidiko vabiswa ujwal rahos...,Neutral/Observation,Economic Necessity,Individualist-Self,Pragmatic
86a71caea9c3,I want to join in depth story please mention me if there is something that I Can do,Neutral/Observation,Economic Necessity,Individualist-Self,Pragmatic
07855f305f00,सबै विदेश जाऊ म पाउँछु opportunity। Kuro । विदेश जाने बाध्यता भन्दा नी compition चलेको छ।  कहिले काँही मलाई पनि यो compition भाग लिने मन लाग्छ।,Neutral/Observation,Economic Necessity,Individualist-Self,Pragmatic
cea39e826292,Nepal ma jaba sama start up suru hunna.. taba sama hami nepali haru bidesh janu ma majbur huncham,Anti-Migration,Patriotism/Love,Collectivist-Nation,Pragmatic
a4d4606534d3,Ma saudi ma xu feri nepal gayar feri arko desh jane sochdai xu😢😢,Neutral/Observation,Patriotism/Love,Individualist-Self,Despairing/Sad
0d2a6402b43f,"म रोमानियाबाटै यो video हेरिराछु,<br>र सुरुको सेकेन्डमै म झसङ्ग भएँ!!😅🇦🇩🇦🇩🇦🇩🇦🇩🇦🇩🇦🇩🇦🇩🇦🇩",Neutral/Observation,Economic Necessity,Individualist-Self,Pragmatic
94bf14801586,Yeah major cities of nepal should be converted into 24 hours. Tokyo is the best example for it,Neutral/Observation,Systemic/Political Anger,Individualist-Self,Hopeful/Motivated
fed7d476f0c2,Mero ne din aaudai xa 😢😢,Neutral/Observation,Economic Necessity,Individualist-Self,Despairing/Sad
df43069d8675,crypto earnings ni xa but thorai xa <br>at least dollar ma income ra rupees ma outgo vaye raxa,Neutral/Observation,Economic Necessity,Individualist-Self,Pragmatic
a97362e88dc2,"ma Aauta Civil engineer ,Nepal Mai Basxu Bhanera Soch rakhya xu .. Mero lagi Khusi Pariwar sanga Samaya Bitaunu Nai ho ❤️",Anti-Migration,Family Obligation,Collectivist-Family,Hopeful/Motivated
05050148b8f7,I need freedom in my life .,Neutral/Observation,Economic Necessity,Individualist-Self,Pragmatic
611f4921375d,"dai ma kassam 30 min ko video sochera mailey paila nahereko video aza herey. aasu jharyo, mutu ghochyo, saas fernu garo vayo ani soch aayo yahie kei garxu tara feri ek chap afno paristhiti yaad aayo",Neutral/Observation,Economic Necessity,Individualist-Self,Pragmatic
6464e292c307,desh mai basne desh mai kai garne bhanera basiyeko xa aaile samma,Anti-Migration,Patriotism/Love,Collectivist-Nation,Pragmatic
9e653b553166,I got my US visa on 20th feb . Desh ma basera aafno baba mamu sanga meetho maseeno khara basni rahar theeyo tara din dinaie desh ko estithi ane aafno ghar ko reen lea garera badya vayeara jana lako ho. Desh ko yuva lea desh banauni vanxha tara banaunai thau naie didaina ane last option naie yeei hubxha☹️,Anti-Migration,Patriotism/Love,Collectivist-Nation,Pragmatic
089a2facb9cf,27:15 to 27:35 ❤❤❤,Neutral/Observation,Economic Necessity,Individualist-Self,Pragmatic
1bb91f0d08fc,"मलाई थाहा छ हाम्रो देश केही कठिन समयबाट गुज्रिरहेको छ तर मलाई विश्वास छ कि हाम्रा नेपाली जनता धेरै मेहनती छन्, हामी निरन्तर बढिरहेका छौं। चाँडै नै त्यस्तो समय आउनेछ जब हामी राष्ट्रको रूपमा हिमालय जस्तै चम्किनेछौं।",Neutral/Observation,Economic Necessity,Individualist-Self,Pragmatic
172e1695c348,"You are earning good income through YouTube, no matter you stay here in Nepal or go abroad. Your are having well establish earning platform but most of the Nepalese students even doesn't getting paid a salary wages of 10k per month after their bachelor",Anti-Migration,Economic Necessity,Individualist-Self,Pragmatic
3bcc605c9bea,Bro hami jagga jamin nahune harulai tyo khali vako jagga 4/6 ana matra sarkarle diyeni yei basinthyo tara 4 aama jagga kinne paisa jogauna bidesh jana parxa,Pro-Migration,Family Obligation,Collectivist-Nation,Pragmatic
57a7709109d7,"16 barsa ki umer na malai hearing loss vako theyoo SLC diney bela .+2 join vaye  , college kahile kahie matra jantheya. Hearing loss ko jarann dherai jasoi gharmaie bastheya  . +2 paxi padhna xordiyaa ..  bdesh janu mero lagi paisa matra kamaunu vanda ni aafulai accept gari naya suruwat garnu thiyo... processing  vaie rako xa working visa ko lagi .tara malai thaaxain k garam bidesh jam ki nepal maie basam.?",Anti-Migration,Family Obligation,Collectivist-Nation,Pragmatic
546e1e5d66b2,yo video aja vanda 15year agadi aako vaye sayad mero life nai arkai huntheyo 😢😢😢,Neutral/Observation,Economic Necessity,Individualist-Self,Despairing/Sad
55472f9b9477,"what if, I haven't figured out what my passion really is yet?",Neutral/Observation,Economic Necessity,Individualist-Self,Pragmatic
73e7e00f67ee,I had the option to go abroad but i choose to stay in my home country and carry on with the business 😅,Anti-Migration,Economic Necessity,Collectivist-Nation,Pragmatic
d8f6b4bab473,Sabin karki- beest le vaneko kora yeed aako j garchu Nepal mai garchu nasake bidhesh janchu wala that point 😢,Anti-Migration,Patriotism/Love,Individualist-Self,Despairing/Sad
0ceb949f7b70,Australia aija kta ho moj xa,Pro-Migration,Economic Necessity,Individualist-Self,Pragmatic
e3f7a995ab3a,Schools  bata  testo negitave habit aila dhaki xa fitcher ma. Kasto aushar  parxa,Neutral/Observation,Economic Necessity,Individualist-Self,Pragmatic
556592054622,last ko 6 ota ma koi ga raina raicha janu parla jasto cha,Neutral/Observation,Economic Necessity,Individualist-Self,Pragmatic
977a6f2358c3,IT sector is in watchlist of this corrupt government on how to get more tax or benefits from them. What is sad and true is that which ever sector grows the government of nepal want to take advantage of that other than let them grow more….,Neutral/Observation,Systemic/Political Anger,Individualist-Self,Angry/Frustrated
20e430afca0e,Bides ma hunele pani cmnt garauna hau tapaiharuko perception,Neutral/Observation,Economic Necessity,Individualist-Self,Pragmatic
d5ea858fcf32,Who else recognize phosphenes 'yestai naie hola' 21:23 21:23,Neutral/Observation,Economic Necessity,Individualist-Self,Pragmatic
9fc8a8699208,दाई मलाई पनि यस्तो लाग्छ यो अर्काको देशमा कामै गर्न मन छैन भनेमन पर्दैन मलाई।,Neutral/Observation,Economic Necessity,Individualist-Self,Pragmatic
c4948eeac6a7,I am steel on a delema <br>Des mai kehi ramro garnu parxa vanne ho herum,Neutral/Observation,Economic Necessity,Individualist-Self,Pragmatic
e4f750858da5,dai ma aaila 1 year ko IT student ho ani aaja hami 5 jana  sathi basako bala aaba future ma k garna ho vana kura vako thayo mero 4 jana  sathi huru sab jana abroad nai jana ho vanxa sab jana IT ko student ho so sad,Pro-Migration,Economic Necessity,Individualist-Self,Despairing/Sad
a9b3ab662b20,Departure doesn’t means leaving own country permanently; people travels for many reasons. Generalising can mislead so many times. Anyway appreciate your effort to aware ppl but please keep vivid analysis on datas.,Neutral/Observation,Economic Necessity,Collectivist-Nation,Pragmatic
2216a4b87cab,Aus ako 10 barsha hunalaesakyo tara nepal farkane ani afu hurkeko thau kahile farkim jasto sadhai huncha.,Neutral/Observation,Patriotism/Love,Individualist-Self,Despairing/Sad
22c966eaa5f2,Bidesh rahar le hainaa badayta le jaanu paryaxa,Pro-Migration,Patriotism/Love,Individualist-Self,Pragmatic
daf60e9c031d,daju laptop kindiney poisa ley ta feri add garera bahira janu vanxan goverment bata aauney lai it hola ta,Pro-Migration,Systemic/Political Anger,Individualist-Self,Pragmatic
ad728bffc8f4,Aru testai ho 7/8 lakh kharcha garera 60/70k kamaunu naramro haina. Ekdam राम्रो ho nepal ma lagani garnu vanda.,Neutral/Observation,Family Obligation,Individualist-Self,Pragmatic
57527c288adc,Timlai testo lageko matra ho bro sabai bideshi nepal aaye vaney tima haru kasailey job paudainau,Pro-Migration,Patriotism/Love,Individualist-Self,Pragmatic
e63cd25506e8,Khair testai vanera Nepal ma basera khe garxu vaneko paisa. Bina kata ejat dinxara...,Anti-Migration,Economic Necessity,Individualist-Self,Pragmatic
9804ca30525a,"Yaha quantity ko kura garam quality ko Haina . Competition ko kura garam sustainability ko Haina , Delusional perfection ma haina Reality ma auspicious bannu paryo .... Skeptical society and Governmental policies will and has been capricious so, believe on your self-confidence , self-belief and don't wait for your time .................. There will be no one in your failure and heaps of em on your success ...... It is a Era of globalization so , wherever you are you are connected to your country and family so, better think of you and not about Problem of country ...... IF koi here is patriotic them when will justice reach for Nirmala , when untill lower caste and upper , Till when corruption, Till when poverty , Till when Good Education, Till when basic transportation ..... My heart goes to kids who have to cross fast current water and walk miles to reach school and still to get low quality education............ Till when we will suffer ... it has been eternity since, I have seen depressed youth and expectation from family .....     Shree Krishna said "" You can't make everyone happy in your Life if you try to do so you will be lose faith or self-belief "" ................ Radhe Radhe ....",Trapped/Regretful,Systemic/Political Anger,Collectivist-Nation,Despairing/Sad
611e15c227af,"@ To Give you an Overview Assessment on my Thoughts 💭. I have mentioned about Being Optimistic and Choosing your Career wisely . It’s Okay to Love your own Country but To live you need financial independence Which is not possible in This Country Therefore, My opinion is to Leave the country.",Neutral/Observation,Economic Necessity,Collectivist-Nation,Pragmatic
aee852a01909,yuwa unite  is necessary lets educate nepal as a youth i have been searching job for my financial situation after 12th but no one is giving me job lets hope for my job and i will donate all my money for my future chareity. jai nepal jai kirat.,Neutral/Observation,Economic Necessity,Individualist-Self,Hopeful/Motivated
873fa06fe7d4,bro talent ta xa Tara certificate magxa ani k garne hola ta. Nepal is frustrating. but I don't wanna leave my country,Neutral/Observation,Patriotism/Love,Collectivist-Nation,Pragmatic
a5851d89bae5,I hope for my job if nepal cant provide me part time or full time I will leave for sure. lol,Trapped/Regretful,Economic Necessity,Individualist-Self,Hopeful/Motivated
77de23355cb8,as a youth I love Nepal but I think nepal don't love me. I was ready to do anything but no jobs was available.,Neutral/Observation,Economic Necessity,Individualist-Self,Pragmatic
e733bec3c9ce,Jati bikas uti nai binas ho atti chai bujhau sabai le,Neutral/Observation,Economic Necessity,Individualist-Self,Pragmatic
dd8dbdda6daf,नेपाल को भविष्य निकै कालो छ ।,Neutral/Observation,Systemic/Political Anger,Individualist-Self,Pragmatic
a2f2bc93029d,Please Sapai Janna ajjai jaanoo. Hathbandi hataiidinoos and haamilai sasto maa jagga bechnoos. Thank you.,Neutral/Observation,Systemic/Political Anger,Individualist-Self,Pragmatic
51a5ad948416,No doubt UAE 🇦🇪 is the top destination for Nepalese 🙏,Neutral/Observation,Patriotism/Love,Collectivist-Nation,Pragmatic
cabed10b2811,"Mailey pani bidesh jana process gari raxu esko main resaon jati hela, madheshi dhoti kaley, xua xoot, panauti jasta kura le hoo 😔",Pro-Migration,Patriotism/Love,Collectivist-Nation,Pragmatic
bdd6700e7b24,Yo country ma kohi pani nabase hunxa,Neutral/Observation,Systemic/Political Anger,Collectivist-Nation,Pragmatic
7911fe975f56,Ma Nepal Mai khe garxu vhanera agriculture garerako xu Nepal Mai 8 yrs vaisakyo 4yrs relationsgip vayo KT patiko le ktale kamaudaina vhanera KT KO arkai NRN sanga nai bihe vaisakyo ma eklo xu this is the reality #In depth story,Anti-Migration,Family Obligation,Individualist-Self,Pragmatic
a1ce170db02b,we don't to bt our governments are make us too they don't give us any choice to stay in nepal and do something they are makeing us😢,Anti-Migration,Systemic/Political Anger,Individualist-Self,Despairing/Sad
f3158aff5f6e,yo data le ta  kalantarma deshai ritto hola jasto xa. yo k bhaeko hola nirasha matrai dherai !!!,Neutral/Observation,Patriotism/Love,Collectivist-Nation,Pragmatic
0a013a1eb863,Sir Sarkar Lai koly dimak auxa Ki bato banayra  matra days agadi huna dys ma ABA manufacturing company tira lag na par xa,Neutral/Observation,Economic Necessity,Collectivist-Family,Pragmatic
dee07ce85652,Desh ko Chinta hamile matra garera K huncha!,Neutral/Observation,Patriotism/Love,Collectivist-Nation,Pragmatic
2fb58b562ce6,Ma Yaha UK aako 7 mahina vo.  Rw Vanna chahanxu aafno deshko Maya k ho vanne Kura bahira gayer thaah paauxa.. Arkako desh Vanda aafnai deshma basnu ramro.. Yaha 1000 KO rup dekhna garho xa .. Tara Nepal ma 10000 ni herna paauthyo .hamro kamai dherai xa uta ..  160 gunnna kamaauney matra hoin kharch pni hunx.. Yaha 1000 kamauna garho xa .. rw tyahi 1000 kamayer 500 jati ta room rent nai janxa. Rw Baki 500 ma kehi garna sakina yata .. but Nepal ma 15 k kamaye 10k ma yati KO jasto jeewan bachna sakinxa . Rw 5k majale aafno saving garna sakinxa.. but yata tyasto xain .. hapta KO 400 kamauda 10 pound ni kharch garna kasto garho feel hunx aafu ma..,Anti-Migration,Patriotism/Love,Collectivist-Nation,Pragmatic
a6f6e9b6fd5a,Emotional damage with motivation,Neutral/Observation,Family Obligation,Individualist-Self,Hopeful/Motivated
fc8f9036d4db,God please  i manifest for my visa 🙏,Pro-Migration,Economic Necessity,Individualist-Self,Pragmatic
f7a6e20fd1fc,"Jabba samma bahun hunxa sarkar ma Nepal kahelea , des yestai hunxa . SAB gaw ghar sukxa",Neutral/Observation,Systemic/Political Anger,Individualist-Self,Pragmatic
a5b78e6f305d,म त नेपालमै बस्ने हो।<br>छोराछोरिलाई पनि बिदेश नपठाउने।<br>गाउँमै गएर बस्छु।,Anti-Migration,Economic Necessity,Collectivist-Family,Pragmatic
ae5a72465022,"देश छोडेको 17 बर्ष भयो ! बिच बिचमा आफ्नै देश घुम्न आए जसरी आउनु पर्या छ !! तर जब आफ्नो देश छोडेर फेरी कर्म देश फर्कनु पर्छ तब  मेरो देश लाई हरेक पटक गह भरी आशु छोडेर फर्किन्छु 😥 बाध्यता ,बिबशता, लाचारी र उज्ववल भबिस्य को बिचमा फसेको छ हामी नेपाली को जिन्दगी 😣😣",Neutral/Observation,Economic Necessity,Individualist-Self,Pragmatic
d39cd1c29cb5,Ma pani 4 barsa bidesh basera nepalma khi garxu vanne aateko xu,Pro-Migration,Patriotism/Love,Collectivist-Nation,Pragmatic
f1ee732905ce,In Nepali school teacher says padha babu nani haru aba ta 10 padheka ni bidesh jana paudainau 10 ramrari padha baru 12 ma 12 padhdai language padhdai garaula vannxan yo sab kura family ra school bata nai start hunxa na ta school ma vanxan Nepal ma kehi garna sakinxa nata ghar ka le last ma choice bidesh nai hunxa so hamlai sanai dekhi yo bidesh vanni mindset change garna parxa school ra family bata nai,Anti-Migration,Patriotism/Love,Collectivist-Nation,Hopeful/Motivated
7ce8929b85de,Aba ta tyo IT industry pani AI le kaidina lagi sakyo dai k garne hola ta aba.,Neutral/Observation,Economic Necessity,Individualist-Self,Pragmatic
e89571010e64,Ma 32 year vaye still ma desh Mai Chu Ra kehi huncha ki vanera baseko xu,Anti-Migration,Patriotism/Love,Collectivist-Nation,Pragmatic
328efefd7e36,"Sorry brother you said that people who visit abroad for cultural events to represent Nepal will come back to Nepal. That’s not true I know one person who came here in Canada in Cultural event VISA. Later on he applied for refugee in here and got PR within 8 months. On the other hand, as a person like me who came here as a student who is still struggling & doing a wage labourer to pay off the loan. I don’t know what my future will held.",Pro-Migration,Economic Necessity,Individualist-Self,Pragmatic
fee189dfc54f,म १८ बषॅ भयो बिदेसमा अहीले सम्म एउटा घर बनाऊन सकेको छैन 😢😢😢 मेरो जिन्दगी 😢,Neutral/Observation,Economic Necessity,Individualist-Self,Despairing/Sad
d33f1f209bf7,Its about bad governance ...ra facility xna..dhuwa dhulo... ra political frsutration le ho khas..opportunity ni baira bhanne bittikai pauxa ra??,Neutral/Observation,Economic Necessity,Individualist-Self,Pragmatic
1d4b46c655dd,We should leave Nepal with our family cuzz.. Nepalese politicians never change..,Pro-Migration,Family Obligation,Collectivist-Family,Hopeful/Motivated
4eed3506cace,Dark side of Nepal 🌚,Neutral/Observation,Patriotism/Love,Individualist-Self,Pragmatic
0719018eb532,bidesh gairaheka hainan desh xadiraheka xaan the best line ever<br>kinaki ma ne desh xadna gairaheko xu,Pro-Migration,Patriotism/Love,Collectivist-Nation,Pragmatic
68ee4b1f4ca6,11:29 ma qatar ko spelling wrong bhaxa dai,Pro-Migration,Economic Necessity,Individualist-Self,Pragmatic
b116558c4e63,"Nepal is love.. but corruption, manipulation and harassment from authorities in Nepal is what made me leave. I don't want to feel helpless knowing I am getting robbed in every single way. I still see no hope there and I don't ever plan on returning. I am sorry guys. Peace out. 🤍",Trapped/Regretful,Systemic/Political Anger,Individualist-Self,Angry/Frustrated
8ecacd8e3801,Ma pani aaba +2 didai xu ra aaba k garni vanni question ley malai satai raheko xa💔<br>Desh ko maya tw xa tara paristhiti ley bidesh nai bolai raheko dekhxu ma<br>Political instability,Pro-Migration,Patriotism/Love,Collectivist-Nation,Despairing/Sad
c35eb90d86d2,bro yo samsad bhawan ko bare ma video banauna yr nepal sarkar le bhada ma leko horw??,Neutral/Observation,Systemic/Political Anger,Individualist-Self,Despairing/Sad
6e8b88940aba,We need to stop this trend. Nepal is our country even china Korea had more bad condition compared to Nepal. If we put little bit effort we can make Nepal develop,Pro-Migration,Systemic/Political Anger,Collectivist-Nation,Hopeful/Motivated
66a8d564fdac,No more trash talk .... Nepalko Dhruv rathi... I m gonna subscribe ur channel now.. keep more research.,Neutral/Observation,Patriotism/Love,Individualist-Self,Pragmatic
70009fb26594,IT Ko ne nepal ma kam chaina i9 auda 8085 padaucha algorithm ko nam ma 19 year ago use algorithm padaucha,Anti-Migration,Systemic/Political Anger,Individualist-Self,Pragmatic
735669f10666,म एउटा 24 बर्षिय युवा हु 8 बर्ष भयो बिदेस बसको तर एसरि दन प्रती दिन बिदेसिनेको सङ्ख्या बडेको सुन्दा दुख लाग्छ,Neutral/Observation,Economic Necessity,Individualist-Self,Despairing/Sad
8fca8d07307b,I have a question   aila ka  kata  kati haru   school ma parda la sabi la    smoke. Gaga khn  tira lagan ka. Xan,Neutral/Observation,Economic Necessity,Individualist-Self,Pragmatic
4ff294129537,सबैभन्दा पहिले थोरै हेरेर गरेको कमेन्ट् हो UAE धेरै आउनुको Reason पनि एता बाट अलिकति सजिलोसँग europe जान मिल्छ भन्ने हाल्लालेहो तर सबैभन्दा धेरै ठगीको शिकार हुने नेपाली हरु नै हो है UAE मा 🙏🙏बिचार आफ्नो हो😢,Pro-Migration,Economic Necessity,Individualist-Self,Despairing/Sad
71d110b71e0b,"Nepal ma kunai carrer xaina sir,ghar ko problems nii hernu parxa 😢, Maya ta aarkai kura xa.Maya le sab thok hudai na<br>Main kura xa paisa",Anti-Migration,Economic Necessity,Individualist-Self,Despairing/Sad
884cca35ade2,There will be no one in Nepal after 15 years. It has always been a cycle of people from the villages moving to cities and people from the cities moving overseas. There is no more sufficient population left in the villages to re-stock the current void that is being created from the people in the cities moving overseas.,Neutral/Observation,Economic Necessity,Individualist-Self,Pragmatic
99c9e9062082,Whatever you are saying is bitter truth of nepal 😢,Neutral/Observation,Patriotism/Love,Individualist-Self,Despairing/Sad
05bd326e0c47,नेपाल भनेको झोले बिद्यार्थी संगठन कार्यकर्ता को बस्ने ठाउँ  हो,Neutral/Observation,Systemic/Political Anger,Individualist-Self,Pragmatic
61b85f9b1867,Aarko dark truth xa <br>Nepal ma aaune youth haru dherai le drugs use garxan 😢,Anti-Migration,Systemic/Political Anger,Individualist-Self,Despairing/Sad
8af6ae5d7563,🎉dai drock ko pani kaii chayo sujab,Neutral/Observation,Economic Necessity,Individualist-Self,Pragmatic
82b330dfbd89,"yo ta overall ghumne wa aru prayaojan le gaka pani included data ho ni ta. Indian haru ta jamma 25 lakh emigrate vako chaina 2023 ma, india jhan nepal vanda kayaun guna emigrate hune desh. esto vramak data nadiun.",Neutral/Observation,Patriotism/Love,Collectivist-Nation,Pragmatic
053296665f49,Tapaiko kura suni rahada mata purae npl fukka khali kohi hudainan hola kasto hunxa hola tyo bela hami t mato khai halxan kuro sahi xa chitta bujdo xa😢,Pro-Migration,Economic Necessity,Individualist-Self,Despairing/Sad
4d1c047f546b,We need to build our nation strongly. Cancel passport. बास/ गाँस /कपास /शिक्षा र स्वास्थ्य को ग्यारेण्टी लिनुपर्छ। सात प्रदेश खारेजी का साथ नेता मन्त्री को संख्या मा कटौती गर्दै खर्च न्यूनीकरण का साथ नियन्त्रण हुनैपर्छ । हामी युवाहरूले जिम्मा लिनुपर्छ। 🙏,Anti-Migration,Systemic/Political Anger,Collectivist-Nation,Pragmatic
5be066464e48,Sammaney kharcha bhanda aadhi salary hunchha Nepal ma ke garney ta.,Neutral/Observation,Economic Necessity,Individualist-Self,Pragmatic
0380ed7de56a,Ekdam ramro desh xadeko Ma pani codne xu if I got chance and hope sabaile dodos I hope sabai tira gus power normal Manxe lai saas ferna pani garo xa Saab tira guus rw power calne bhayerw private government gareko offices harek pasal pasal ma rw ghar haina desh khali hunu parxa Saab Chor nai Chor xa Nepal baserw k Garnu bolna sajilo xa hami Nepali Janata lai kei subida Xaina khali paisa kata bata guus kasari paisa Asul xa even Baira Gayerw paisa pathauda tya bata paisa kata lui ani ya tw Xaina Baira bata paisa pathauda ghar testo ya testai k Garne Horw ya baserw euta well educated Manxe le normal kam pauna garo xa euta aram le ghar calaune salary huna lai so kna basnu ya even dindinai cusiraxan paisa sarkar le kaile Kata bata kaile Kata bata even sano sano kam kura Ma wo sabda bole ma paisa lagne bhaisakyo k garo facilities tw parai jaos so khali hunaiparxa ❤ euta sano business garna khojyo caldaina loss ma janxa kaile calihale pani ramro snga calne condition Xaina Aile ani k garerw basnu yesto ya Toit 😡it’s easy to say speak and tell it’s f****g hard to manage everything 😡family tw Khasi pyaro re 😂😂😂Jana afno thaplo Ma sabai responsibilities auxa family ma 9  10 family ani sabai responsibilities afno thaplo ma auxa ani family khusi hererw kasari basxa 😂😂😂😂bole jasto hudaina byapar ma babu it’s f*****g easy to speak and write 😂😂😂😂,Pro-Migration,Patriotism/Love,Collectivist-Nation,Angry/Frustrated
99704ca48bc3,“Opportunity in crisis” mul dharana yei xa aile <br>Ek dui Barsa herxu . Vayena vane ma ni taaap 😂,Neutral/Observation,Economic Necessity,Individualist-Self,Pragmatic
2bc41ff83350,Ma pani japan aako 10 yrs pugexu,Pro-Migration,Economic Necessity,Individualist-Self,Pragmatic
41a5b51ecbee,देश मै बस्छु भनेको थिय Gf ले नि छाडेर गै जे होस तर बिदेश त जान्न भन्छु तर खोइ😢,Neutral/Observation,Economic Necessity,Individualist-Self,Despairing/Sad
00c467d898e1,"Jo sanga IT Skills xaina uh k garxa?<br>Sabai jana businessman huna sakdaina, sabai jana IT mai involve hudainan so uh k garxa?",Neutral/Observation,Economic Necessity,Individualist-Self,Pragmatic
fc4e0c045916,5:35 permanent resident (pr) hunu vaneko naagarikata tyagnu hoina...yo vram hataaunu hola...aru desh ko naagarik (citizen) hunu pani tyagnu hoina tara hamro des ko kanun anusar khosinxa vanne kuro maatra ho...tei pani aba ta NRN citizenship aaisakya xa....maile sune anusar law aile puranai vayeko karan NRN citizenship holder le pani hya Nepal aauda visa lagaauna pareko xa re....yes barema anusandhan garera video banaunus baru.😊,Pro-Migration,Patriotism/Love,Collectivist-Nation,Pragmatic
a4986606c885,Malai 99 percent bidesh Jana man thiyena tara 1 percent le bidesh aauna badhya banayo ... Mero problem chai 1 time investment money thiyo Jun maile churlummai dubaye ... so rin ko bhaari liyera bidesh aaye ... ajhai pani Nepal maa monthly 50 60 thousand kamaune guarantee hunthyo bhane sayad thorai Nepali matra bidesh Janthe...,Pro-Migration,Patriotism/Love,Individualist-Self,Pragmatic
84f8c2fe1a16,"6 jana ko seat ma 1400 jana le bhareko xa, afno chance aunxa bhanne kaile?",Neutral/Observation,Economic Necessity,Individualist-Self,Pragmatic
fb686434262a,Keila kai lagxa gayra nirxhwan hawa ma boom ma faldima jsto desh ko halat herdaaa. Aajai kati khnxou desh lai rajnati garyra aba ta xhodaa .🙏🙏🙏🥲🥲,Neutral/Observation,Patriotism/Love,Collectivist-Nation,Despairing/Sad
e46ff3a2fb6a,"Hami huba nepalmai basam family background yata uti samasya kei nahereu frustration debt mai basum bardun nepal desh lai , risau galat kaam nagarau .<br>Frustrated ra irritated Yuba Nepal mai basesi kei change aucha kie",Anti-Migration,Family Obligation,Collectivist-Family,Hopeful/Motivated
aee10c1331d0,My title is Malla - Bau ko tanai sampati cha ktm bhitra ani baira.... <br>Professionally I'm a banker.. at the age 23 I own a car around 45 lakhs price from my own money <br>Nepal mai basi kamai car chadi hidna milxa,Anti-Migration,Economic Necessity,Individualist-Self,Pragmatic
3c0229611f27,"मैले नी यो भिडियो पुरै हेरेर केहि कुरा लेख्दैछु एक पटक पढ्नुहाेस् ल।<br>म एक अति सामान्य घरकाे जेठो छोरा उमेर भर्खर २० । जे जसाे भएपनि केही गर्छु भनेर काठमाडौं छिरेकाे  ,मनमा बिभिन्न किसिमका कुरा खेलाउदै साथी हरु संग संगै पढियाे काेरियन  तर जति जति यसकाे पढाई सकिन आँट्यो त्यति त्यति मनमा सङ्काेच लाग्न थाल्यो मैले कतै ठुलै गल्ती गरे की 😢<br>हुन त म एक पटक मै कराेड कमाउछु भन्ने र बिदेश जान्छु भनेर साेच्नै सक्थेन् तर जब काठमाडौं पुगे तब थाहा पाए देशकाे वास्तविकता र लाग्न थाल्यो अब म एक्लै हुन्छु र नेपालमा जे जति कमाएपनि  गरिब नै ,अनि लागे कोरियन तिर , तर मनले सधैभरी काेरियन मा फेल हौ र सानाे कमाइ गरेर  घरमै बस्न भन्छ।  अझै देशको अवस्था प्युन काे जागिर को लागी पनि कमिसन रे त्यो देख्दा सबै ......😂",Neutral/Observation,Economic Necessity,Individualist-Self,Despairing/Sad
32fd90d87901,Romania Croatia Portugal ko data mistake xa kina vane Croatia Romania aayeka jati vagera Portugal janxan tesaile double count vairaxa data ma,Neutral/Observation,Economic Necessity,Individualist-Self,Pragmatic
295cc27064b8,Malai ni desh farkinchu vavisya ma vanera asabadhi chu tettin jyal natrito ma pariwwartan huncha vanera,Anti-Migration,Patriotism/Love,Collectivist-Nation,Pragmatic
01e7844dd4fc,"India ani Nepal ka nagarik matra chhan rw yo bishwo ma, jo canada ani australia jasta country haru le hire garne. World ma kati dherai country haru chha jaha nepal ko bhanda quality education deeinchha. Mero desh jaile yestai.",Pro-Migration,Patriotism/Love,Collectivist-Nation,Pragmatic
24735a06baf6,Nepal needs two passports : global citizenship identification free to migrate anywhere in the world even the Antartica and Nepali citizenship only eligible to stay in Nepal not even the India border. This should serve the interests of the socalled country Nepal.,Anti-Migration,Systemic/Political Anger,Collectivist-Nation,Hopeful/Motivated
7c72978544b0,Only IT  is booming what about the automobile sector will auto engineering  students like me will be useless,Neutral/Observation,Economic Necessity,Collectivist-Family,Pragmatic
95d8a68e5aca,Ma euta doctor. MD sakeko doctor. Mero salary JAMMA 50 hajar cha Nepal ma. Sarkar le dine nai teti ho. Kaam hapta KO 90 ghanta bhanda besi garna parcha. Hami doctors haru kina basne ta ? <br>Ma Pani process gardai Chu. Kunai security chaina hamro desh ma nata ramro income nai . <br>Process huna bittikai jadaichu.<br>50 hajar le ma k garnu ? Family lai khuwauna baccha lai padhauna sakincha ta ?,Anti-Migration,Economic Necessity,Collectivist-Nation,Pragmatic
933570b47ba3,पकै पनि हो पद्द्ति फेरि ने छ र 15 बर्स पछि  अहिले बाहिर जाने केहि % अब्सय आउन छ्न,Neutral/Observation,Economic Necessity,Individualist-Self,Pragmatic
40d01fe326b3,"Delivery garna khojeko kura ramro chha. Opinions chahi I'd like to hear less. Manipulative lines pani chhan. Positivity failauna khojeko video ma negative line kam gareko bhaye better hunthyo jasto lagchha. (Neta harule desh bechenan bhane... purely emotional line).<br><br>Quality control issue chahi ali dherai raichha. Spelling mistakes (Quatar, नाहुँदा...) in edit, name nai arko (Suvas - Santosh) and more. Recheck before uploading so quality is improved overtime.",Neutral/Observation,Systemic/Political Anger,Collectivist-Nation,Pragmatic
6d8ad925b403,manxey jata vayeni yo man ta mero sadhai nepali nai rahanexa🚩,Neutral/Observation,Patriotism/Love,Individualist-Self,Despairing/Sad
3f12a92bb3a6,Sir turkey nepali ko lagi kasto xa,Neutral/Observation,Patriotism/Love,Individualist-Self,Pragmatic
cd653d9bc99d,Ho yo kura Sahi ho ma ni auta yuwa ho K garnu aba Maya lagcha Nepal ko ani Bidesh gayeci badincham hami yuwa haru chodera jam Nepal vanda afno sabai bigrincha yaha system banaideko cha Nepal ma sab corruption chan politicians Yei chor haru lay garda yuwa haru bideshiyeko ho,Anti-Migration,Systemic/Political Anger,Collectivist-Nation,Angry/Frustrated
4b2038f8a955,के हामीले नेपालमै बसेर केही गरेर खान मिल्छ कि मिल्दैन होला नि त मेरो सोच पनि त्यही सम्म नेपालमा आएर के गरेर खान्छु भन्ने तर नेपालको पोलिटिशन देखेर डर लाग्छ।😢,Anti-Migration,Economic Necessity,Individualist-Self,Despairing/Sad
f1f554fe578d,You can always stay in Nepal when you can’t go abroad. So try going abroad first.,Anti-Migration,Patriotism/Love,Individualist-Self,Pragmatic
5062a70706e3,professor asked me what is your plan about future? I said I will go to my home country after completing my master. He used to laugh and said you are in trap now.,Neutral/Observation,Economic Necessity,Individualist-Self,Hopeful/Motivated
55c06ce86ede,"Correction, puerto rico isnt a separate country. It is a US territory and you do not need US passport or visa to go in a out of mainland US to PR",Pro-Migration,Economic Necessity,Collectivist-Nation,Pragmatic
0b722230aa67,😢 Mann nai khalabal vayo,Neutral/Observation,Economic Necessity,Individualist-Self,Despairing/Sad
784d88d3395e,Bro ma pani japan aayo 7 yrs bhai sako?Nepal jana sake ko chaina?week month year kati chito janxa ? Bidesh koi   pani na aaunu hola ? YO TRAP HO?,Pro-Migration,Patriotism/Love,Individualist-Self,Pragmatic
52367d8520f9,Nepal ma hotel rw tourism ko ni dhr scope xa yo video ma yo Sabandhi euta ni word aayena 😢,Anti-Migration,Patriotism/Love,Individualist-Self,Despairing/Sad
b311524b89d5,Derai gahan subject lai uthaunu vayo,Neutral/Observation,Economic Necessity,Individualist-Self,Pragmatic
ed03b0c5fab0,21:00 is the reason to leave Nepal.,Neutral/Observation,Patriotism/Love,Individualist-Self,Pragmatic
3378bad92ae6,"१. तपाई अविवाहित हुनुहुन्छ भने कहाँको पार्टनर रोज्नु हुन्छ? <br>२. भिषा लाग्ने भए, तपाई कहाँ पढ्न वा जागिर गर्न वा ब्यापार गर्न चाहनुहुन्छ ?<br>३. नेपालको विकासको जिम्मेवार ब्यक्तिहरूको मनोबृति हेर्दा देश अझै बन्ने संकेत देखिदैन ।",Neutral/Observation,Economic Necessity,Individualist-Self,Pragmatic
a422f1dc6591,why is there no policy for having multiple passports in nepal?,Neutral/Observation,Systemic/Political Anger,Individualist-Self,Pragmatic
304085f5fbfa,South sudan ma ta UN missiom jane nepal army ko batallian gaye hola ni.,Neutral/Observation,Patriotism/Love,Individualist-Self,Pragmatic
b4da8c202ff6,Politicians are main reason for all this.,Neutral/Observation,Systemic/Political Anger,Individualist-Self,Pragmatic
637990a53f92,"Ma Student , Ma Desh Choddne Kura gardena, Bichar pani rakhdena ra Mero Jiban Desh ko lagi samarpan garxu <br><br>Ma aasha badi xu, Purkhauli bichar rakhne ti Jada gadeka neta haru ko samuha jaba 10-15 barsha ma afno antim swaas pheri rakhne xa , Taba desh afno bikas ma sagaramatha ko uchai nagne xa , Taba pani ma ehi hune xu <br>edi kehi parivartan ayena bhane , Taba pani ma ehi hune xu<br>Jaba Bikasit desh haruma inflation, War ra poverty le garda, Tya basne batabaran pherinexa , Taba pani ma ehi hune xu <br>Ani Taba pani ma ehi rahnexu , Ma yo desh lai bacha rakhxu : ma chodne xaina <br>Ma marnexu ta lakhau aashirbad sanga : aashirbad nepali haruko , Nepal aama ko",Anti-Migration,Family Obligation,Collectivist-Nation,Hopeful/Motivated
432bc7e8ecdd,रोमनिया को mbc नेपाल आउछ भन्ने समाचार आको थियो खै कहिले आउछ समाचार बनाउन पर्यो,Neutral/Observation,Systemic/Political Anger,Individualist-Self,Pragmatic
3341cc61b99f,Nothing is motivating me these days. When i start thinking the real life scenerio.,Neutral/Observation,Economic Necessity,Individualist-Self,Pragmatic
44b0fa9a0f60,Everyone didnot earn money  in international,Neutral/Observation,Economic Necessity,Collectivist-Nation,Pragmatic
774a748e600f,21:04 ...<br>नेपालमा भइरहेको नै यही छ।<br>देश बिग्रेको नै यसले गर्दा हो।<br>म नि एक सरकारी कर्मचारी हुँ।<br>हामी त  टुलुटुलु हेरेर मात्र बस्न सक्छौँ।<br>केही बोल्न नि सक्दैनौ।,Neutral/Observation,Economic Necessity,Individualist-Self,Pragmatic
b239e72ad69a,Babu timilai pani kasaile dependent ma japan ya kunai aru desh jau vanyo vane timi pani hidihalxau. <br>Ya timilai D.V paryo vane timilai jadainau ta. Sabai taak pare tiwari natra gotame ho.. bro so chill..,Pro-Migration,Patriotism/Love,Collectivist-Nation,Pragmatic
6718e33833cb,why should i stay in nepal give me one reason?????,Anti-Migration,Systemic/Political Anger,Individualist-Self,Hopeful/Motivated
0da248e5fe7c,I will tell you what is the problem in Nepal<br><br>Unemployment: Many of my friend left Nepal because of pure unemployment. One of my friend said I will do job if I get up to 25000 but he didn’t get it. He got job in few place where salary was between 10-15k He said I will do this but even that was not paid in time<br><br>Enterperneurship or business: The money cycle and credit system is shit in Nepal. People don’t pay money for goods and services in Nepal. For example if I sell good of 20000 in credit I must do 20 visits to get money back. Chanda Insecurty etc are other factor.<br>Bheda: people having enough income and every body is going because u are bhedas<br><br>It is the end no change is possible in Nepal. More than 50% land of agro products are not cultivated. Nepal can be hot spot for tourism. There lot of opportunities if this brain drain can be stooped,Neutral/Observation,Economic Necessity,Individualist-Self,Hopeful/Motivated
06bf576a1ec1,Mero pani xetai visa aaye ni hune,Pro-Migration,Economic Necessity,Individualist-Self,Pragmatic
7214492cdd25,215 Countery,Neutral/Observation,Economic Necessity,Individualist-Self,Pragmatic
dc9c74af14ec,Bro teme tw j vaya ni YouTube bata kamau xau hami k,Neutral/Observation,Family Obligation,Individualist-Self,Pragmatic
634820e16397,Manpower Hoina Manchhe bechbigakhan office ho only Nepal ma matra manab taskari office Kholna paenchha 😂😂,Neutral/Observation,Systemic/Political Anger,Individualist-Self,Pragmatic
e032409a5e12,Mero sapana bhanekai Des mai basera Des banaune ho . Yuba lai bides  Jana bata rokhne. Des mai rojgar create garne. Tesaile ta maile harek din entrepreneur related book study garxu. Bides janxu bhanne Sathi haru lai na Jana bhanera samjhaunu. Des banau yuba hami le na banaye Des kasle banaune ho.,Pro-Migration,Economic Necessity,Individualist-Self,Pragmatic
a9fce2ff30f5,"The fact is, all nations belong to Krishna. Everything belong to him. And, we are simply fight saying, ""this is ours, that is yours"". Think will cool head, isn't this simply madness?👽👽👽",Neutral/Observation,Economic Necessity,Collectivist-Nation,Pragmatic
e8082d2ba405,"भन्नू भाछैन ,के गर्नु ईन्जिनियर हरुले पलिकाको काम पास गरे बापत 50k त चिया खान भन्दै लिन्छन् ।",Neutral/Observation,Economic Necessity,Individualist-Self,Pragmatic
b3123f572a26,Nepal ko yesto abasta vhayera hola Nepali lai bideshmai gayeni sukha xaina Nepalmai baseni sukha xaina (especially unemployment people),Pro-Migration,Patriotism/Love,Collectivist-Nation,Pragmatic
4a4d268f36de,Brother Can i upload your video on yt in hindi voice for indian Audiance,Neutral/Observation,Economic Necessity,Individualist-Self,Pragmatic
9f538956fc13,"Youth le change leuxa bhanxa yes true youth le nai leune ho . Tara Tara voting ma Kasari Kahile tyo teen ta jitxa ta . Okai buda pakha ahile Samma tyo haru sanga attached xa bhanxa okai understandable but usko chora chori haru ta hola educated, young and thinking about the country they could have guided their parents not to vote those three khai ta . Dherai kamti lai matlab xa desh ko barema ra aru sabai materialistic bhayi sakeko xa . Gora sanga Bihe garxa bhyabha sanga le bihe gardinxa hamro chori haru bideshi sanga Bihe gareko xa tara keta manxe le dherai kam xa bihe gareko bideshi . It feels like we are selling our daughters for all the materialistic things . Kindly Mukh chadne haru comment na garnu hola",Pro-Migration,Family Obligation,Collectivist-Nation,Angry/Frustrated
43d2dfddbbef,Yo eartha ma 215 vanda dherai country xa ta ?,Neutral/Observation,Economic Necessity,Collectivist-Nation,Pragmatic
e74eda8e2b85,म सरकारी जागिरे मान्छे त्यै पनि पैसाको यति अभाब हुन्छ नि लाग्छ देश त छोड्नै पर्ने रैछ तै पनि परिवार श्रीमती छोरा हेर्छु अनि चुप लाग्छु एकदम मौन,Neutral/Observation,Economic Necessity,Individualist-Self,Pragmatic
c1a89020c7a8,Maile pani iPhone kiney haiii😢😂,Neutral/Observation,Economic Necessity,Individualist-Self,Despairing/Sad
0cb0b9f2f4a4,"paristiti ko khola le ho hajur manis ko nauu xalaune , bidesh jane bato ma tyag hardwork ani problem dekhiye pani aantya ma samadhan dekhinxa tei bela nepal ko ta aas matrai ta ho, 12 sakne bitikai aaba 1 barsa german vhasa sikhxu ani ausbildung vanne vocational training and work ma janxu paisa kamauxu ani 4 barsa paxi bachleor pugne meri buini lai padne layak ko paisa kamauxu mamu ko lagi sanai vayeni ghar banauxu ani ma pani aafule maya gareko manxe sanga sapana sakar parxu . J jasto jasari vayeni voli ka din ma mamu meri uni meri buini ani mera yedi koi hune xan vane eekai tham vayeko herne xu ani safalta tei hune xa aasa xa teti bela samma ma nepal farkera basda vai goni vanne soch ra tyo soch ko reality strong banos aafno des nai ghumna na pai bidesh janu pareko betha bidesh ko paisa le aafno desh ghumera sakna pam aantya ma tapaile vane jastai feri vetamla na hai kei saal paxi",Anti-Migration,Patriotism/Love,Collectivist-Nation,Hopeful/Motivated
8605688667fe,baahira jaane   <br><br>paxi aayera nepal ma nai kei garne,Anti-Migration,Patriotism/Love,Individualist-Self,Pragmatic
25cafc041cf9,Yetti herexi ta jhan bidesh nai jane confrom <br>Ma ni 4 barsa aaghi samma ta mareni bidesh janna vanne manxe ma aaile Maldives aako xu 6 mahina vo aaba 19 mahina ma farkiyera poland jane sochma xu ma ni kinaki maileni nepal mai kei garxu janna bidesh vanera pikup kinera chalauthe aafai tara k garnu  lastko chunab paxi artha tantra damadol tax. Matra dherai ani aako xu kehi sammaya lai yaha farkiyera nepal aayera sadhaiko lagi Europe lagxu ma pani ani tapaile pariwarko kura garnu vo maya ko kura garnu vo xoro manxe le taba matra izzat ra maya pauxa jaba usle kamayera sabai lai khusi rakhxa ani matra uh ni khusi hunxa izaat maya pauxa.😊😊😊<br>Kehi galti bolema mafi pau😊😊,Anti-Migration,Patriotism/Love,Collectivist-Nation,Despairing/Sad
7d3a86be6711,70%  young people want to go abroad,Neutral/Observation,Economic Necessity,Individualist-Self,Pragmatic
ee54546bc465,Talk about mcc ni Nepal,Neutral/Observation,Systemic/Political Anger,Individualist-Self,Pragmatic
cc0b712c8009,bro timi le po youtube bata dollor chapiraxau <br>Ta hami jasto middle class le garne vanekai<br>Bidesh ma kam ho,Pro-Migration,Patriotism/Love,Collectivist-Nation,Pragmatic
864b5550177e,"But Dai , बढदै गएको AI replacement KO Ni ?  <br>IT sector ta AI le takeover Garna sakxa within next 15 years ,then what ?",Neutral/Observation,Economic Necessity,Individualist-Self,Pragmatic
6c935cdd7d2b,Its true nepal ma job market ekdum khattam ani kati thau ko human resource department ma bhako haru ma ni skill ko kami dekhe.. fresher/no job experience bhanera vacancy kholne ani interview ma experience ko kura sodhne.. ani kina na jaos yuva yo desh bata,Anti-Migration,Economic Necessity,Collectivist-Nation,Pragmatic
cee3662ced4f,Ta mula jasto le desh ma kei garna sakdainas bhai😡😡😡,Neutral/Observation,Patriotism/Love,Collectivist-Nation,Pragmatic
7b5930010fba,10class pass vako bidesh jane soch theo tara yo video herera mero mind changevo abo bidesh ta ghumna matrai janiho,Pro-Migration,Patriotism/Love,Collectivist-Nation,Hopeful/Motivated
b0dba194d900,Kunai din google map bat nepal vanne country thiyo tyo ni dekhin 😂😂,Neutral/Observation,Patriotism/Love,Collectivist-Nation,Pragmatic
0bd6b646771d,हाम्रो पाला मा हस्त लिपि थियो पासपोर्ट  पछि आको एम आर पि त नेपाली ॐ शिव,Neutral/Observation,Economic Necessity,Individualist-Self,Pragmatic
43d4ce7f4d5e,UK dream. Country with permanent citizens ship,Pro-Migration,Economic Necessity,Individualist-Self,Pragmatic
58ef18b39473,You leave I stay. Less traffic jam,Neutral/Observation,Economic Necessity,Individualist-Self,Pragmatic
0a6cc37a5717,Nepal la India lai pani pani banauna man xa 1 cheez vanxu hamro. Nepal ko pani boarder line ma akatha grarw golo banauna india lai antatika tira janxa 1ota sio ghusyo vana kasto ananda auxa birami lai relax hanxa tasti hamro nadi lai boarder ko purva paschim ghumaidina pani ko dyam banauna 50 60 tala samma ko badi bolyo vana missile defence la Vanda Pani pani gardina boarder ma aarpar air mtra grako ramro ho ajib xan nepali manxa,Neutral/Observation,Patriotism/Love,Individualist-Self,Pragmatic
d2c14de5a28f,"Exodus of viable youths abroad looking for a better prospects is not a new phenomenon and Nepal is not alone on this.  This is inevitable and getting globally a new normal.  However, our own politicians made it worse, by creating an impossible situation by imposing more restrictions to those wishing to return the country.  While China, India and many countries are welcoming their citizens back to country with an open arms we are harnessing our citizens with retributions, contempts and vengefulness. Stop this nonsense, our youths have moved with time and we have definitely moved from Lal Babu Pundit’s ere.",Pro-Migration,Economic Necessity,Collectivist-Nation,Pragmatic
5d1b1a75f64f,नेता ले पाल्दिन्छन स्वास्नी छोरा छोरी उपचार दबाही खर्च ॐ शिव,Neutral/Observation,Economic Necessity,Individualist-Self,Pragmatic
ef069bcbf24f,बाध्यता भहेसी लाग्नु नि पर्यो नि नेपा ल कि बिदेस रे घरा बसेर क्यार्नी हो नेता ले दिदैनन पैसा कता छ देसा रोज गार तेत्रो बिदेस रि ण तीन लाई पुग्दैन ॐ शिव,Neutral/Observation,Economic Necessity,Individualist-Self,Pragmatic
b65871a6f488,215 countries how?🤔,Neutral/Observation,Economic Necessity,Individualist-Self,Pragmatic
6bf17a4b2bbc,"Also when you mentioned a person in IT earning money in dollars; you made a very vague argument. just cos an individual works for foreign company while in Nepal, doesnt mean he is earning top dollar, they are getting grossly underpaid compared to foreign national. For example average salary of US software egr is 130-150k USD whereas in nepal its around 1-2k USD. You do the math. Foreign companies deliberately hire south asians giving them remote jobs so they can pay them SIGNIFICANTLY less than how much theyd have to pay a US citizen",Trapped/Regretful,Economic Necessity,Collectivist-Nation,Pragmatic
98436a03c658,भावनाले जीवन चल्दैन…,Neutral/Observation,Economic Necessity,Individualist-Self,Pragmatic
ed871322b239,"तस्कर र भ्रष्ट नेता संग सातगठ छैन भने १००% विदेश, बस्नलाई परिवारको अनुह्वार हेरेर मात्र हुन्न, उनीहरूलाई पाल्नु पनि पर्यो",Neutral/Observation,Economic Necessity,Individualist-Self,Pragmatic
27fd28b72993,Nata passaion nata skill nata bidesh jani aath😢,Pro-Migration,Patriotism/Love,Collectivist-Nation,Despairing/Sad
b2e82c6e86ab,Dolar bhittarayune illegal 😢 xainna rw,Neutral/Observation,Economic Necessity,Individualist-Self,Despairing/Sad
eb1112ea8e53,Nepal tyagera bidesh nai basni haru future pani sochnu jasari madhesh bata pahadi lakhetiyeko thiyo ek din bidesh bata Nepali nalakhetiyela vanna sakinna ..,Pro-Migration,Patriotism/Love,Collectivist-Nation,Pragmatic
fa018228de68,Yo question sarkaar sanga sodhnus youwa kina bidesh tira jadai xan...? Hun ta bhrastachari harulai k Matlab youwa ya basun ya bidesh jaun,Pro-Migration,Patriotism/Love,Collectivist-Nation,Pragmatic
803c8972eb1e,Yasto lamo country ma k basnu yaha bhada magera 10 hajar pauna muskil canadama tei bhada magera 4 lakh auxa,Pro-Migration,Family Obligation,Collectivist-Nation,Pragmatic
c3ba587ad97c,Vakkar bidesh aako mah<br>Farkum farkum lagirako xah yoh video hererw tw 😪,Pro-Migration,Patriotism/Love,Collectivist-Nation,Pragmatic
858f4d88cfbb,"Jun jogi ayeni kaan chiriyeko bhayera ho, 250 years samma desh bechera khane harule sashan garepaxi 10 years ma kasari change hunxa babu😅",Neutral/Observation,Patriotism/Love,Collectivist-Nation,Hopeful/Motivated
0f835df291e5,Who's cutting onion here?😭,Neutral/Observation,Economic Necessity,Individualist-Self,Despairing/Sad
4ce19feca1cc,Aba A.I. aisakyo bhai Nepal ta kangalai ho,Neutral/Observation,Patriotism/Love,Individualist-Self,Pragmatic
00c5f6b0bcdd,27.12 minute ma  Success ko spelling galat bhayexa hai... criticize gareko haina galat bhayexa bhanera matrai bhaneko ho hai..,Neutral/Observation,Economic Necessity,Individualist-Self,Pragmatic
5aca63613caf,Nepal ma basne ho bhane krishi garera aafaile customer lai bechna parcha,Anti-Migration,Patriotism/Love,Individualist-Self,Pragmatic
6bf0b4888339,dai subash basnet ho hai,Neutral/Observation,Economic Necessity,Individualist-Self,Pragmatic
6454d86aae78,Kasto aashu nai aayo,Neutral/Observation,Economic Necessity,Individualist-Self,Pragmatic
1cf62e0c0fe7,जुन काम सरकारले गर्नुपर्ने हो त्यो काम यो च्यानल ले गर्देको छ।,Neutral/Observation,Economic Necessity,Individualist-Self,Pragmatic
dfb1d77483da,"विदेश जानेकि देशमै केहि गर्ने भन्ने सोचमा रुमलिदा रुमालिदै इञ्जिनियरिङ्ग फिल्डमा रहेर काम गरेको पनि पांच वर्ष भएछ। समस्या एकातिर छन, रहर छन, सपना छन, जिमेवारी छन ।  कहिले काँही पलाएन भैदिउकि जस्तॊ नि लाग्छ तर फेरि कुनै दिन फर्केर आयासी के गर्ने कताबाट सुरु गर्ने भन्ने लाग्छ। पुरानो हुदै गएको घरको छानोले एकदिन अबस्य रुप फेर्नेछ, ताडिएका सम्बन्ध नजिक पक्कै हुनेछन, खुसियाली पक्कै छाउनेछ, दिन पक्कै फिर्नेछ, आशा को दियो अझई बलिरहेको छ,  बस केहि समय धैर्य गर्नु है आमा- बुवा !!<br>https://www.youtube.com/watch?v=pTRgJVx5zd0",Neutral/Observation,Economic Necessity,Individualist-Self,Pragmatic
bb0b09308f16,Malai mero desh mero pariwar jati nai maya lagxa 🇳🇵*,Neutral/Observation,Patriotism/Love,Collectivist-Nation,Pragmatic
27ade4de827f,"Ab bidesh nai jaane ho sir ..,...... Aru coment lekhn ni man xain😢",Pro-Migration,Patriotism/Love,Individualist-Self,Despairing/Sad
b4d9fd01197f,Bidesh jani,Pro-Migration,Patriotism/Love,Individualist-Self,Pragmatic
39f6767f1978,"Hamro Neta haru le desh na luteko bhaye, Nepal basnu theek hunthiyo.",Neutral/Observation,Patriotism/Love,Collectivist-Nation,Pragmatic
a5ab47061a6d,Yahaaa hami Indian bhayaraw nepal ko citizenship pauna marehatyaa garyaa xam coz maya garxam yahe janemeyaa padhyaaa aahelay bachelor sedeyo  aap aayara citizenship ko absakta  parda k he paidaina,Neutral/Observation,Patriotism/Love,Individualist-Self,Pragmatic
1c7297f9d8d3,1541 wrong chha dai 541 vako chha,Neutral/Observation,Economic Necessity,Individualist-Self,Pragmatic
4c32f6bfe1ae,Aru kei haina Nepalese people just want to leave this country.,Neutral/Observation,Systemic/Political Anger,Collectivist-Nation,Pragmatic
8a6fca24b409,अर्काको देशमा दोस्रो श्रेणीको नागरिक भएर हातमा बल हुँदाखेरि मात्र हो पछि फेरि आफ्नो देश फर्किनुपर्छ बुढेसकाल लाग्दाखेरि,Neutral/Observation,Economic Necessity,Individualist-Self,Pragmatic
2e3050fe7281,😢Nepal bachauna gaja legal garno paro,Neutral/Observation,Systemic/Political Anger,Individualist-Self,Despairing/Sad
05f3eeae323a,जहिले सम्म हामी युरोप अमेरिका अष्ट्रेलिया जानुमा गर्व गर्छौ। नेपाल बिकाश हुदैन ।<br>नेपाल मात्र यो गरे बिकास हुन्छ।<br><br>१. सारा नेपाल भोक मरि मा जानू पर्छ ताकि  एक छाक खानाका लागि सबैले ठुलो संघर्ष गर्न परोस।<br>२. १ जना ताना साह जन्मनु पर्छ जस्ले   भ्रस्टाचारि लाई सिधै गोलि हान्न सकोस। नत्र १०० बर्ष बन्दैन नेपाल,Neutral/Observation,Economic Necessity,Individualist-Self,Pragmatic
9e63b3dafc55,"Prachande, Sere, oli ra samasta neta haru ek choti Rakchas ko pyaro bhaye c ani ramro neta aaye c balla yuwa basna thalchan",Neutral/Observation,Systemic/Political Anger,Individualist-Self,Angry/Frustrated
37495ea99498,I'm afraid neta haru le desh sell garxa vanera I Heard Neta haru le Kati loan leko xa Nepal on big loan ... Kasari citizen haru le tirxan ...kamako paisa ma Kati tax halxan  I guess bidesh goera paisa kamera at least family Lai paisa ta pathanu paunxa  . Uuha haru le dukha garnu napaross jasto xa ... <br>Balen sir is doing good Tara sab Jana neta haru Pani balen sir jasto vako vaye we could be in top country 😞 but sadly chor neta haru xan corruption alwz 😢<br>Sad truth of my country 😭<br>I don't see my future ahead ... Loksewa ma nam nisera Pani k garne hjr interview ma ta sidai kina aako tapai re Ani kina yo luga lagako abo tapai januss vanxa ... 😢<br>So sad truth 😭,Pro-Migration,Family Obligation,Individualist-Self,Angry/Frustrated
f06f04146123,Sure Mission 2084,Neutral/Observation,Economic Necessity,Individualist-Self,Pragmatic
c71978f2413b,"who will stay when your 4 yr bachelor takes 6 years to complete .also who will stay when u cant even earn to fulfill your physical needs with the salary you earn after spending  lacs of rupees , time and effort just to take that certificate. and to those who are illiterate and unskilled , the work u will get is worst to think of with a penny salary and the inflation rate of our country's  economy is higher than Mt.everest height.  just because of worst politicians and bad governance every little new born and the whole generations has faced the worst of all till now and you still want to stay here? and think that those who went are there for to fulfill materialistic things? thanks to all those dirty mind games of all politicians and those persons who take benefit from these things nepal is getting nowhere from now..",Anti-Migration,Economic Necessity,Collectivist-Nation,Pragmatic
78ba3c909adc,Yo data nai galat cha  double nai bidesiyako cha,Neutral/Observation,Economic Necessity,Individualist-Self,Pragmatic
ad9f91d3cf2a,Nepali nai na rahe Nepal rahanna bhanne kura bujhau<br>Bidesh jaau tarw yadi jaanai parne badhyata xa bhane trpheri farkau hamro desh aafno desh aafno janm bhumi jasto bhaye pyaro yahi nai xa,Trapped/Regretful,Patriotism/Love,Collectivist-Nation,Pragmatic
1606dc6679d1,Maleysia ko pani jodana vai ak vak aadha nepalko gayeko xan yar,Neutral/Observation,Patriotism/Love,Individualist-Self,Pragmatic
4c34a5156968,Shame on Nepalese government,Neutral/Observation,Systemic/Political Anger,Individualist-Self,Pragmatic
ae7074d9c27c,I m gonna leave anyway,Neutral/Observation,Economic Necessity,Individualist-Self,Pragmatic
9fa7130fb765,naa baap badaaa naa vaiyyyaaa sabse bada rupaiyyaaaaaa...........,Neutral/Observation,Economic Necessity,Individualist-Self,Pragmatic
e2267d4af518,Yedi arko janma vayo vaney yo desh ma chai na hos,Neutral/Observation,Patriotism/Love,Individualist-Self,Pragmatic
870caf74d90d,bideshnai janchu brother ma ta kina ki paisa chaina hami sanga kamauna percha,Pro-Migration,Economic Necessity,Collectivist-Nation,Pragmatic
c77a7ad7c29a,anyone 2025😂😂😂😂,Neutral/Observation,Economic Necessity,Individualist-Self,Pragmatic
0621f8adb118,K ko 7 lakh 10 lakh vai sakyo,Neutral/Observation,Economic Necessity,Individualist-Self,Pragmatic
4f8a06f6d332,के  गर्य्या दाई रुवाई दिने,Neutral/Observation,Economic Necessity,Individualist-Self,Pragmatic
81760b81ac8c,Hamro desh ma neta nahi chor chan yrrrr,Neutral/Observation,Systemic/Political Anger,Collectivist-Nation,Angry/Frustrated
1027e844cf44,Yo video ma expalin gariyako xaw ids kasari aru ko content copy paste garxaw vanaraw https://youtu.be/ZZU7e7TJCtM?si=IrjwQGV0p6CPKwA_ 😅,Neutral/Observation,Economic Necessity,Individualist-Self,Pragmatic
61f9456a7a42,"its true nepal ko yo 3 ota pm maryo bhane desh sudhrela pm,: KP,  deuba, prachanda",Neutral/Observation,Patriotism/Love,Collectivist-Nation,Pragmatic
10b64462767e,5to 10 year ma budo neta marxan ani kei Kuch hunxa ki,Neutral/Observation,Systemic/Political Anger,Individualist-Self,Pragmatic
032d001941f0,"नेपाल मा केहि गर्छु भनेर १० बर्ष नेपालमा काम गरेर कम्पनी खोलेर, अनि की सिप नलागेर विदेशिएको अर्को उदाहरण मध्ये एक मा पनि",Neutral/Observation,Economic Necessity,Individualist-Self,Pragmatic
3c97544457c9,Kun company?,Neutral/Observation,Economic Necessity,Individualist-Self,Pragmatic
7d85f67b38c1,Bro le hawa bolnubhako ho napathaunu 😂​@Rohit-mt5oh,Neutral/Observation,Economic Necessity,Individualist-Self,Pragmatic
59bd68a1a1d6,Khatey Ko view's aun jari matra ho auna xode si Kai din ma visiting Dubai vandoi photo Halxa,Pro-Migration,Economic Necessity,Individualist-Self,Pragmatic
b2d7c79549a0,अनि दुई ठुला उडाउदो अर्थतन्त्र भएको देशको बिचमा हामि छौ भने किन जान पर्योत युरोप औरिका जबकि उनिहरुका अर्थतन्त्र खस्किदै छ  तेसैले साथि अब एसिया मै बस्दा हुदैनर??😂,Neutral/Observation,Systemic/Political Anger,Individualist-Self,Pragmatic
1cbb8f86137a,Overly optimistic analysis .. i can challenge every facts this documentary stated .. immature investigation .. i wish he was right though .. Jai Nepal,Neutral/Observation,Patriotism/Love,Collectivist-Nation,Pragmatic
1e0a4b2fd223,Aba 5 6 barsha ma aauchu korea bata nepal na aatinu,Pro-Migration,Patriotism/Love,Individualist-Self,Pragmatic
d133c6c54e7a,Desh xadera ako matra 8 din vayo🥲,Neutral/Observation,Patriotism/Love,Collectivist-Nation,Despairing/Sad
619ce506a74d,"Bidesh chai aba dalal haru lai pathaunu parxa Nepali janatale 😅 Janata le afno power katiko xa ajhai bujhna sakeka xainan, bhrastachari harulai vote diyera kunai euta padma pugauna sakxan vane tya bata hatauna ni sakxan rajtantra hatako jasari. Janata unite hunu paryo desh banxa, kasaile rokna sakdaina janata lai.",Pro-Migration,Patriotism/Love,Collectivist-Nation,Hopeful/Motivated
5bdf07b2d1a5,China indi concept 🤞☺️🫰,Neutral/Observation,Economic Necessity,Individualist-Self,Pragmatic
51a671c9a752,"Hera kta Haru views ko lagi emotional content ta halsakyau.... Duniya emotional vayera mero husband ruiraxa, bhai ruiraxa comment pani garxan Tara logical point of view esma Kei nai xaina . <br><br>Tell me one thing rahar le haina kar le gako xan... Bau aama dukhi xan... Nepal Amma ni dukhi xin etc etc..... If sab estai ho vane yo KP OLI, DEUBA, PRACHAND, jitxan kasari?? Kalle vote haliraxa?? <br>Tei bau aama le haliraxan jallai Timi dukhi vaniraxau <br>Timro euta sathi le esto vano arko sathi le testo vano chhoda.... Matra neta le ghus khayera xora xori bidesh pathaka xainan.... Every government employee is corrupt every single one.... Ani k yo hawa kura garira ki esto hunxa testo hunxa... Kei ni hudaina unless and until the private businesses and their owner won't get the respect they deserve, this country will stay like this mark my words..... Ah matra fancy restaurant Haru Chi khulxan kina ki holiday ma aaka Haru le chatak dekhauna niskinu paryo ni family lera... Kina ki that dukhi aama buwa will show off their children's dollar 💰 and and during election will vote for the same party cause unko xora le ta ramro garira xa ni tyha eta ta afai jaat ko jitnu paro ni... And lastly the famous line "" BEPARI LE DESH BARBAAD PARI SAKE "" 😂 assholes",Anti-Migration,Family Obligation,Collectivist-Nation,Hopeful/Motivated
a483c3cec5cc,"lastai hawa xa maighty ghar anjko store,",Neutral/Observation,Family Obligation,Individualist-Self,Pragmatic
e20ef9b2326b,Rat race (The matrix) its everywhere .Lets hustle hard and make good income in our own country .Lets learn a high paying skill and work in time and location freedom in own country .,Neutral/Observation,Economic Necessity,Collectivist-Nation,Hopeful/Motivated
87634b2aac7f,"3 करोड जन्ता नै IT गर्नु ??? अलि practical कुरा गर्नु पर्यो येस्तो सिमित जन्ताले IT गरेर बाकि जन्ता चै के काम गरेर भात खाने ?? कुनै बेब्साय नै गरे पनि देश मा तेति उपोभोकता नै छैन अनि business पनि दुब्छ , रिन लग्छ अनि बिदेश नगएर कस्ले तिर्दिन्छ ? बाध्यता ले जान्छन नि जन्ता बिदेश , यो भिडियो ले त सरकार ले जस्तो पो कुरा गर्दो रैछ , 17 हजार जन्ता यो बेबस्था ल्याउन मरे अब बाकि बिदेश मा मर्दै छ , यो बेबस्था फाल्नु को बिकल्प अब नेपालि जन्ता सङ्ह छैन , कि गर कि मर को अवस्था छ कुरा येत्ति हो !",Neutral/Observation,Economic Necessity,Individualist-Self,Pragmatic
b54f4a1fde94,Ehh bhanale rajawadi haru ko xorq xori usa canada po xan,Pro-Migration,Systemic/Political Anger,Individualist-Self,Pragmatic
b7ecbc8fbc29,Chitoi chodinchh nepal 💔abo jokohi poni sabai,Neutral/Observation,Patriotism/Love,Individualist-Self,Despairing/Sad
7cbae04ac1c5,Bidesh Janey hoina mauka paya vaney sabai Jana la permanently Nepal xaderaw Jana chahanxan. world development Bata kaa kaa pugi sakyo Nepal jabo tyo eauta kalanki deakhi chabahil Sam ma ko road 5 years maa banayuna sakdaina melamchhi ko pani  50 years maa ni KTM aayudaina Ani arko kura Huda Huda nepali Janta Qatar khadi bechney sala chor neta haru la aba hatti suda bechnu thalexa janawor tw Nepal Bata bechinxa vaney hami tw manxey  Ani kina basney tya Nepal maa Nepal maa keii garxu vaneraw basda sochda sochdai aahila UAE 🇦🇪 maa Kam gardai xu yestai ho nepali ko life jaba Sam ma chor neta haru ko pata saff hudaina Nepal Bata taba Sam ma yo silsilaa jhanai baddai janxa,Pro-Migration,Patriotism/Love,Collectivist-Nation,Angry/Frustrated
ad4650ce6b9f,Jhan confuse banayo yar,Neutral/Observation,Economic Necessity,Individualist-Self,Pragmatic
3dbd73e106e4,Katti dherai ads,Neutral/Observation,Economic Necessity,Individualist-Self,Pragmatic
15925fd042f1,"so amazingly said , well said , well truth !",Neutral/Observation,Patriotism/Love,Individualist-Self,Hopeful/Motivated
39df33452489,Main problem vaneko naie ecomony ho mitra ....hamro paisa kamjor vayo tei vayera manxae bahera janxan <br>Jaba samma hamro paisa baliyo hudaina taba samma bidesh jana naie parxa,Pro-Migration,Economic Necessity,Individualist-Self,Pragmatic
379a96ac0cda,What is the use of staying in Nepal unless you are politician or their relatives?,Pro-Migration,Systemic/Political Anger,Individualist-Self,Angry/Frustrated
e68aab77f7cc,Patrakar haru lagi parnu paryo... virws lagi hoina desh ko lagi,Anti-Migration,Patriotism/Love,Collectivist-Nation,Hopeful/Motivated
da0432fdfc28,A b pant right version and right report,Neutral/Observation,Patriotism/Love,Individualist-Self,Pragmatic
391e408de4d2,"Is Nepal on the Verge of Losing Its Youth? के नेपाल आफ्नो युवापुस्तालाई गुमाउने संघारमा छ? <a href=""https://www.youtube.com/live/UgeYdADxqs0?si=jhjcvXNh_IuRGJwU"">https://www.youtube.com/live/UgeYdADxqs0?si=jhjcvXNh_IuRGJwU</a>",Neutral/Observation,Systemic/Political Anger,Collectivist-Nation,Pragmatic
c23aa8edbcaa,Desh bigareko neta lai dosh hoina...guu khane jhole abujh  Gen Z youth haru le garda ho...ek number jhole prasad ta Gen Z hudo raixa...yo kura maile sarkari college ma padda realize vako ho...students union ko name ma neta ko jhola bokne guu khane ko paxi hidne Gen Z nai ho country ko culprit 😡😡,Neutral/Observation,Systemic/Political Anger,Collectivist-Nation,Angry/Frustrated
3a9ff820bae3,सबै देश को सिस्टम दुरुपयोग को कारण हो हाम्रो देशमा ठुलो रोग छ त्यो हो २/४ जना बुढा  काम नलाग्ने नालायक उल्टो बुद्धि बोकेका नेताहरू<br>मलाई अति धेरै गुनासो छ बुढा नेताहरु प्रति केहि छैन मैले पनि अमेरिका जाने सपना बुन्दै छु😢,Pro-Migration,Systemic/Political Anger,Individualist-Self,Despairing/Sad
dc4d7d29a430,bhai DV varis ??? time chhaina hai garihal video ta US basera ni banaauna sakincha,Pro-Migration,Economic Necessity,Individualist-Self,Pragmatic
084e120785cd,Nepal is just a waste of money… as an entrepreneur. <br>1st business : Restaurants ( loss)<br>2nd business: online jewellery shop (loss)<br>3rd business ( groceries) a huge loss <br>4th business: clothing ( loss) <br>Well the reason I figured out is Nepal is very expensive to do anything for middle class business men. The profit margin is very low . Now I invested 20 lakh and now I am earning 2-3 lakh a month’s. And it’s (EUROPE) worth investment.. loan panii clear profit nai profit 😂😂,Pro-Migration,Economic Necessity,Individualist-Self,Pragmatic
ecb09423e099,Sad reality.,Neutral/Observation,Economic Necessity,Individualist-Self,Despairing/Sad
734f28668839,Haami sunne matrai ho hjr kehi garna sakdainau 😂 hai haami harulai haami aafnai Nepali Janata aafnai daju bahini bare kehi matlab xaina bhane IE  lutera haruko k matlab😔 huna ta ho iniharukai karan ho Tara 🙏🙏🙏🙏🙏🙏🙏,Neutral/Observation,Systemic/Political Anger,Collectivist-Nation,Despairing/Sad
af580c643818,Nepal land will be bought by many industrialists in future at cheap price,Neutral/Observation,Systemic/Political Anger,Collectivist-Nation,Despairing/Sad
8bfa5738ec76,Corruption will never stop in Nepal. Which is the root cause of all this problem,Neutral/Observation,Systemic/Political Anger,Collectivist-Nation,Pragmatic
f970dba72c0b,यो भिडियो ले त अब म पनि यतै सेटल हुनु जस्तो लाग्यो।,Pro-Migration,Patriotism/Love,Individualist-Self,Hopeful/Motivated
566e12c9dc5f,"I am in Malaysia now, you have mentioned exactly the things which I had thought, Thanks ❤ for this wonderful contents,  I love you.<br><br><br>Living away from family sucks every second , bro 😢,<br>Most of the time we have to face exploitation 😢,  the thef leaders would never understand our pain, because they and their children never face it.<br><br><br>I have been doing research for many years,  And Try to understand our economic better,  along with all the other countries economic. Please Let me know if you need any information , I may add an unique aspects to them.",Trapped/Regretful,Economic Necessity,Collectivist-Family,Despairing/Sad
c2568a580f55,sir d47 visa ko barema research garerw haldinu parney vyoo hjur leaa ..ailea 3 vanda mathii ko gpa vako lea matraa d2 visa ma jana paine bhanya xa but official notice kataii pani xaina ani 2.84 xa sir mero gpa aba d47 visa ma janu vanxa mailea gardaii gareko consaldency lea ..ani aba hjur ko yo video herikana euta matra consaldency ko kuraa sunnu hunna bhanerw 3 4 wota ma bujeko harek consaldency ko kura farak xaa ..ielts pani gareko thiyee 5.5 aako xaa kina bhane xitoo bhanda xito garnu parcha bhanerw 21 days matra class gayeko thiyee 28 september samma testo keii kura thiyenw october  5 dekhii 3 gpa bhanda thoraii lea mildaina bhanerw vannu vyo consaldency ko sir lea aru consaldency laii bujda panii yaii vanxan ..ma lagayat dheraii student haru laii ekdamaiii garoo parya xa sir ..kasko biswas garne k garne keii thaxaina hjur tw content create garnu hunxa ani information haru hami students haru laii dinu hunna yo topik ma euta videoo banaii dinu paryo sir ..ma matraa hoina southkorea jane dheraiii sathyy haru laii yeslee garoo paryaa xa ..,Pro-Migration,Economic Necessity,Individualist-Self,Pragmatic
ff0b880b41e8,"<a href=""https://www.youtube.com/watch?v=YRwlDwWEBew&amp;t=182"">3:02</a> “pailaa nepali haru saudi qatar jaaney garthey bhaney aaile padhelekheko nepali australia japan jaaney garekoxan” re? fix your statement bro khaadi bhandaima anpadh manxe matra aauney haina yaha bujheu kei bolnu aghi sochera bola. ani k khaadi jaaney haru chai anpadh bhannu khojeko ho timile? <br>im extremely offended by your words. <br>i’m not an PHD scholar but im well educated and still decided to come to qatar to chase my dreams and i can proudly say that im earning way more than my friends who’s in japan australia etc etc!",Neutral/Observation,Economic Necessity,Individualist-Self,Angry/Frustrated
67d55baffa64,ma pani jadai xu 😢,Pro-Migration,Economic Necessity,Individualist-Self,Despairing/Sad
fb224e0ae515,maila private ma pada ko ho ani school lai maila paisa pay gara ko how government invest on me,Neutral/Observation,Systemic/Political Anger,Individualist-Self,Pragmatic
3936db3905b9,"As long as not let the Chinese government change Nepal, Nepal will rise again!",Anti-Migration,Systemic/Political Anger,Collectivist-Nation,Hopeful/Motivated
5c9578a487f3,"If I take a step back, post-World War 2, both Germany and Japan&#39;s youth and the entire nation worked hard to rebuild their nation. Some such sense needs to be imbibed right at the school stage in Nepal so as to bring nation-building pride and economic contentment. It is not a very long haul, but rightly done, we can perhaps see positive results in just over a decade. Just blaming the government is an excuse. But sadly to majority of Nepali youths this sounds like poetry. Social media and peer pressure is spoiling our young minds right at the school level leaving an already jeopardized nation to darker abyss. Our boys and girls want to settle the rest of their lives in the best nations (Mostly just following the trend and FOMO). Economic reason is not universal in all migrations.<br><br>BUT BEWARE. REVERSE MIGRATION is happening. The developed host nations like Canada, US, Australia, Japan are already getting overwhelmed with migrants from poor countries. Lack of housing, rising food prices and electricity bills, racism, safety, long process for healthcare facilities and lack of jobs are just the struggles that has to be kept in mind. People from some poor countries are returning back to their nations citing above mentioned reasons. That is going to increase more. ANTI IMMIGRATION SENTIMENTS IS ON THE RISE. They are fed up of brown/black/asian skins. It’s a truth even if they don’t express. Migrant baseko area ma gora haru mostly basdainan. <br>   But at the end it is all Poetry. 😅. Des banauney kam ma ko lagcha? Kehi faida chaina. Netaharuley bananuna parney ho des. Hamro kam  ho ra? Bidesko chillo bato, aglo building, hariyo park and sea beach samjhiyepachi control nai hudaina. Jasari bhayepani gayincha hai?<br><br>Just my two cents",Neutral/Observation,Systemic/Political Anger,Collectivist-Nation,Pragmatic
a6283f1471c8,janasankik ho ... pronounce properly ...if u cant prononuce it in different language,Neutral/Observation,Patriotism/Love,Individualist-Self,Pragmatic
aef562f72c55,"<a href=""https://www.youtube.com/watch?v=YRwlDwWEBew&amp;t=692"">11:32</a> laugh but reality 😢😂",Neutral/Observation,Systemic/Political Anger,Individualist-Self,Despairing/Sad
01bfd691dce0,"Paisa bhayepani nabhayepani sabaile le desh chadchan chadchan, kina ki ahile yo sabai global trend ho. Jaha paisa dherai subidha dherai kamauchan tehi manxe daudine ho aajkal. Kim jon un jasto tanasaha dictator le matra janta lai aafno desh ma tharkayera trashh dekhayera rakhna sakcha, developed desh le kasari aafno ukasna aru kamjor desh ko ke halat garcha tyo kura sabai lai tha bhayeko awastha ho.",Pro-Migration,Systemic/Political Anger,Individualist-Self,Pragmatic
4c50d19a9611,"Sochdai bas randiko xori haru, prgati hudena TYO desh ko… kharba lagani garxa arba gojima hule paxi ghanta ko development hunxa..",Neutral/Observation,Systemic/Political Anger,Collectivist-Nation,Angry/Frustrated
92048da677b1,Aru malai thaha xaina marriage huna Lai sablai garo hunxa,Neutral/Observation,Economic Necessity,Individualist-Self,Pragmatic
060f7e687e0d,"Income less, want more or expensive. Hard to fill wants and week security of life.",Neutral/Observation,Economic Necessity,Individualist-Self,Pragmatic
d6c9286506a0,"Unfortunately, Nepal is a failing country.",Neutral/Observation,Systemic/Political Anger,Collectivist-Nation,Despairing/Sad
999ef6ab13b3,Mahabir pun lai nai herau na  k ko laaamo kura,Neutral/Observation,Systemic/Political Anger,Collectivist-Nation,Pragmatic
3960d6799c9d,Bahun bokne kam banda garau Nepal banau Jay balen Jay harka,Neutral/Observation,Systemic/Political Anger,Collectivist-Nation,Angry/Frustrated
4fc0e5b98140,Studying in Nepal is like wasting time and money .. sad but true,Neutral/Observation,Economic Necessity,Individualist-Self,Despairing/Sad
83904cb18467,मलाई ९-१० वर्ष अगाडि खासै मतलब लाग्दैन थियो तर विगत २-३ वर्षमा म बाहेक मेंरो सबै साथीहरु र दाजु भाइ हरु विदेशिएको देख्दा मलाई दार लाग्न थाल्यो। परिवारमा सबैलाई हेर्ने म मात्र बाँकी छ यहाँ।,Neutral/Observation,Systemic/Political Anger,Collectivist-Family,Despairing/Sad
e2043944eb95,Yopali EDV varne wala  koko hunuhunxa yeta aamta,Pro-Migration,Economic Necessity,Individualist-Self,Pragmatic
f6f782fb981f,Idea thik cha but every video khali negetive thought one sisan baniya also said  tyo maybe timlai vanya hola !,Neutral/Observation,Systemic/Political Anger,Individualist-Self,Pragmatic
48bc3d8916e0,"Sala corruption garney muji haru le desh nai khattam banayo yrr 😭<br>Yo kura ekdum seriously bhujne ho vane suru ma bidesh jau<br>Tya ko rules, system hernu bhujnu ani tha pauxa sala kasto samma chor haru le dhubako xa hamro Desh <br>Koi individual lai farkina nai man hudaina <br>Everything we invest in Nepal goes directly or indirectly to this corrupted Government.",Pro-Migration,Systemic/Political Anger,Individualist-Self,Angry/Frustrated
122cd6bd3ce9,I am leaving Nepal sooon😢,Pro-Migration,Economic Necessity,Individualist-Self,Despairing/Sad
8ae10ddeb26f,Usa and Westerners master plan to destroy Nepal and Nepalese.....Nepal is ruled by these countries .....our leaders are puppets,Neutral/Observation,Systemic/Political Anger,Collectivist-Nation,Angry/Frustrated
938dbcdda976,Salary didainan company ma paisa xaina vandinxan ma ni janxu ABA bidesh Nepal ma kati sram Daan grnu,Pro-Migration,Economic Necessity,Individualist-Self,Angry/Frustrated
378669e1ea51,"Bidaes jaanae bitikkai kaam paaunae hoinau kaam paaunu koe laagi timi tyaa ko citizenship hunuparchha tyoe ta guarantee ho ani jaba samma citizenship paaudainau taba samma timi lae raamroe sita kaam paaudainau yeti gari pani haalyoe bhanae tyoe illegal hunchha ani kaam  nagarae pachhi income pani hudaina ani citizenship pani jaanae bitikkai paaunae hoinau sabai desmaa paaunu ko laagi yeti barsa samma basaekoe hunai parchha bhanaera tokaekoe hunchha jastai example USA ko kuraa gardaa US ko citizenship hunukoe laagi timi atleast 7 or 8 barsa basaekai hunuparchha bhanae pachhi tyoe 8 barsa nakatunjael samma timilae raamoe sita kaam paaudainau ani kaam napayae pachhi yestai waiter,cook, nokkar etc yestaa kaam garchau. Tyati barsa bhitra ta nepal mai raamroe sita kaam gariraakhaeko hunchha. UK,USA,Australia saayad aru desmaa pani holaa Students haru baata aaunae jati praaya waiter ki cook ki bhaadaa maajnae kaam garchha, Quater maa maximum nepali haru Airport maa saamaan haru oosaarnae, koi driver kaam garchha, koi cleaning etc kaam garchha k yestoe kaam nepal maa garna sakdaina.",Neutral/Observation,Economic Necessity,Individualist-Self,Pragmatic
0808ddf816c6,AVERAGE youth lai Nepal ma sustain Huna GARHO xa... BIDESH JINDABAD🙌,Pro-Migration,Economic Necessity,Individualist-Self,Hopeful/Motivated
f35109125f98,"Yes, the issue of getting equivalence certificate from Tribhuvan University is real. This is causing many to rethink about returning to Nepal or to leave Nepal after becoming frustrated with the TU people here.  I know folks who have masters and PhD degrees from western countries. They struggle to get equivalence at TU because TU doesn&#39;t have a comparable degree program or study route as found in western universities. If you study a field not found at TU, getting equivalence is very difficult. Also, TU may not give equivalence for masters degree if the field of study is different than the bachelor&#39;s degree. Same goes with PhD. They make a big issue on how one can go from one degree to another, even if it was completely legal overseas. If equivalence is not granted for masters, then it will not be granted for PhD. Even those who study in India are at risk of not getting equivalence. Hence, you have cases where people can get equivalent certificates from other foreign countries but not from Nepal! For example, an America-educated person can get equivalent certificates from UK and Canada for the purpose of employment in those countries, but not from Nepal! It is very sad indeed!",Neutral/Observation,Systemic/Political Anger,Individualist-Self,Despairing/Sad
cf23bf917a55,"India ko game ko sikaar ho..congress,,emaalay ra maubaadi lay india sanga milera banda gareko ho..ani samjik laalsi pan lay pani ho..ani vayeko companies haru lay afulay faida dherai rakhni ra salary dherai nai kam dinchan..aba esto euta samyantra banauna paryo jun hami hamro youth vanda pani aba aru desh baata youth lyayera vaye pani indutries chalauna paryo..aba nepali youth lay nepal nabanaunay ho vanay nepali entrapeneur harulay africa,bangladesh baata manchey leraayera kaam garauni ho ra product chai internationally export garna parcha",Neutral/Observation,Systemic/Political Anger,Collectivist-Nation,Angry/Frustrated
a6cf42bf2e00,"चुनाव नहुन्जेल सरकार थू गर्यो अनि चुनावको बेला चै मासु भातमा बिक्छन्, थूईक्क हामी भेडा",Neutral/Observation,Systemic/Political Anger,Collectivist-Nation,Angry/Frustrated
d60febbd9670,"नेपालको 90% अभिभावक आफ्नो छोरा छोरीले चाहेको स्किल वा उद्धमशिल काममा 30,000 रूपियाँ लगानि लगाउँदैनन् तर विदेश पठाउने कुरामा ऋण काडेर भएपनी 30, 40 लाख रूपियाँ जुटाउँछन्।<br>   नेपालका 90% देशका अभिभावक (नेता र गार्जेन) , चुतिया, नेगेटिभ, नराम्रो कुरा सिकाउने, खुट्टा काट्ने, आफ्नै लेडेँढिपी गर्ने आदी छन्। जम्म 10% मात्र भाग्यमानी छन् जस्ले सकारात्मक, सपोर्ट गर्ने, राम्रोसँग कुराहरु बुझ्ने बुझाउन सक्ने अभिभावक पाएका छन्। मैले भोगेको र धेरै साथीहरूको कथा देखेर भन्दै छु। सम्झाउँदा आफ्नै टाउको दुख्छ। कसैको मन दुखे माफी चाहन्छु तर वास्तविकता यही हो।😅",Neutral/Observation,Family Obligation,Collectivist-Family,Angry/Frustrated
2e34354107ca,Gahiro bislesan vai ko keep it up. Aru kai ma progress navaye ni news ra awareness ma progress vayeko chaa yo pani desh ko lagi ramro ho,Neutral/Observation,Patriotism/Love,Collectivist-Nation,Hopeful/Motivated
cc86dc4561d2,Yo video M views maa jawos ❤ sara nepali le hernu parne ho.,Neutral/Observation,Patriotism/Love,Individualist-Self,Hopeful/Motivated
2d623b9a09f8,जब सम्म एमाले माओवादि कांग्रेसलाई भोट हालिरहन्छ तब सम्म यो देश अझै नाजुक र अस्तित्व नै धराप मा पर्ने छ ॥,Neutral/Observation,Systemic/Political Anger,Collectivist-Nation,Pragmatic
1f22039e344b,भाइले सारै राम्रोसङ नेपालको समस्याहरु बताउनु भयो तर समस्याहरुको कारण पनि भन्नुपर्यो जनताहरुलाइ। जस्तो जनता उस्तै नेता भयपछि यस्तै हुन्छ्😡😡,Neutral/Observation,Systemic/Political Anger,Collectivist-Nation,Angry/Frustrated
e4cf2cbabd67,"mind opening video on the Internet, so far ❤❤. <br>god bless you!",Neutral/Observation,Patriotism/Love,Individualist-Self,Hopeful/Motivated
b6d6988a31e5,"Indepth story, Nepali comment and project ka kura le ramrai sanga warning vetey jasto cha k ko lagi aas gariyako channel le k ra kasto khaley topics ma video leirako chha ani k bhani rako chha.... Paila jasto chhaina...",Neutral/Observation,Patriotism/Love,Collectivist-Nation,Pragmatic
a46267be7710,Malai lage ko Kura Nepal ma kehi din  hr agency ma kaam gare ko thiye <br>Interview Dina aaune sab dhari padhe ka but general knowledge ko kami <br>Practical knowledge ko kami <br>Kei skill xaina <br>Working skill bina ko certificate haru boke ka aaune interview handle garna na aaune candidates aaba kasari job xaina vannu Nepal ma <br>Aachama lagxa <br>Capable candidates haru le mazza le job pauxa <br>Educate matrai Haina <br>Practical based education ma focus garnus vannxu ma ta <br>Thank you <br>Taha tapai ki sabai videos ramro lagxa malai <br>Keep it up 👍,Neutral/Observation,Economic Necessity,Individualist-Self,Hopeful/Motivated
e7f7c29b4cba,"के चाहिँ छ,खै? म त केही देख्दिन। गर्न खोज्ने लाई केही काम दिदैन सरकारले। रोजगार छैन,१४,००० अनि २०,००० सम्मको तलबमा परिवार कसरी पाल्नु,एउटा बिबाहित मान्छेले,ल एक्लै बसेको छ भने पुग्ला त्यतिको तलबले। काम छैन,मेरा कति आफन्त पर्देशमा छन्। क्यानडा,अष्ट्रेलिया,अमेरिका,साउदी अरेबिया,कतार,मलेशिया,दुबई,बेलायत। 😮😢💔🙏",Neutral/Observation,Economic Necessity,Collectivist-Family,Despairing/Sad
4e3e266b4dcc,Dai world economics crisis xutyo,Neutral/Observation,Economic Necessity,Individualist-Self,Pragmatic
d66e2229a905,"<a href=""https://www.youtube.com/watch?v=YRwlDwWEBew&amp;t=1098"">18:18</a> Kathmandu ma basne dheari lai testo tha xaina kina ki thya population ni dheari xa tei vaye ra aajai feel vaxaina outside of kathmandu hernu ta ta yo aaile present vairaxa market aaile chale xaina kinw market ma youth nai xaina tei vako vane uncle hru ho youth pani market rarely dekhixan <br><br>Aaile garment hru le youth hru ko lagi clothes production nai gardina<br>Garne vane ko kids ra old manxe lai ho <br>Bajar ma youth nai xaina",Neutral/Observation,Economic Necessity,Collectivist-Nation,Pragmatic
d85fc434c4a0,Where all the money of the country is going,Neutral/Observation,Systemic/Political Anger,Collectivist-Nation,Pragmatic
48668952ce27,"I am proud as I have left Australia for good and its been 2 years. I see innumerable opportunities to earn name, fame and wealth in this country.",Anti-Migration,Patriotism/Love,Collectivist-Nation,Hopeful/Motivated
797e923c918a,Purana neta haru le bhrastachaar garera  14 pusta  pugne akut sampati jamma garera aba tyei bhrastachar mudda haru bata bachna lai sarkar dhaldai pali palo sarkar chalayera baseka chan. 2084 ma vote garda bichaar puraunu hola sabai Nepal ma bhayeka janata le. Yi puraana bhrasta haru lai jail ko hawa khuwaunu nai parcha.,Neutral/Observation,Systemic/Political Anger,Collectivist-Nation,Angry/Frustrated
5596e44700d5,वास्तवमा यो समस्या समग्र दक्षिण एसिया भरिमै छ र सबैभन्दा बढी नेपालमा छ।सानो देश थोरै जनसंख्या तर धेरै नेता  अधिक विज्ञता र सामाजिक अभियन्ता यिनैले आफ्नो अनुकूलको व्यवस्था लादेर यो अवस्था गराए।ठुलो दोष राज्यको अनि नागरिक।देशमा बस्ने वातावरणको सिर्जना राज्यले नै गर्ने हो।यहाँ धमिलो पानीमा माछा मार्न पल्केकालाई यस्ता कुराले छुदैन।किनकि केही मुठ्ठी भरको मुठ्ठीमा छ देश।अनि किन कसैको लागि आपसमा भिड्ने भनेर देश छोड्ने अभियानमा युवा,Neutral/Observation,Systemic/Political Anger,Collectivist-Nation,Pragmatic
737439bc1e02,Education ko reason le chai i really wanna leave this country  mero baini le 2 choti back paper deko xa 12 ko how can neb be so careless reetotaling garda copy check xaina yesto para le kun chai student Lai nepal ma padnu manlagxa ra I&#39;m suggesting her to do pcl nursing then try for aboard aba ko 10 years ma ta ma aafno family lai nai aboard shift garauni sochiraxu kina ki yeta kaile kei change huni wala xaina,Pro-Migration,Systemic/Political Anger,Individualist-Self,Despairing/Sad
e7b6908791d6,Nepal ma kehi bigriyeko nai xainaw din var social media ko content consume garni nepal ma kehi garna nakhojhni abroad ma poisa ko bot xaw van ni yuwa dharai vai diyeraw tysko result dakhiyako matrai ho,Neutral/Observation,Systemic/Political Anger,Collectivist-Nation,Angry/Frustrated
be2f19632cde,Yestai xa yr bro im in uk since from 4 year im happy in here sab lai tehe bhanxu what im experienced sakxau nepal maie gara sakdainau nepal time maie xodi hal kta ho paisa na huney dubai ja contract ma tya beta Europe try gara.😢bro love your news always my wife always watch your content bro bewt wishes and best of luck to you bro,Pro-Migration,Economic Necessity,Individualist-Self,Pragmatic
e6ddc1aaf179,Horrified by the stats.,Neutral/Observation,Systemic/Political Anger,Collectivist-Nation,Despairing/Sad
92549b60b8c1,मत साउदी मा छु फेरि नेपाल आएसी दुबै जाने सोचिरा छु😢,Trapped/Regretful,Economic Necessity,Individualist-Self,Despairing/Sad
8eab7db033d4,&quot;These 3 pm should be end to start the development of this country.&quot;,Neutral/Observation,Systemic/Political Anger,Collectivist-Nation,Pragmatic
5243e65f1555,Parsi ko flight xa aaja yo herdai xu😢,Pro-Migration,Economic Necessity,Individualist-Self,Despairing/Sad
bf28e9627c2e,Nepal be next Bangladesh team then something may changes,Neutral/Observation,Systemic/Political Anger,Collectivist-Nation,Pragmatic
2c59ed4e3140,Nepal ma ta euta kam paunu pani neta ko jhole hunu parxa😢 ya ta 12 padeko pani kei valu nai hudaina bachlor ma pani 4 years barbad matai hunxa skilled manxey lai vanda pani neta ko aafanta lai nai thau hunxa teso vaye pachi last option bidesh nai ho,Pro-Migration,Systemic/Political Anger,Individualist-Self,Despairing/Sad
a59d14178665,"Ani dai tapai lai sarkar batw warning aako xa ki nai tw..? In depth story , Tanka Dhakal dai haru lai tw aayosake xa 😢",Neutral/Observation,Systemic/Political Anger,Collectivist-Nation,Pragmatic
52390565d642,What do u think other country will take care of u. And What do u think they will give  opportunities in every work no they will only give  opportunities to those people or those work whom they need only other are normal salary. Suppose if they need doctors than there will be good opportunity and salary for specially doctors only not for everybody remaining others are just normal salary. Maybe u don&#39;t know that for example In Russia also they need army to fight for war so they will give special opportunities for army only by showing income and other facilities.,Neutral/Observation,Economic Necessity,Individualist-Self,Pragmatic
3d4eae7e1bcb,लौ! अब हामी देशमा नै भाको युवाले देश बनाउने हो तेसको लागि एक बनौँ। जय नेपाल,Anti-Migration,Patriotism/Love,Collectivist-Nation,Hopeful/Motivated
1da9608043f5,Why not to go abroad?<br>In Nepal for a receptionist position one need bachelor or master qualification and then the salary is Rs 25-35k avg whereas in abroad for the same receptionist position the salary is Rs 300k-350k.<br>Then who doesn&#39;t want to go abroad?,Pro-Migration,Economic Necessity,Individualist-Self,Pragmatic
b0388101f1d9,Kam napayara desh xadeyako haina hami aafai ley Garda afno desh xadna parako ho <br>Kanun banako xa kanun aanusar hidna chadenau ani Nepal lai bedesh jasto banauxu vandai hidxau sano sano Kura ley Garda desh xadna parxa Tyo Kura bujdaina  thula thula neta lai aagadi dekhayara kahani sunauxa,Anti-Migration,Systemic/Political Anger,Collectivist-Nation,Pragmatic
33577ed61a67,म केहि समय पछि देश फर्किदै छु ।,Anti-Migration,Patriotism/Love,Collectivist-Nation,Hopeful/Motivated
6d9ce8ee0784,Thumbnail copied from Indian Youtuber,Neutral/Observation,Patriotism/Love,Individualist-Self,Pragmatic
0a4b43d12e75,its a trend,Neutral/Observation,Patriotism/Love,Individualist-Self,Pragmatic
aeada6380f14,नेतालाई गालि गरौ समस्या समाधान हुन्छ ।<br><br><br>काम नगर्ने प्रवित्ति छ हजुर ।<br>सानोभन्दा सनो काम देखि ठुलो काम गर्न बिहारबाट बिहारि आउछ्न ।<br>तर नेपालि काम  नेतालाई गालि गर्‍यो बस्यो।,Anti-Migration,Systemic/Political Anger,Collectivist-Nation,Angry/Frustrated
112d8aea89e2,Reasons:<br>1. Political instability <br>2.lack of opportunities<br>3. Lack of private job that offer salaries<br>4.lack of establishment of factories and industries.<br>5.low vacancy on government job<br>6.salary scale is very low<br>7.Karar maa aafanta haru 8.small scale industries ma invest garda market napaunu 😢😢<br>And this is greater nepal😂,Neutral/Observation,Systemic/Political Anger,Collectivist-Nation,Pragmatic
67fb6f496713,because we lost our beloved king to these piece of shits.,Neutral/Observation,Systemic/Political Anger,Collectivist-Nation,Angry/Frustrated
0cdccfdb14f3,Yo information ligerw ahile ka neta chor hari 60 age pani nadine tech use garla vanni dar 🙂,Neutral/Observation,Systemic/Political Anger,Collectivist-Nation,Pragmatic
c7a50c218fd2,"मैले पछिल्लो समयमा धेरै जब खोज्ने प्रयास गरे, 4-5 ठाउँमा Interview दिए । तर पनि कुनैपनि ठाउँमा छनोट हुन सकिन ! <br>(कारण :- एक जना चाहिएको थियो तर आवेदन दिने 50 जना अनि अन्तरबार्ता दिने 20-25 जना हुनु!!!)",Neutral/Observation,Economic Necessity,Individualist-Self,Despairing/Sad
b1ede7fe6b4c,I am currently a 11th grade student . My teachers suggests us not to leave this country . But i fear what if i cant sustain myself in this country ? My country wont take care of me nor it will provide me with opportunities to do so .,Trapped/Regretful,Economic Necessity,Individualist-Self,Despairing/Sad
19411751fe75,Nepalese outgoing : Indians incoming !,Neutral/Observation,Systemic/Political Anger,Collectivist-Nation,Pragmatic
c1f37de607b8,J sukai hosh,Neutral/Observation,Patriotism/Love,Individualist-Self,Pragmatic
e87c6f7d0e56,"Today is my ielts exam if I have to get a good score, I leave Nepal within a few months.. pray for me guys 🙏🏻",Pro-Migration,Economic Necessity,Individualist-Self,Pragmatic
ff802dbf0a69,Next video should be on resources to invest on  in nepal,Neutral/Observation,Economic Necessity,Individualist-Self,Pragmatic
4d84e69f3d29,sahi kura ho last ma bidesh nai jane force nai huncha 😊,Pro-Migration,Economic Necessity,Individualist-Self,Pragmatic
fd32149318d3,Mero euta matra concern or euta matra question...... Desh ko bare ma socheko xa ya fir kasailey socheko xa....??? Yeha euta duita matra kura hunxa rules and regulations change ani tailey yo garis mailey yo gari..... K chai garyoo tw?? Dosh prtyarop only.... Kahiley hainw hai development ko bare ma ni sodhnu prxa vanne xainw... So Mero Nepal Mero noi rahenw..... Lagxa ma yeha kamauxu tyeha.... Neta ramauxa ajhai pariwar sngaa baserw hami khadi ma gali tension extra hour kaam garerw bsne chai pariwar naveni marinxu ki vanne Daar maan ma full time Rahi rahanxa😢 godd job nepal😊,Neutral/Observation,Systemic/Political Anger,Collectivist-Nation,Despairing/Sad
7b75026082e6,Ma pani 1 month vayo .. leaved our nepal ..,Pro-Migration,Economic Necessity,Individualist-Self,Pragmatic
6d90930d8e30,"Brah, tell something we all already don&#39;t know for decades now.. 28 minutes of boilerplate content.<br><br>There is no winning when the competition is the developed countries. Whatever Nepal does in the best of the best situations will not be enough. There will always be and may be many more that will still dream of abroad no matter what. What will remain of Nepal will be just old, the unluckies and the insane patriots that have made a full circle. It&#39;s our destiny and there is nothing wrong if u ask me. We&#39;ll make what we can make out of it.<br>For me, all Nepal needs to do is to not fuck up its natural environment to the point of no return in name of development like some countries in the world are doing. We&#39;ll be just fine.",Neutral/Observation,Systemic/Political Anger,Collectivist-Nation,Pragmatic
bc354c1055c7,Nepal ka Buda neta kukur haru ley garda hamro desh khatam vayoo,Neutral/Observation,Systemic/Political Anger,Collectivist-Nation,Angry/Frustrated
525fb3b9f3f5,Japan ma mero 15 year old japanese sathi kta le 6 months part time job garera 5 lakh ko computer setup kinyo <br>Ma 15 barsha ma nepal ma facebook ma love is fake wala post gardai thiye 🤧,Neutral/Observation,Economic Necessity,Individualist-Self,Despairing/Sad
067bead9a3d4,Ma bidesh jana dhilo gare jasto,Pro-Migration,Economic Necessity,Individualist-Self,Despairing/Sad
934f58931208,Aru saman bechne haame manxey bechne,Neutral/Observation,Systemic/Political Anger,Collectivist-Nation,Angry/Frustrated
703f4930c247,Long turm planning ani mehinat tyo pani janata ma dhairyata lagansilta tyag derei kura sahera strong strong manxe jasle aaphu jastai talant lai sath ma rakhera kam suru hunxa ni ani matra pauxa desh ley pratifal tara k garnu ati bujhna bichara hami lai budo hunuparxa jimbewari ley ani samasya ley garda fursad hunna kasailai😭,Neutral/Observation,Economic Necessity,Individualist-Self,Despairing/Sad
8510a8f259f1,"Pahila nepal ma rajneeti niyukti banda garnu parcha , party ko jhole haru lai sabhai thau bata nikalnu parcha ani balla education ra experience ho hisab le niyukti garnu parch",Neutral/Observation,Systemic/Political Anger,Collectivist-Nation,Pragmatic
9102d55b39b1,"<a href=""https://www.youtube.com/watch?v=YRwlDwWEBew&amp;t=360"">06:00</a> Background music reminds me of aba ta ma farkinna hola song 🥲",Neutral/Observation,Patriotism/Love,Individualist-Self,Pragmatic
a52bea343fbd,sab chor neta harlai heraunu parne yo video.. thank you bro for the video,Neutral/Observation,Systemic/Political Anger,Collectivist-Nation,Hopeful/Motivated
1d40503be798,K garnu +2 padhdaa samma Nepal mai kehi garxu garera dekhauxu vane katti aat thiyo .<br>Nepal KO ahile KO haalat herdai bidesh jaa jaa Matra vanxan.<br>Janata man xaina Tara k garnu  dinvari mori Mori kaam gardani  vane jasto salary nai paaudaina.<br>Aafnai business garam vane yo desh ma nata uwaa xa nata uwati <br>ma professional hairdresser ho  <br>Dashain Pani aaEsakyo <br>Almost sabbai salon haru thappa xa..pahilaako jasto maaholnai xaina..<br>Heram 1 year jati <br>Kasari vaAni Nepal basxu natra vane bidesh nai jaanxu..❤<br>Yo desh ma uwaa haruko value nai xaina..<br> Yo mero Matra samasya hoina sampuna sector koni haalat astai hudai xa ..<br>Saale neta harulai dhapaaunu parxa aba atti vaisakyo,Pro-Migration,Economic Necessity,Individualist-Self,Despairing/Sad
39199289e837,sarai naramro lagchha...desh ma basna ta man chha ni k garnu ....basne khalko environment nai chhaina 😕,Trapped/Regretful,Systemic/Political Anger,Individualist-Self,Despairing/Sad
4857bab6bb4a,This is request to all viewers please like this channel. Yo vedio hamro marma ho estai vedio banaunu dai Keep it up ❤❤❤ Jai Nepal🙏🫡,Neutral/Observation,Patriotism/Love,Collectivist-Nation,Hopeful/Motivated
97a07885406c,Ahead to foreign 😢,Pro-Migration,Economic Necessity,Individualist-Self,Despairing/Sad
94a515b6c28f,युवा जति पैसा कमाउन दाैडिने देशकाे विकृति विसंगति नहेेर्ने अनि कहाँबाट देश सुध्रिन्छ र युवाले देशमा अवसर पाउछन् जहाँ विग्रेकाे छ त्याहाँ सुधार्नु पर्याे अनि पाे युवा भन्न सुहाउँछ।,Anti-Migration,Patriotism/Love,Collectivist-Nation,Hopeful/Motivated
7ca4a0771098,I m that Nepali who came tried and failed so back to bidesh again 😢,Trapped/Regretful,Economic Necessity,Individualist-Self,Despairing/Sad
e22816608086,मलाई स्वास्थ्यले अलि साथ न दिएर मात्रै हो नत्र म पनि यो देशमा कुनै हालतमा बस्ने नै थिइन । यो देश भने म जस्तो साधारण मान्छेको लागि हुदै होइन । यो देश त यी भ्रष्ट दलाल नेता तिनका आसेपासे झोले हनुमान र केहि ठुला व्यपारीहरुको लागी मात्रै हो ।,Pro-Migration,Systemic/Political Anger,Individualist-Self,Angry/Frustrated
e6f514e720e5,Dai hajur KO address bhairahawa ho Hana<br>Dekhey dekhey jastai laayo,Neutral/Observation,Patriotism/Love,Individualist-Self,Pragmatic
13d3de59fd94,म पनि अब केहि समयमा देश छार्दै छु 😢😢😢,Pro-Migration,Economic Necessity,Individualist-Self,Despairing/Sad
661bf1d42d46,Savai lai thaha xa to sav kura <br>Thaha nahuni vaneko tei kp oli prachande ra shere lai ho ra tin ka party ka jhole lai ho yo video kp oli lai tag garauna ..😢😢😢,Neutral/Observation,Systemic/Political Anger,Collectivist-Nation,Angry/Frustrated
59dd09e1de16,"Bro euta kura vanum, America, Australia ma aako yuwa haru 80 percent kunai kaam ko hudainan, tini haru ley katai pani kehi na payera yaha loan liyera sab sey thotro collz ma padhchhan. Ra I-phone dekhauna ra ghumna bahek aru kehi audaina tini haru lai, Guff thokchahn ani tehi Indian ko restaurant me gayera kaam garchhan. Nepal ko 80% yuwa karma garne type ko dekhina maile, bas guff pelne type ko matra lagyo.",Neutral/Observation,Systemic/Political Anger,Collectivist-Nation,Pragmatic
3631edb1182a,Police jawan ko behal xa Nepal ma police ko salary le aafno pariwar pani palnu sakdeina,Neutral/Observation,Economic Necessity,Collectivist-Family,Despairing/Sad
7abe212eb7a1,Kp Oli sher Bahadur prachanda ko jhola boknu parxa desh bikash hunxa 😂,Neutral/Observation,Systemic/Political Anger,Collectivist-Nation,Angry/Frustrated
bce1c3fa9dcb,Nepal ma kaam xaina but moh nepal ma basira $400/$500  monthly earn garxu and im happy with that,Anti-Migration,Economic Necessity,Individualist-Self,Hopeful/Motivated
2bbf6e519cbd,chor neta lai desh bata lakhetnu parcha.,Neutral/Observation,Systemic/Political Anger,Collectivist-Nation,Angry/Frustrated
d790addb7811,Why do you think those ‘Netas’ care..😆. They want money for them not for us.,Neutral/Observation,Systemic/Political Anger,Collectivist-Nation,Angry/Frustrated
f97f51f08cb5,Jhole harule Nepal Desh sakyo,Neutral/Observation,Systemic/Political Anger,Collectivist-Nation,Angry/Frustrated
d665c53bf5b1,Januii parxa yo desh ma basnu hudaena  kina ki nepal ma basyo vaneh kangal vainxa,Pro-Migration,Economic Necessity,Individualist-Self,Pragmatic
fcf8f29873e2,"Gr* show,  Brother .I n my opinion .  political stablity + . encourage foreing investment in NEpal  ie less dependancy of foreign land ..  which leads to refrain youngerster  moving abroad.   .. .  Thanks",Anti-Migration,Systemic/Political Anger,Collectivist-Nation,Hopeful/Motivated
a2a6c1d74bda,Japan anime le garda gako ho 😂,Neutral/Observation,Patriotism/Love,Individualist-Self,Pragmatic
54ff783c78e4,Hamile kehi Action Lina parne Din aai Sakeko Dekhinxa 😢,Neutral/Observation,Systemic/Political Anger,Collectivist-Nation,Despairing/Sad
bb73cd63b5ae,नेपालमा बजार नै छैन डाक्टर नर्स इन्जिनियर यही पढेर विदेशमा राम्रो जागीर खाएका छन् तर नेपालमा काम नै छैन काम पाए तलब छैन।,Neutral/Observation,Economic Necessity,Collectivist-Nation,Despairing/Sad
8b849cb6a2c4,malai euta sir le vannu vayeko kura yaad aauchha: &quot;yethartha ra adarsha ka kura beglai hunchha&quot; :),Neutral/Observation,Patriotism/Love,Individualist-Self,Pragmatic
723edd939fd0,Ma BHMstudent 4 years of working experience 5 star hotel ma chu Tara salary basic salary 18k age 29 paugi sakyea aarko barsa bidesh paugchu ma pani,Pro-Migration,Economic Necessity,Individualist-Self,Pragmatic
eb3c6b431bcc,"Demographics bonus को बारेमा धेरै ठाउँमा छलफल गर्ने गर्छु तर दुर्भाग्य नीति निर्माण तहकालाई कुनै ज्ञान,योजना र नीति निर्माणमा ध्यान छैन। यो नै यो देशको दूर्भाग्य हो।",Neutral/Observation,Systemic/Political Anger,Collectivist-Nation,Pragmatic
21251442224f,Lots of love from UKC ( United Kingdom of Chitwan),Neutral/Observation,Patriotism/Love,Individualist-Self,Hopeful/Motivated
8247374a0ca9,People posting thier ILLEGALLY crossing the boarder journey publicly on social media is more frightening and also pathetic. Afno jyan bhanda pyaro tiktok? 🤦🏻‍♀️ bharey tyo video haru ley afulai samsya nalyaos and yesari post garna ley aru pani jhan influence hudai cha jasto lagcha malai chai. Ramro sanga bichar garera matra yesto kadham uthaum hola.,Trapped/Regretful,Economic Necessity,Collectivist-Nation,Despairing/Sad
cd7145484ebb,Janta haru afai jagnu parxa rw aware hunu parxa ani matra problem solve hunxa navaya noksaan hamro nai ho🙏😊🙏🫡😊,Anti-Migration,Economic Necessity,Collectivist-Nation,Hopeful/Motivated
ff467a3de5bf,Eu nepali Ho bhanne daju Kaha hola Kasto hola bhanne Janna ko lagi ecchuk chu ma?? Do anybody know??,Neutral/Observation,Patriotism/Love,Individualist-Self,Pragmatic
73b6b3c28c46,यो सबैभन्दा खराबसोच?,Neutral/Observation,Economic Necessity,Individualist-Self,Pragmatic
aea1dbbcf56d,I want to suggest to everyone work hard and live life simple in our country.,Anti-Migration,Patriotism/Love,Collectivist-Nation,Hopeful/Motivated
faace9932d5b,usa be like need more publicity 😅 come to nepal jai pashupatinath 🙏,Pro-Migration,Patriotism/Love,Individualist-Self,Pragmatic
f5ab0d7956d6,It is called dunkey process . Hamro neighbourma vayeko yekjana ddko relative + husband pani yei dunki  process bata USma pugeko xa . I ve heard that india ko certain places  ma ta  dunky process duwara US purauna budget anusarko pacakage hunxare,Pro-Migration,Economic Necessity,Individualist-Self,Pragmatic
c96f5ae5efc8,This is a serious topic which should be noticed by Nepal government and implement strict rules against those agents,Neutral/Observation,Systemic/Political Anger,Collectivist-Nation,Hopeful/Motivated
05acc3af510d,Sir ko kura thik ho tarw kina j jasto vayeni ki pariwar kai lai yo risk ni sano lagcha ra bhabisay sabreyre la vanney huncha,Neutral/Observation,Family Obligation,Collectivist-Family,Pragmatic
2a066083850d,"If there was a functional  Nepali government  and intelligentsia, this documentary  would win the 1st prize in a competition!",Neutral/Observation,Patriotism/Love,Individualist-Self,Pragmatic
09b15258e079,Panama jungle dengerious,Neutral/Observation,Economic Necessity,Individualist-Self,Pragmatic
5473bc6f5b11,"Ke jaanu paryyo ho , aaffeii garr , aaffnu thaawma garr",Anti-Migration,Patriotism/Love,Individualist-Self,Pragmatic
1df27ead3b4f,Hoina usa illegal tetro tirera jaanu chaae kina achamma 6 yrr😡😡😡,Neutral/Observation,Economic Necessity,Individualist-Self,Angry/Frustrated
4d975d1b71cf,"Its in nepali 😢 i cnt understand it , i am indian . Ps Jai shree ram",Neutral/Observation,Patriotism/Love,Individualist-Self,Pragmatic
c20650ed17d7,Authenticity of your data???,Neutral/Observation,Economic Necessity,Individualist-Self,Pragmatic
355e38c38c42,Sab pagal huun yetro paisa kharcha garera jada t . Jindagi nai gumauna parne 🙏 .,Neutral/Observation,Economic Necessity,Individualist-Self,Angry/Frustrated
5eaa848cdec2,K garnu mache ko jiwan ta ho dukha ra vok ley k k garauca,Pro-Migration,Economic Necessity,Individualist-Self,Despairing/Sad
482d9e03917e,"i am living  in portugal since 2015 ,i know how people came .i met a guy who came from Qatar walking here ,bro thats crazy.",Pro-Migration,Economic Necessity,Individualist-Self,Pragmatic
66f5e99c3b52,"😮😮😮😮😮😮😮 <a href=""https://www.youtube.com/watch?v=0jcF4qkDR44&amp;t=177"">2:57</a> <a href=""https://www.youtube.com/watch?v=0jcF4qkDR44&amp;t=178"">2:58</a> <a href=""https://www.youtube.com/watch?v=0jcF4qkDR44&amp;t=178"">2:58</a> <a href=""https://www.youtube.com/watch?v=0jcF4qkDR44&amp;t=178"">2:58</a>",Neutral/Observation,Economic Necessity,Individualist-Self,Pragmatic
7137ee53c9d3,Bhai agent biswasilo paryo vane asari Hindera janu pardaina kunai kunai agent le scam gareko hunale alpatra pardiyeka hunxan ra asari januparxa mero najiko ko nadedar asari gayeko thiyo tara jungle jungle container ma janu parena by bus nai boarder par gareko gayeka thiye Aile us ma xan lagvak 5 years vayo ma vanxu batho manche hattakaatta manche le matra asari yo route gaye ramro,Pro-Migration,Economic Necessity,Individualist-Self,Pragmatic
7615098f5943,"My uncle is on the way to US, the same way you mentioned. It&#39;s been 2 months already",Neutral/Observation,Economic Necessity,Individualist-Self,Pragmatic
3f5c3bcf5978,Copy right awudaina dai aqru ko clip use grda,Neutral/Observation,Economic Necessity,Individualist-Self,Pragmatic
0633425887d3,information vedio,Neutral/Observation,Economic Necessity,Individualist-Self,Pragmatic
837bd0e53fc2,Bro portugal ma yeti bijok cha ki 1 barsa dekhi kaam na gari basna parya cha . Manche haru homeless vako chan,Neutral/Observation,Economic Necessity,Individualist-Self,Despairing/Sad
640ec26b501a,"<a href=""https://www.youtube.com/watch?v=0jcF4qkDR44&amp;t=451"">7:31</a> (the cross sign) glitch in the matrix?",Neutral/Observation,Economic Necessity,Individualist-Self,Pragmatic
668fec512a72,Croatia 🇭🇷 is good,Pro-Migration,Economic Necessity,Individualist-Self,Pragmatic
ab69b156994e,finally found nepali reporter as indian dhruv rathe❤❤ love it,Neutral/Observation,Patriotism/Love,Individualist-Self,Hopeful/Motivated
9738d3e71647,यत्राे मेहेनत youtube मा गर्ने हो भने famous YouTuber भएर पछि घुम्न संसार भर भिसा लाग्छ अरु युद्ध भएको देश र भोकमरी लागेको देशको मान्छेकाे लागी त ठिकै हो यसरी जान तर हाम्रो देशमा त अहिले ज्यानको बाजी लगाएर जानु पर्ने गरी खानै नपाउने अवस्था त आएको छैन त हो।,Anti-Migration,Economic Necessity,Collectivist-Nation,Pragmatic
24452f76a81a,that&#39;s why teacher says read properly madarchod,Neutral/Observation,Economic Necessity,Individualist-Self,Pragmatic
1aeb1bd5393e,What are the reasons for this kind of situation??,Neutral/Observation,Economic Necessity,Individualist-Self,Pragmatic
264d47ce6a4d,Only channel who explains every detail abt a issue thoroughly without any biased analysis 🫡🫡🫡,Neutral/Observation,Economic Necessity,Individualist-Self,Hopeful/Motivated
8b9b3fa4b827,यत्रो नेपाली बर्षेनी बाहिरीएर पनि जनसंख्या बढ्ने रोजगार नपाउने समस्याहरू भै राखेकै छ । कतै यसको कारण गैरकानुनि रूपमा नागरिकता वितरण त होईन?,Neutral/Observation,Systemic/Political Anger,Collectivist-Nation,Pragmatic
273a1f449205,Nepal ko situation testai cha,Neutral/Observation,Patriotism/Love,Collectivist-Nation,Despairing/Sad
ce28bb62a754,कठै मेरो देश। Bhakkhar Aafno jiwan k ho bhanne bujhne umer huda dekhi nai Bidesh nai ho euta last option bhanera hamlai sikaincha... Hamro desh ko haalat yesto ghinlaagdo banaunu maa sarkar ra Nepali janta ko nai haat cha🫤 People would risk their life to leave this country rather than working their life out for the country... it&#39;s all because working for this country isn&#39;t worth it. Kaam garne manchey ko khutta taannna ta sarkar ni pachi na hatne desh maa gari khanchu bhanera kei kaam chaina,Neutral/Observation,Systemic/Political Anger,Collectivist-Nation,Pragmatic
e942b9aa1f9e,great job bro <br>keep it up,Neutral/Observation,Economic Necessity,Individualist-Self,Hopeful/Motivated
bab74dd3f412,Eti dherai paisa ani risk liyera arko desh ma jaanu bhanda aafnai desh maa kei garne risk linuna business garnus . Ani tyasmaa xai safal hune chance ek damai high xa arka ko desh ma marna jaanu wa deport huna jaanu bhanda .<br><br>Pls yasari illegally arko deshmaa jaanu bhanda afnai desh ma basnus baru noon snga roti khayera bhaye pani aafno family snga ta basnu sanknu hunexa,Anti-Migration,Family Obligation,Collectivist-Nation,Pragmatic
30db891b6f5b,"Muji haru Lai janu parya xata Europe ani america, estai hunu prxa ramro vayo.",Neutral/Observation,Economic Necessity,Individualist-Self,Angry/Frustrated
1ff24ac09d1d,Ser aba k usa iligal  aru des ko manxe aaunu paudaenn r vedeo banaunn,Neutral/Observation,Economic Necessity,Individualist-Self,Pragmatic
12f75d331a66,good job...keep it up,Neutral/Observation,Economic Necessity,Individualist-Self,Hopeful/Motivated
57781d661586,You re doin nice job keep doing,Neutral/Observation,Economic Necessity,Individualist-Self,Hopeful/Motivated
762bfeaebb16,A year ago I watched the documentary of Adam Yamaguchi . It just shook me. It is so terrifying,Neutral/Observation,Family Obligation,Individualist-Self,Pragmatic
2e4c8c343aaf,"@thenepalicomment please make a vedio about worst place in USA (Most developed country of world) compare to nepal. How their own country is negaleting their own people and working/ helping other countries as USAID and other INGOs etc. Why they are doing so ? please make it clear all about this !<a href=""https://www.youtube.com/watch?v=lf_IaLAXQCA"">https://youtu.be/lf_IaLAXQCA</a>",Neutral/Observation,Patriotism/Love,Collectivist-Nation,Pragmatic
d61409736b15,Heart wrenching 😢,Neutral/Observation,Economic Necessity,Individualist-Self,Despairing/Sad
e13f3136f263,"Hamro Nepal ma yo vram cha ki, Nepal bahek aru desh(especially western countries)ma paisa khan-khani payincha! - Yo jhoot khabar, lack of good education le Nepali youth ko mind bigareerako cha: USA, UK, FRANCE, SPAIN, etc ma kasto SLUM, GARIBI, DISCRIMINATION, RACISM kasto daar lagdo cha vanne thaha chaina,.......aahile ko yug ma haat-haat ma mobile cha, Internet cha, afai research garnuhos, aru ko social media ma ramro photo daekera jealous vayera afno Swarga jasto desh chodera, afno matra navai, purai aaune naya NEPALI GENERATION KOI future lai harm nahos...JAI NEPAL! 🇳🇵",Anti-Migration,Patriotism/Love,Collectivist-Nation,Pragmatic
6d494e573be5,Donkey process is foolishness......dont waste your money and life.....live in Nepal and develope Nepal ✌,Anti-Migration,Patriotism/Love,Collectivist-Nation,Pragmatic
f9c5a7e40e28,Wow thanks of hidden info now we friends will try ....this hidden journey...n inform u when we will reach🙏🙏,Pro-Migration,Economic Necessity,Individualist-Self,Pragmatic
3fbe851d7480,"I wouldn&#39;t suggest anyone to travel illegally. Nepal might be economically poor but testo asylum seek garnu parne chai situation chaina la! Think about your own life, think about your families but tbh  most importantly, Nepal KO bejat chai nagara. I don&#39;t want to see Nepal in blacklist of other countries.😤♥️",Anti-Migration,Patriotism/Love,Collectivist-Nation,Angry/Frustrated
abe9f32d586c,I am on the way brother,Pro-Migration,Economic Necessity,Individualist-Self,Pragmatic
98e65d01fb87,मन छोयो भाई तपाईको भिडीयोले,Neutral/Observation,Economic Necessity,Individualist-Self,Pragmatic
ff84dbc55d9f,NRNA ko former president Kumar Panta ko story pani interesting cha… one of his relatives told me😅😂,Neutral/Observation,Economic Necessity,Individualist-Self,Pragmatic
c03712360f1c,"I don’t want to be bias but must say that some Nepalese are like a flock of sheep. If they see one person succeeding doing something then they follow same path without acknowledging the hurdles. So, similarly if they see or know one person that crossed border and reached to USA or some other country they follow the same route without a a second thought. I’m in New York and I know maybe 50-60 people who followed the same path and have entered USA and earning ok . But it doesn’t mean that it will be the same for everyone. I feel really terrified hearing people getting sick on the way, getting rapped and what not. I don’t know what else to say 😢😢",Neutral/Observation,Economic Necessity,Collectivist-Nation,Despairing/Sad
df371cb89706,USA ma ta guarantee nai hunxa jasto lagyo dukha pako suneko chaina kaile ni baru Portugal chai hola,Pro-Migration,Economic Necessity,Individualist-Self,Pragmatic
268a1e9d0f98,"Sabai yo desh ko politician le garda ho..etro dukha garera, aafno jyan ko baaji rakhera tyo garnu vhanda baru Nepal ma aafno desh ma aandolan garnu ra yo buda bhrasta neta lai hataau..kasari huncha voting ko bela farka..ya thulo aandolan aba garna jaruri cha.",Anti-Migration,Systemic/Political Anger,Collectivist-Nation,Despairing/Sad
2ed4c346f31b,Grand salute bro u deserve huge appreciation,Neutral/Observation,Economic Necessity,Individualist-Self,Hopeful/Motivated
92d2b7a9964e,Man i like your videos.,Neutral/Observation,Economic Necessity,Individualist-Self,Hopeful/Motivated
d83b7132a377,Dhruv Rathee ko yad aayo<br>yestai new topic ma ajhai sunna paiyos daju,Neutral/Observation,Economic Necessity,Individualist-Self,Hopeful/Motivated
fe06adf0bc33,Des ko rajniti ramro xyna k garnu badhyata xa sun ko,Neutral/Observation,Systemic/Political Anger,Individualist-Self,Despairing/Sad
4d74bf8e7fa2,Very well explained,Neutral/Observation,Economic Necessity,Individualist-Self,Pragmatic
ace00306a49c,Bro I like your content man. Can we collaborate?,Neutral/Observation,Economic Necessity,Individualist-Self,Pragmatic
b848000d3bc0,Now about A division league  club their  owner and  earnings 🤔❣️🎈,Neutral/Observation,Economic Necessity,Individualist-Self,Pragmatic
fb74bcaa977b,"संसार सबैको साझा घर रे तर त्यै अमेरिका जान पनि पासपोर्ट, भिसा चाइने रे कस्तो नियम के!!! 😐😐",Neutral/Observation,Economic Necessity,Individualist-Self,Pragmatic
43a499f9fccd,Adios guys I&#39;m off to us now 😔😔,Pro-Migration,Economic Necessity,Individualist-Self,Pragmatic
111662a9cd19,If you come into the US illegally you are a criminal and an enemy to the state. You are like a member of an enemy army infiltrating a country. You will be making the world a WORSE place.,Trapped/Regretful,Economic Necessity,Collectivist-Nation,Pragmatic
b3d80a026026,It is really sad to see this scenario of our people,Neutral/Observation,Economic Necessity,Collectivist-Nation,Despairing/Sad
017ab4d801d6,What&#39;s the main reason for Going abroad in that way?I have been to UK  I didn&#39;t see any extra ordinary things over there.Please do not waste your life in that way.,Anti-Migration,Economic Necessity,Collectivist-Nation,Pragmatic
e5bf9f927792,Desh gatilo vako vaye... Kina janma thailo chodnu parthyo ra!!,Neutral/Observation,Patriotism/Love,Collectivist-Nation,Pragmatic
50f684896202,"Hamro desh ko halat ramro vako vaya yesto hudaina thiyo, desh bechi sako neta haru la",Neutral/Observation,Systemic/Political Anger,Collectivist-Nation,Angry/Frustrated
2890648105da,But now Croatia is also schengen,Neutral/Observation,Economic Necessity,Individualist-Self,Pragmatic
7f80bc647c2a,You explain as like swagaat gyawali 😅❤️👏👏,Neutral/Observation,Economic Necessity,Individualist-Self,Hopeful/Motivated
134f19a7b93f,Kehi dikkat huna,Neutral/Observation,Economic Necessity,Individualist-Self,Pragmatic
0f782d34cb1a,People who choose that way get killed by Mexican drug cartels like los Zetas &amp; Sinaloa cartels ..Women get fucked so bad &amp; trafficked in this route not even US or any Europe countries Let them now in any of rehabilitation centres for immigrants...It&#39;s better to go gulf than US this ways...,Neutral/Observation,Economic Necessity,Individualist-Self,Angry/Frustrated
72af6dd2cafd,America ma xiresi pugyo. You will easily get a job bina documents,Pro-Migration,Economic Necessity,Individualist-Self,Pragmatic
cfa1202a0878,Go to portugal or malta. Get a TR. then visitmexico and jump the trump wall,Pro-Migration,Economic Necessity,Individualist-Self,Pragmatic
2fa3db65f1cc,One of my close friend went to USA through same route. He said the actual things you just said.,Neutral/Observation,Economic Necessity,Individualist-Self,Pragmatic
7a60044c798d,Rahar le gako ho bro tya <br>Bhadyata t khadi ho,Neutral/Observation,Economic Necessity,Individualist-Self,Pragmatic
836cf2ce99d8,Yo yatra ma 100% loss nai cha .,Neutral/Observation,Economic Necessity,Individualist-Self,Pragmatic
4a02ff0af13b,"<a href=""UCkszU2WH9gy1mb0dV-11UJg/JAJ1XpGpJYnW8wTupZu4Cw""></a>salute for ur hard work brotheer",Neutral/Observation,Economic Necessity,Individualist-Self,Hopeful/Motivated
db55ef8d5b18,Yeti mehenat Nepal Mai garya kei hunthyo ki,Anti-Migration,Patriotism/Love,Collectivist-Nation,Pragmatic
dfd523ff5b48,Title inappropriate vaexa  subject matter vane dherai informational xa😊😊😊,Neutral/Observation,Economic Necessity,Individualist-Self,Pragmatic
2bbd18b3d287,aafno desh jasto sorga khii xaenw aafnai desh ma kam garum gare j pani hunxa,Anti-Migration,Patriotism/Love,Collectivist-Nation,Hopeful/Motivated
b4bdc7760be4,Much needed info,Neutral/Observation,Economic Necessity,Individualist-Self,Pragmatic
e83ffdd5038d,My Friends also have gone to USA like this,Pro-Migration,Economic Necessity,Individualist-Self,Pragmatic
7b1f5c876b2e,Bro make a video related dhikuri/dhikuti...how it started... it&#39;s illegal and yet its run by many nepali people...,Neutral/Observation,Patriotism/Love,Individualist-Self,Pragmatic
f8d6ea8a865b,"Wow how beautifully you presented this issue 💖<br>You didn&#39;t even ask for Like,  comment,  share blahh blahh, <br>Truly appreciable 🍀🍀",Neutral/Observation,Economic Necessity,Individualist-Self,Hopeful/Motivated
ae1e6869b181,Kina vanne Kura ta clear xa ni Nepal ma vabisy andhakaar ma xa dhukka xa ani subidha thorai xa.,Neutral/Observation,Patriotism/Love,Collectivist-Nation,Despairing/Sad
1770a1d97e25,यथार्थ यै हो जुन भिडिओ ले देखाउछ europ को सपनामा turkey देखि illigal जानेमा क्यै ले ज्यान गुमाय कयौ महिला बलात्कार भय कति अपरण मा परे अनि फिरती रकम लाखौ गुमाय पिडा सारो छ यो यात्रा कठिन छ तसर्थ जानु भाँडा पहिला प्रलोभन मा नाफस्नु होला राम्ररी सोच्नुहोला 🙏🙏,Neutral/Observation,Economic Necessity,Individualist-Self,Pragmatic
4ab3639f23c3,Rather than giving 40-50 lakhs to agents to travel illegally it is easier to study engineering or nursing and migrate to australia.,Trapped/Regretful,Economic Necessity,Collectivist-Family,Pragmatic
75d2b0a49177,Kudos to you Dipesh Ji! Thank you for letting us know the truth. Your videos are to the point and makes sense as what might have happened. Its an eye opener for many of us Nepalese. Looking forward to learn more from your videos.,Neutral/Observation,Patriotism/Love,Individualist-Self,Hopeful/Motivated
e4a8164a97fb,Like the way you share the whole information about it !!!!,Neutral/Observation,Economic Necessity,Individualist-Self,Pragmatic
b75655733687,very sad 😢,Neutral/Observation,Economic Necessity,Individualist-Self,Despairing/Sad
593d79bed78f,"Dipesh Brother, you&#39;re doing really a great task, please don&#39;t fred up and continue further. I am sure that your hardwork is going to pay off really well and will contribute in revealing the &#39;secret&#39; dark-facts that rare people knows.. And also congrats for 90K+ subs, good luck for 100K very soon :)",Neutral/Observation,Economic Necessity,Individualist-Self,Hopeful/Motivated
df24bcfc34be,After hearing this I think this video will saved many life of our nepali people&#39;s who wants to migrate in future for better way of living life but there is no guarantee they will reach or not to the place so this video will help them to change their mind so don&#39;t do any risky thing&#39;s with your life,Anti-Migration,Patriotism/Love,Collectivist-Nation,Hopeful/Motivated
691084794d50,"all credit goes to a#<a href=""http://www.youtube.com/results?search_query=%23hole"">#hole</a> plliticians and beurocrats",Neutral/Observation,Systemic/Political Anger,Collectivist-Nation,Angry/Frustrated
f69e059798c2,"Hamro Neta harule garda aaja hami Nepali ko yesto halat vako xa. <br><a href=""http://www.youtube.com/results?search_query=%23nonotagain"">#NoNotAgain</a>",Neutral/Observation,Systemic/Political Anger,Collectivist-Nation,Angry/Frustrated
16305197a95e,what if there&#39;s a movie on this journey? 🙂,Neutral/Observation,Economic Necessity,Individualist-Self,Pragmatic
87a137892ed7,Desh Hunu Paryo Nii Ramro Ghar Family palna Laghi Tw risk uthaunu Paryo Tw Tmy Jasto chair ma Basey Rw bhuknu Tw bhayana Nii Aani America Jasto Powerful Country Jana risky Tw Bhaihalxa Nii risk na Leunay Bhya Tw India Gaya Bhyo Tw.   Chair Ma Basey Rw Dherrai nabhukha Bro family lie palna Laghi Rw Aauney generation Aafno Ramro Thau ma Bitos Teni Haru ko life Bhaney Rw Hoo risk leya Rw illegally Janey Tmy Jasto chair ma Basey Rw bhuknu Bhanda Tehi risk leya Rw illegally Janey Thik Xa,Trapped/Regretful,Family Obligation,Collectivist-Family,Pragmatic
815b2b4aabe6,Illegal stuffs lai promo grnu hunna hai,Trapped/Regretful,Economic Necessity,Individualist-Self,Pragmatic
43809b004ef3,Truth is hard 😢 please don’t travel illegally ❤,Anti-Migration,Economic Necessity,Collectivist-Nation,Despairing/Sad
fbf87d67aee3,great job The Nepali comment and Dipesh... Hats Off.,Neutral/Observation,Patriotism/Love,Individualist-Self,Hopeful/Motivated
35059f9d6db5,dai i just respect your intelligence and your commitment on research!<br>i want to spend 15 minutes on a table talk while i come back to Nepal!<br>i will try my best to make it possible!Hats off!Keep up the good work and!<br>Best Regards<br>Your biggest follower,Neutral/Observation,Patriotism/Love,Individualist-Self,Hopeful/Motivated
23a8d0dd32aa,One of my moms relative now lives in USA. He did this and now he is working in a restaurant.,Neutral/Observation,Family Obligation,Individualist-Self,Pragmatic
85db17ae92ab,"Except under some circumstances, Illegally traveling is a choice for people like Nepalese and whatever happens to them , they deserve it.",Neutral/Observation,Patriotism/Love,Individualist-Self,Pragmatic
f84c591680b8,Dai every 7 day ma vedio dinuna kamse kam vadi ma day by bay,Neutral/Observation,Economic Necessity,Individualist-Self,Pragmatic
28de122cad16,Ek janna le 15 20 lakh garna hune tara Nepal ma tai paisaa le kehi business garxu vanne aatt naaune!! Hait toit,Anti-Migration,Economic Necessity,Collectivist-Nation,Pragmatic
08b60de75501,yedi 20 lakh chha bhane ta nepal mai base bhai goni kina janu bidesh.,Anti-Migration,Economic Necessity,Collectivist-Nation,Pragmatic
a6bc89cdca50,nepal ko middle class uppeer class ko video banau nu pario data nai chaina how much they earn,Neutral/Observation,Patriotism/Love,Individualist-Self,Pragmatic
263704d88e70,Road to 100k ^.^♥♥,Neutral/Observation,Economic Necessity,Individualist-Self,Hopeful/Motivated
292417036d6d,correction.. they will not get even min wages .. that all depend on employer .. they will get more less then legal minimum wages.. Good Job,Neutral/Observation,Economic Necessity,Individualist-Self,Pragmatic
181b5fb9d9f7,"Sir , it was the great knwoledge  and hats off for your work research 🙌",Neutral/Observation,Economic Necessity,Individualist-Self,Hopeful/Motivated
665af398e311,such a good content<br>you got a new subscriber:),Neutral/Observation,Economic Necessity,Individualist-Self,Hopeful/Motivated
03f7926a5962,Mero neighbour pani yesari pani america nai pugyoo<br>Pokhara ma dherai jana yesari nai gairaxan,Neutral/Observation,Economic Necessity,Individualist-Self,Pragmatic
06e9319df3c9,I seen 15to20 people in Dubai they pey agent per person 50lakh Nepali Rs to going America though this way foolish people,Pro-Migration,Economic Necessity,Individualist-Self,Pragmatic
46c53132e0a8,Please provide cc asap. Much required! Btw Great video as always❤,Neutral/Observation,Economic Necessity,Individualist-Self,Pragmatic
7a9f0e8b1e32,Thank you very much for this much needed video. It would be Intretesting to also talk about all the people involved in Nepal in taking the money of these people who are risking their lives  . People at every level are taking part in profiting in this human trafficking . You  missed  the tragic point about how many of them once they reach the destination are kept in rooms by the human traffickers until the family in Nepal pay the Lakhs owed. And how a many of them are used as black money mules !,Neutral/Observation,Systemic/Political Anger,Collectivist-Nation,Pragmatic
a10029d54992,"Really salute to this guy, his determination, research is very much useful to all of the Nepalese audience. I will say we should support such researcher.",Neutral/Observation,Patriotism/Love,Collectivist-Nation,Hopeful/Motivated
4afd05f75c3f,Laane agents pani ta hamrai nepali chor haru ta ho,Neutral/Observation,Systemic/Political Anger,Collectivist-Nation,Angry/Frustrated
e2f901d9ca35,Thanks दिपेश सर लाइ यति धेरै मेहनत गरेर यो भिडियो बनाउनु भएकोमा 🙏🙏😍,Neutral/Observation,Economic Necessity,Individualist-Self,Hopeful/Motivated
36c9cd2dfd49,So sad that we nepali have to take such step risking life for better future <br>Just because of our country politicians<br>This time choose leader wisely,Neutral/Observation,Systemic/Political Anger,Collectivist-Nation,Despairing/Sad
dfa190f1e175,Mangsir 4 ma afno chhora chhori lai yesari bidesh jana naparne gari vote garnus.,Pro-Migration,Systemic/Political Anger,Collectivist-Nation,Hopeful/Motivated
af740a17e4b7,The takeaway from this video is <b>DO NOT USE ILLEGAL MEANS TO GO ABROAD</b>,Anti-Migration,Economic Necessity,Collectivist-Nation,Pragmatic
ce5a7e79673f,One  my subscriber  for you  affert  yestai  video banaudai  janu,Neutral/Observation,Economic Necessity,Individualist-Self,Pragmatic
e4bfda454ebd,keep going.. reveal all the hidden truth.. Thank you..,Neutral/Observation,Economic Necessity,Individualist-Self,Pragmatic
20797233c88f,Indian haru cycle ma tarkari bechera Afno Nepal ma baseko kharcha samma katera 20000+ Indian rupees saving garera Nepal bata India pathauxan... Ani hami Nepali lai jahelay maya bidesh KO ra Nepal ma kei hunna bhanni Soch... Garo cha🙏🙌,Anti-Migration,Economic Necessity,Collectivist-Nation,Pragmatic
dce17f3282a0,Dang bata nai holaan sabai vanda badhi USA jaani haru … harek ghar bata ek jana hunxan,Neutral/Observation,Family Obligation,Individualist-Self,Pragmatic
a14673592a1b,And the government is still worried about how to win the Election 😵‍💫😵‍💫,Neutral/Observation,Systemic/Political Anger,Collectivist-Nation,Despairing/Sad
b9c1327b8c78,Mug padnu mahanat garnu xoena ckney life risk lenu chai ready huncha Nepali hru Tara ramro tarika le experience badaunu wah padnu tespoxi thulo sapana dhaknu parcha mahanat le mug hru malie tah ris uthcha afnai desh ko manxe hru sang,Neutral/Observation,Patriotism/Love,Collectivist-Nation,Angry/Frustrated
f8be6736e80c,Working visa ma jada vai halyo ni..k bheda ko chal ho yo,Pro-Migration,Economic Necessity,Individualist-Self,Pragmatic
36de64b34cbb,Dai chahe Nepal mai ho??,Neutral/Observation,Patriotism/Love,Individualist-Self,Pragmatic
512746042d3d,"I met 4 Nepali in US, who who arrived here via the route mentioned in video. Their story is very frightening. All of them said they were robbed and have given 50-60 lakhs to agent in Nepal. <br><br>I would request nobody to come illegally. There very little chance you will enter US alive. One person was telling me, out of 39 people only 13 entered us rest died on the way. 😢",Trapped/Regretful,Patriotism/Love,Individualist-Self,Despairing/Sad
372bb775477c,Hijo aaja sabai vanda dherai hamrai gau bata janxan hola😢harek ghar bata tapaiko video dekhiyako yauta dai Ahile greencard paisake yatra garo xa but pugirako xan sabaijana dhilo chado achel,Neutral/Observation,Economic Necessity,Individualist-Self,Despairing/Sad
153c34e78099,Indian blockade 2015 Ani pahila ko video banam.,Neutral/Observation,Economic Necessity,Individualist-Self,Pragmatic
cba83216ea23,"Aba nepalmai basera khi garna sakidaina, sab neta le desh sake, ani tinai netalai 50 years dekhi vote halchan Veda janta haru, ani gadha le dukha napaye kasle paune",Neutral/Observation,Systemic/Political Anger,Collectivist-Nation,Angry/Frustrated
12e4019139d5,This is the 1st Nepali channel I love to watch,Neutral/Observation,Patriotism/Love,Individualist-Self,Hopeful/Motivated
2503f31004f2,"One thing us Nepalese don&#39;t realize, Nepal ma hepai khayera basda rish uthcha and we don&#39;t do work. Ani America uae gayera chain Marne Gari kaam garcha. Messed up cha.",Anti-Migration,Patriotism/Love,Collectivist-Nation,Pragmatic
526c60a6063b,"Also, when I was in the US, I also met a guy who said he had visited 15 countries and spent over 12 lakhs (this was in 2008 ish) to get into America. At that time, it didn&#39;t make sense to me and I told him he wasted a lot of money doing so. A few years down the line I found out he was actually trafficked to America.",Neutral/Observation,Economic Necessity,Collectivist-Nation,Despairing/Sad
83d64a01d699,"Atti ramro content .Gist pani to the point cha..Jyan nai baji rakhera tya samma pugnu, is it worth it ra ? This is all because of failed philosophy of Congress and Communist. we r suffering because of their rivalry..Aba ko election ma desh ko every family, neighborhood, community le Vote garnu Huda Desh jogauna sakne Manche lai Vote garau !!<br>Nepal is god gifted place blessed with nature, culture, spiritualism and many other tatwas ani yesto content herda It&#39;s hard to have peace of mind.",Neutral/Observation,Systemic/Political Anger,Collectivist-Nation,Angry/Frustrated
2bfe6040a0b6,Don&#39;t worry risk liyera hinda kehe hunna,Neutral/Observation,Economic Necessity,Individualist-Self,Despairing/Sad
2a53c0ef5d82,"यस्तो जटिल यात्राको बारेमा अध्ययन अलिकति पनि पुगेन। अलि धेरै मेहनत गरेर अलि राम्रो vdo बनाउनु पर्यो भाई। यो एकदमै सतही VDO भयो। पोर्चुगल मा कुनै तथ्य बिना 50 हजार नेपाली छन् सम्म भनेको सुनियो, यो अलि बढी नै भयेन र🙈🙈 सायद अहिले सम्म कै कमजोर प्रस्तुति भयो यो।",Neutral/Observation,Systemic/Political Anger,Collectivist-Nation,Pragmatic
e4979c28c686,hat&#39;s off to you sir for your quality content.,Neutral/Observation,Economic Necessity,Individualist-Self,Hopeful/Motivated
a7ff07339cd8,Mero baba ni yai bato janu vako thiyo,Neutral/Observation,Economic Necessity,Individualist-Self,Pragmatic
76326b48208b,Thanks for this type of content..<br>Love you bro❤,Neutral/Observation,Economic Necessity,Individualist-Self,Hopeful/Motivated
b82fb8a1839b,Wonderful analysis! Tara Kati PAYE point chutyo...Aile Portugal janu Nepal bata India Gaye jatikai sajilo cha legal chai haina Tara...maile dekhda dekhdai 300/400 Jana 1 month bhitra ekdam aaram le Portugal pugera work permit payera kaam Suru garisake,Neutral/Observation,Patriotism/Love,Individualist-Self,Pragmatic
bb53e7da6705,"Dherai Dherai Dhanyabaad mitra... timro present garne tarika nai kati vabuk lagyo. Nepali le Nepal banaunai parcha... sahi vote garne bela aayeko cha aba. sahi lai nachunne ho vane vaaaard mei jawos sabai. murkha ko pani had huncha... paisa ka tattu haru, hami sabai.",Anti-Migration,Patriotism/Love,Collectivist-Nation,Hopeful/Motivated
0dee2f375b6f,यो सब bramanbad ley garda हो...  Fuc...... Off Braman,Neutral/Observation,Systemic/Political Anger,Collectivist-Nation,Angry/Frustrated
69f7f908b307,Mero dai ko sathi pani 45 lakh ma illegal gako xa usa<br>Daaku haru ley sabai lutdinxan kattu samet,Neutral/Observation,Economic Necessity,Individualist-Self,Pragmatic
386003b60cbf,That&#39;s a reason we got weakest passport in the world🥹<br>Better you survive in your own country 🌼<br>Stop illegal immigration please dont keep your life on risk .you got family waiting for you at home,Anti-Migration,Family Obligation,Collectivist-Nation,Pragmatic
87c526eb736b,"One of the brother near to my home,had also been to US same way , spend almost 80 lakhs and he is in US for almost 6 yrs now",Neutral/Observation,Economic Necessity,Individualist-Self,Pragmatic
fd1932bb1bb6,Very true,Neutral/Observation,Economic Necessity,Individualist-Self,Pragmatic
2cc8f9eee8e2,America ra Europe jana lai pahila consultancy bujhera jana parcha😍😍❤️,Pro-Migration,Economic Necessity,Individualist-Self,Pragmatic
0847b3e3f0d0,"10-15 lakh paisa, plus 2 education, English ma conversation garna sakne le sajilai legally Schengen aauna sakchha. 50 laakh kharcha garnu bhanda ta as a student Schengen aako raamro. Mahinako 2 lakh plus Nepali ma kamai hunchha. Yestari jyaan jokhim ma paarnu bhanda ma sikai dinxu tarika",Pro-Migration,Economic Necessity,Individualist-Self,Pragmatic
3adcfe941867,Hats off to the research bro🎊,Neutral/Observation,Economic Necessity,Individualist-Self,Hopeful/Motivated
e1de15a70af5,I am 28 year old male who traveled into usa 5 years ago by illegal way,Trapped/Regretful,Economic Necessity,Individualist-Self,Pragmatic
a957b164504d,A most needed video with proper research <br>Thank you,Neutral/Observation,Economic Necessity,Individualist-Self,Hopeful/Motivated
c604c3cbbb32,Koi xa Europe illegally laneya .?,Trapped/Regretful,Economic Necessity,Individualist-Self,Pragmatic
ac795f16f4e0,That&#39;s why knowledge is important.,Neutral/Observation,Economic Necessity,Individualist-Self,Pragmatic
5594f1f4a55f,Brother please make video regarding upcoming elections and about the candidates,Neutral/Observation,Economic Necessity,Individualist-Self,Pragmatic
6d8eafee3993,what is their mission in their life either I die or I enter other country .<br>I understand that in this video,Neutral/Observation,Economic Necessity,Individualist-Self,Pragmatic
a10761f2b60d,Well the vedio information is quite not up to date,Neutral/Observation,Economic Necessity,Individualist-Self,Pragmatic
a5647a7c8572,"A day ago I was in Delhi for VFS appointment and I saw a lot of Nepalese waiting for their flights to Brasil, europe, And many other nations to get into US. I spoke with a few they informed me that they are willing to pay 45 lakhs for the trip which in real is totally illegal, insecure and that might cost them deportation or death.",Trapped/Regretful,Economic Necessity,Collectivist-Nation,Pragmatic
95721475b18b,"Thankyou for the awareness,may Nepali people get you and don’t risk their life.well if they don’t care about risking their life you guys can risk it for your own country and get well paid off for your task",Neutral/Observation,Patriotism/Love,Collectivist-Nation,Hopeful/Motivated
833d40ffc642,Its intresting to think the way  you gather information for  your videos.....top notch stuff,Neutral/Observation,Economic Necessity,Individualist-Self,Pragmatic
2d6aac906968,This guy breaks down the cases like nobody else.<br>MVP and the dark horse of Nepalese media. 👏,Neutral/Observation,Patriotism/Love,Individualist-Self,Hopeful/Motivated
f8bad93490dc,"2014 tir ma Schengen country vaner hineko thye 9 month russia ani donkey route hudai estonia samma pugeko thye , paisa ra samay barbad ani jindagi ko mahatopurna umer refugee vayer basnu parne  sabai kura ko yaad , pressure ani torture ajhai nai taja chha.",Neutral/Observation,Family Obligation,Individualist-Self,Pragmatic
195dce2dfdb9,I’m in Austria under student visa . Please Mero Nepali brother and sister come here through legal entry .,Pro-Migration,Economic Necessity,Individualist-Self,Pragmatic
1efc7cf7218a,"यो विषय एक जटिल र देश बनाउनेहरुको लागि सोचनिय गम्भिर विषय हो।<br>देशमा चरम भ्रष्टाचार,व्यथिति,अस्थिर राजनीति र लुटेराहरुको कारण लाखौं नेपालीहरु विभिन्न माध्यमबाट विदेशीनु परेको छ।",Neutral/Observation,Systemic/Political Anger,Collectivist-Nation,Pragmatic
ad068ad82cf1,hats of brother we know how the life is so struggle,Neutral/Observation,Economic Necessity,Individualist-Self,Pragmatic
91f6ecd14ae8,Hat’s up Brother. Thank You so much for this  Document,Neutral/Observation,Economic Necessity,Individualist-Self,Pragmatic
7c24b7b291c0,Hajur lai pne dhanyabaad yesheri sabailai gyaan dinu vayeko ma ra Jan chetna garwnu vayeko ma.,Neutral/Observation,Economic Necessity,Individualist-Self,Pragmatic
f96ab4d88b1e,It&#39;s kind of sad because we Nepalese think think that  Foreign country are like paradise. My father is also one of these people. He may have not crossed these roads but in hope of going to America we lost about 10 lakh through illegal agency. And we still haven&#39;t got our money back neither we are in America. It was before I was even born. And I feel bad for people who lost everything just for their family happiness. And government just don&#39;t look for them these is a shit no one talks or even care about.,Neutral/Observation,Family Obligation,Collectivist-Nation,Hopeful/Motivated
eea052b69429,You are nepali dhruv Rathee❤️,Neutral/Observation,Patriotism/Love,Individualist-Self,Hopeful/Motivated
3b9471aea9d2,"As a nepalese doing buisness in both portugal and Croatia, sadly its true these so called agents are non other than our nepalese brothers, if your working in croatia and have a good job you can apply for visas for countries like portugal Spain but we choose these shortcut paths, there have been countless deaths but it never comes out. thankyou brother for spreading out the news I hope this video brings for kind of awareness to people coming to europe<br>fortunately for dharamdas he&#39;s recovered well and is working in airport thanks to some good nepalese brothers out there.",Neutral/Observation,Economic Necessity,Collectivist-Family,Hopeful/Motivated
72a4870f1575,Oe bhai yo video Aja voli ko video Hoina 7 years agadi ko manxi lai ullu banauxas muji,Neutral/Observation,Economic Necessity,Individualist-Self,Angry/Frustrated
27478ad24c71,i am that guy on zoom video aarey kya🤦🤣🤣,Neutral/Observation,Economic Necessity,Individualist-Self,Pragmatic
d0a0bd5e849f,Again we need details information about Nepal to USA illegally…<br><br>Only channel to give real content,Neutral/Observation,Patriotism/Love,Individualist-Self,Pragmatic
c899e8fb8871,The best content from all over Nepal is The Nepali comment,Neutral/Observation,Patriotism/Love,Individualist-Self,Pragmatic
10fe2f7d39ff,Mero ekjana saathi ni 2month bayo illegally yesari gayeko aile mexico ma xa,Neutral/Observation,Economic Necessity,Individualist-Self,Pragmatic
ea6f6e42702d,Yo muji le YouTube ko galat faida uthairako xa . Yesto nachaine kina post gareko. Aafu tw marxa plus aru lie pani marxaaa. Fuck off such nonsense act.  Everyone Report this channel and video,Neutral/Observation,Systemic/Political Anger,Individualist-Self,Angry/Frustrated
61ff2933fda5,I am just curious if they are ready for spent that much money why don&#39;t they use legal way to reach usa and others country,Neutral/Observation,Economic Necessity,Individualist-Self,Pragmatic
8b39f30775a6,It&#39;s worth it. Nepal ta hell ho.,Neutral/Observation,Patriotism/Love,Individualist-Self,Pragmatic
f206dfc97d5d,This channel need more subscriptions 😍😍 just a wonderful channel,Neutral/Observation,Economic Necessity,Individualist-Self,Pragmatic
36c57ba72fcb,aaila mw basi rako tham  bur dubai ma 5000+ nepali xa yha visit ma aaya rw brazil ko transit rakha rw tya bata hidey rw us janey haru,Neutral/Observation,Patriotism/Love,Individualist-Self,Pragmatic
8607ef677c16,dai tapai yesto background music kaha bata tannanu hunxa vannu na   pleasee,Neutral/Observation,Economic Necessity,Individualist-Self,Pragmatic
96f2bd1ce5db,US jana kati samma kharcha huncha😅😅😅😅😅😅,Neutral/Observation,Economic Necessity,Individualist-Self,Pragmatic
57163602fef8,"i live in NYC, most of the illegal immigrant in NYC is from LATIN COUNTIRES........these people they don&#39;t care about their LEGAL STATUS.......all they care is make money and make lots of children.........and return back if they don&#39;t get GREEN CARD from their AMERICAN BORN children......",Neutral/Observation,Economic Necessity,Individualist-Self,Pragmatic
3927386bbf07,It is better to work in our own country rather than to take such life threatning trouble. Hope this video would be an eye opener for many people.,Neutral/Observation,Economic Necessity,Collectivist-Nation,Hopeful/Motivated
6e8e9ec396ab,People are saying that oh so risky don’t try to do that it will harm you stay in Nepal and do something fuck you the deep reality is that even if you work in Nepal 14 hours a day you will get only 10k salary and a lot of mental stress. the politics and the owners and other people don’t give a fuck. Your society always compare you with them who went to aboard that’s the reality and that’s the truth. If you want to know how they treat you to check the airport security if your going to aus usa uk or Europe country they will treat you differently then gulf country. If you stay in Nepal for too long boi the low income people either start to steal or they will suicide. And this is reality,Pro-Migration,Economic Necessity,Individualist-Self,Angry/Frustrated
41d3376b9599,Ma ta portugal pugo sake hai 👌,Neutral/Observation,Economic Necessity,Individualist-Self,Pragmatic
f390a2dab7ed,Dv vareko ta मतलबै भएन नी,Neutral/Observation,Economic Necessity,Individualist-Self,Pragmatic
31e9b5e44d15,"<a href=""https://en.wikipedia.org/wiki/2010_San_Fernando_massacre"">https://en.wikipedia.org/wiki/2010_San_Fernando_massacre</a><br><br><a href=""https://en.wikipedia.org/wiki/2011_San_Fernando_massacre"">https://en.wikipedia.org/wiki/2011_San_Fernando_massacre</a><br>Ani Kati illegal immigrants haru lai Mexico ko cartel le pani mareka chan",Neutral/Observation,Economic Necessity,Individualist-Self,Pragmatic
5b1453830ced,Kathai mero desh,Neutral/Observation,Systemic/Political Anger,Collectivist-Nation,Despairing/Sad
25e9dfddff12,Wow such a great and informative video hats off to you brother,Neutral/Observation,Economic Necessity,Individualist-Self,Hopeful/Motivated
f4dcd40168b3,Very well said,Neutral/Observation,Economic Necessity,Individualist-Self,Pragmatic
55c0fad4bbac,"Man, this video gives goosebumps. Scary af. It is really really sad to see where our country has reached and how the citizens have to suffer this in the hope of better future.",Neutral/Observation,Economic Necessity,Collectivist-Nation,Despairing/Sad
cced9da4492b,You are on course to be best journalistic Nepali channel. Kudos guys.,Neutral/Observation,Patriotism/Love,Individualist-Self,Hopeful/Motivated
7151038971f3,"Yesta bhaguwa muji haru ko lai video nabanaye huncha bro. They are a waste themselves and you shouldn&#39;t waste your time on these kind of useless, mindless individuals.",Neutral/Observation,Economic Necessity,Individualist-Self,Angry/Frustrated
3e608a1282a4,"म पनि यो कथा मध्ये को एक पात्र हु। nepal to cyprus and Cyprus to....... Portugal.<br>यो कुरा भोग्नै लाई थाह छ कि वास्तविक यात्रा कस्तो हुन्छ भनेर। विभिन्न कथा सुनेको छु यात्रा क्रममा &#39; बलात्कार, लुटपाट, अपहरण र फिरौती, बिचल्ली, मानसिक तनाव&#39; जति सुने दर्दनाक थियो। घर समाजले तिरस्कार हुने डरले मात्र यस्तो घटना बाहिर न्आएको  हो।",Neutral/Observation,Patriotism/Love,Individualist-Self,Despairing/Sad
02551d43701e,Well Done bro as always you are a star. Thank you 🙏🙂👍,Neutral/Observation,Economic Necessity,Individualist-Self,Pragmatic
01d4b6cf44e2,"Afno desh ma kam xaina kam vayeni paisa deroi xaina tesori afno jyan jhokhim ma rakhera hidne haru ko ni xutai katha xa .<br>Desh ko halat thik vaye sab jana le ramro job paye ysto kai kura hunthena hola<br><a href=""http://www.youtube.com/results?search_query=%23merodeshbirami"">#merodeshbirami</a>😔",Neutral/Observation,Economic Necessity,Collectivist-Nation,Despairing/Sad
8bfc0f97f067,"Congratulations Dipesh, I admire your videos. Thank you for making meaningful vlogs. At least you are doing something good for Nepali <a href=""http://people.you/"">people.You</a> are potential to become Nepali&#39;s Dhruv Rathee, and leave behind all the mainstream Nepali TV Chanels. Most of them are compromised and corrupted.  Please keep working.",Neutral/Observation,Patriotism/Love,Individualist-Self,Hopeful/Motivated
ad4d49f15721,"Dont know more but about Portugal its fact that people from cyprus, croatia pays minimum of €6000 for agent to arrive at portugal. As he said its very true that the immigration process of portugal is very easy. still lots of things cannot be shared publically..",Neutral/Observation,Systemic/Political Anger,Individualist-Self,Pragmatic
7559e5f8c433,"Yes, You are right we receive more than 100 Nepalese coming from different parts of Europe i.e Romania 🇷🇴, Croatia 🇭🇷, Bulgaria 🇧🇬 etc..",Neutral/Observation,Economic Necessity,Individualist-Self,Pragmatic
fdd590da5b4c,Any one don’t try this . This is terrifying.,Neutral/Observation,Economic Necessity,Individualist-Self,Pragmatic
03521d08e5ec,"Such a risk is worth taking rather staying in corrupt, nepotistic and politically unstable country like Nepal.",Neutral/Observation,Systemic/Political Anger,Individualist-Self,Pragmatic
74d9aae0e9d6,Much respect to your hard work 💜💜Your every single content is informative to us and just outstanding 🔥,Neutral/Observation,Economic Necessity,Individualist-Self,Hopeful/Motivated
7c6cc61bc7b4,I knew this 10 years ago😢,Neutral/Observation,Economic Necessity,Individualist-Self,Despairing/Sad
18176aed64ec,Sathy haru yesare naii Croatia dekhe vagera Portugal kaka puge aafu vane khadee ma basera yo video herdai xu 🥺😂😂,Neutral/Observation,Economic Necessity,Individualist-Self,Pragmatic
5ce7b2f12406,Yo sabai credit hamro leader haru lai janxa 😓😓😓😓😓 aba ramro choose garera vote halnu prxa sarai dukha lgyo yo video herda😓😓😓,Neutral/Observation,Systemic/Political Anger,Collectivist-Nation,Despairing/Sad
41d836c2cfee,I hope this video will help you to reach 100k subscription ❤️,Neutral/Observation,Economic Necessity,Individualist-Self,Hopeful/Motivated
25bf4be4ee31,hats off to your work man ...its commendable to see your growth everyday🥰,Neutral/Observation,Economic Necessity,Individualist-Self,Hopeful/Motivated
d1e0b0c81161,Your one video make thousand youths alert. Thank you for making me more knowledgeable.,Neutral/Observation,Economic Necessity,Individualist-Self,Pragmatic
9edb77df8fba,Our country is dying slowly and I feel very sad i blame politicians for everything,Neutral/Observation,Systemic/Political Anger,Collectivist-Nation,Despairing/Sad
7dec2c6c0683,Hats off to your content Sir❤️<br>Great research &amp; amazing content🥰,Neutral/Observation,Family Obligation,Individualist-Self,Hopeful/Motivated
9792cd03f06d,You are contain are marvelous keep up the work. :),Neutral/Observation,Economic Necessity,Individualist-Self,Pragmatic
d91f89ee665b,You are doing great brother. I personally am so proud of you😊❤ The level of research and hardwork you have put in every video is amazing ❤,Neutral/Observation,Family Obligation,Individualist-Self,Hopeful/Motivated
269b2464ea92,dash ramro vaideko va kina yetro dukha garteha holan,Pro-Migration,Patriotism/Love,Individualist-Self,Despairing/Sad
01703b449223,No it&#39;s not worth it....,Neutral/Observation,Economic Necessity,Individualist-Self,Pragmatic
c300242f5a6f,Again Thank you! for great content.  😭 Hope you reach 100k until next video comes,Neutral/Observation,Economic Necessity,Individualist-Self,Hopeful/Motivated
e6a1fc037350,"Wow research...what a content , what a presentation",Neutral/Observation,Economic Necessity,Individualist-Self,Pragmatic
4d446494f8ac,Lots of love for you hard working content,Neutral/Observation,Economic Necessity,Individualist-Self,Pragmatic
fd307d5d9241,dai 100k chadai hos ani mero 1k good luck,Neutral/Observation,Economic Necessity,Individualist-Self,Pragmatic
f7c504743dd3,Bro Respect+ for your Quality content.. On point research and commitment for content 👍,Neutral/Observation,Economic Necessity,Individualist-Self,Pragmatic
bc91006d496a,"🛑 NO NOT AGAIN  🛑<br>CONGRESS: 🌴 ❌<br>UML: 🌞 ❌<br>MAOSIT:  ☭ ❌<br>Swotantra:   ✔️<br>अब पनि पुरानै पार्टि पुरानै मान्छे लाई भोट दिने हो भने नेपाली जनताले यस्तै दुःख भोग्नु पर्नेछ फेरि । आउने मङ्सिर ४ को चुनावमा सागर ढकाल, रञ्जु दर्शाना , रवि लामिछाने, रमेश खरेल जस्ता असल मान्छेलाई एक पटक मौका दिऔ । <br>Thank u Jay Nepal. 🇳🇵",Neutral/Observation,Systemic/Political Anger,Collectivist-Nation,Pragmatic
55a33bf10936,"In Sikkim too there are so many Nepali citizens having dual citizenship .Just yesterday in sera bazaar Nepal citizens who were working here were fighting with local Sikkimese .Nepali are doing many crime and they ran into Nepal .And no any criminal get arrested . They go and escape in their remote village so indian police cannot trace them and arrest them .Aaj kal Nepal ko manche haru dekhyo ki criminal ho ki vanne lagcha Sikkim ma.yo chai roknu parcha . Neta haru ko barau vaera hidchan .in election ,neta haru brings huge Nepali citizen bus to bus . I think both indian and Nepal government need to adress this problem .In Sikkim ,people are getting badly affected by this type of open migration from Nepal to india",Trapped/Regretful,Systemic/Political Anger,Collectivist-Nation,Angry/Frustrated
293431d06482,Best youtube channel in nepal..bestest contents..keep growing..we all love you,Neutral/Observation,Patriotism/Love,Individualist-Self,Pragmatic
f1de5210fa8f,Shit  man .<br>mah nii Portugal jana lagya theya yesari naie 😅,Neutral/Observation,Economic Necessity,Individualist-Self,Pragmatic
cadb6f2874cd,"Ramrari padha kta ho, ramro jaagir khau, sano tino business gara tei ho, yesto kam chai nagara ..",Neutral/Observation,Economic Necessity,Individualist-Self,Pragmatic
f99b46fe338b,Last week one man from my locality died at Panama on boat accident while going to America. RIP,Neutral/Observation,Family Obligation,Collectivist-Nation,Despairing/Sad
a7dac41178ef,This is all because of unemployment of our country Nepal.,Neutral/Observation,Economic Necessity,Collectivist-Nation,Pragmatic
29bb7a36e63d,Bro Sky SIM ko rise ra downfall ko Barey ma new video paum na plz ❤️,Neutral/Observation,Economic Necessity,Individualist-Self,Pragmatic
8abde57552a6,I am just crying for those innocent kids 😭😭,Neutral/Observation,Economic Necessity,Individualist-Self,Despairing/Sad
bf801ed70178,Sad reality of every nepali people,Neutral/Observation,Patriotism/Love,Individualist-Self,Despairing/Sad
7ec8420f6f6f,The Nepali comment never fails to amaze us ❤<br>What a quality content ❤,Neutral/Observation,Patriotism/Love,Individualist-Self,Pragmatic
5a0da2716642,Keep going brother hope mangsir 4 pachi k he haat samma desh ma pariwartan aaucha ani may be hami budo huda hamro baccha harule yesari illigal and dangerous steps haru chalnu naaparosh 🙏🏻🙏🏻,Neutral/Observation,Family Obligation,Collectivist-Nation,Hopeful/Motivated
6d797b8242e4,"There are so many facets to this journey. I have not discussed less used routes and other intricate details of the journey. I would have loved to go even deeper but I tried to explain the situation from a top down view and as an entry point to the whole crisis rather than a full on explanation. Special thanks to all those who contacted us, helped us, talked with us on Zoom meetings and social media. And if you have other facts that we have missed, feel free to add those. See you in the comments. ❤",Neutral/Observation,Economic Necessity,Collectivist-Nation,Pragmatic
a05e395dcb1f,Trump was right. don&#39;t come illegal.,Trapped/Regretful,Economic Necessity,Individualist-Self,Pragmatic
21e8ff4c5849,The Nepali Comment never miss,Neutral/Observation,Patriotism/Love,Individualist-Self,Pragmatic
eb705da20479,Yeah man some of my villagers paid 40 lakh to go USA through illegal way and they made it but I always think it is a risky way <br>Your life&gt;&gt;&gt;&gt;&gt;&gt;&gt;&gt;&gt;&gt;&gt;&gt;&gt;&gt;&gt;&gt;&gt;&gt;usa,Trapped/Regretful,Economic Necessity,Individualist-Self,Pragmatic
af30b46409ab,hope you will get 100k subs soon.,Neutral/Observation,Economic Necessity,Individualist-Self,Hopeful/Motivated
f04a1faccf46,I am big fan of yours Nepali Comment! Sending Love and Support ❤️🙏,Neutral/Observation,Patriotism/Love,Individualist-Self,Pragmatic
9908b318e23f,"These one minutes may pass so fast that I could watch video after that every second passes I get more excited for the video 💞♥️ <br>Very nice topic , great job sir 💜",Neutral/Observation,Economic Necessity,Individualist-Self,Pragmatic
1c0c8962f18b,Waiting bro,Neutral/Observation,Economic Necessity,Individualist-Self,Pragmatic
f2acee323a87,"I haven&#39;t watched the video. But I am sure it is awesome, like other videos from The Nepali Comment",Neutral/Observation,Patriotism/Love,Individualist-Self,Pragmatic
b825d9744665,Sorry guys next month mah ne janxu abo . I won&#39;t return ✌🏻,Pro-Migration,Economic Necessity,Individualist-Self,Pragmatic
5c8b0732cf15,"Ma ta bidesh jan chau , ma kinna yo desh ko chinta garu 🤡",Pro-Migration,Systemic/Political Anger,Individualist-Self,Angry/Frustrated
d2902f3c705e,Yeha ramro sarkar nai xaina neti neyam ta banxa tara prabhavakari tarikali lagu hudaina ramro garne lai khutta tanne prabirti le garda pani desh kei garam vanda dherai aru society herene nagajar pani farak hunxa nata sthir rajniti xa nata ramro kam garne manxelai support nai,Neutral/Observation,Systemic/Political Anger,Collectivist-Nation,Pragmatic
a4570a5bd832,"Yeti lamo video banaunai pardaina. Simple kura cha. We have two kinds of Nepalese today.<br><br>1. Ambitious, needs good lifestyle and quality healthcare. These Nepalese are wise and forward thinking. They have no problem leaving Nepal and settle abroad.<br><br>2. Self-contained, very difficultly influenced by outside world and people, happy with an ok life with no effort (or will) to seek for a better one and above all, emotional fools who want to stick to family values and wont let go off their parents in their old days. They stay back. Pollution hos, corruption hos, garibi hos, they will stay back. And it&#39;s not that they cant go abroad. They just dont want to. <br><br>Choose one. We should respect both kinds of Nepalese.",Neutral/Observation,Economic Necessity,Collectivist-Family,Pragmatic
0b2329351693,Youth in Nepal will waste their time and energy. Skill is not valued but power is valued. Government work don&#39;t want to work but want salary hike. The level of corruption and selfiness that exist in the goverment offices only god can clear the mess. 4-5 generation manxele sapana dekhna pako xaina khana basnalae sochnu parxa. Obviously brain drain hunu is not a big deal in this case. But i wish my country gets a leader who work for people not for self fulfillment.,Neutral/Observation,Systemic/Political Anger,Collectivist-Nation,Despairing/Sad
9aafb5c5d35e,I don&#39;t know nepal language but still I can understand it very well.,Neutral/Observation,Patriotism/Love,Individualist-Self,Pragmatic
75339c932794,"Even if u live pay cheque to pay cheque and don’t have any saving in USA , you still can live better than rich  1% of Nepali people .  <br>  That’s why NO ONE wants to live in NEPAL . If next COVID like pandemic happens , then 3rd world ppl dies first , that include NEPAL .  Make no mistake , NEPAL is not equipped to handle / counter any thing pandemic / war / blocked etc etc .",Pro-Migration,Economic Necessity,Individualist-Self,Pragmatic
99790b040339,Ma 21 barsa KO ho dai 12 fail xu aaba bidesh jadai xu Tara skill xaina k garam k garam baxa future ma k hunxa dar lagxa 😢,Pro-Migration,Economic Necessity,Collectivist-Nation,Despairing/Sad
d3594a439d04,i like this contain,Neutral/Observation,Economic Necessity,Individualist-Self,Hopeful/Motivated
cf32085e26cc,"Nepal is a hell hole, maile jagir gareko talab diyenan sau le, vyapar gareko compitition ma margin hudaina tyes paxi sarkhari karmachari le guskhayera vyapar agadi lagna diyenan. Ani ma desh chorera hine india kaam garna.",Pro-Migration,Patriotism/Love,Individualist-Self,Angry/Frustrated
6b919e68185e,"This video has given me inspiration to do something for my country in the future as I am abroad for five years.<br>Without Knowing about what I am doing here is worthy or not, it has provided me with some insights internally that I can do it in the coming future. Thank you for this video. Its so encouraging and motivating. ❤❤❤❤",Anti-Migration,Patriotism/Love,Collectivist-Nation,Hopeful/Motivated
258ff4e28ba3,How many times you use to change thumbnail for video<br>Oh my god from the date of post you changed thumbnail almost<br>3 times,Neutral/Observation,Economic Necessity,Individualist-Self,Pragmatic
d0a3ab6adb2a,We have lots of benefit if they go out like country ko resources ni sab ma pugxa aani remote area haru ni develop hunxa so sab Jana USA jau,Pro-Migration,Economic Necessity,Collectivist-Nation,Pragmatic
23b94a0c3377,Yo video herera tw Malai bidesh Jana mannn lagyo 😅😊,Pro-Migration,Economic Necessity,Individualist-Self,Hopeful/Motivated
1056c28ee116,Kati ramailo sunna lai<br>India le auna didaina ho nepal ma yesto investment,Neutral/Observation,Systemic/Political Anger,Collectivist-Nation,Pragmatic
8f554e7dd04f,Good shout to a very pressing problem of Nepal!,Neutral/Observation,Systemic/Political Anger,Collectivist-Nation,Hopeful/Motivated
cf2dda681006,"I not an scholar on this. However, के डायस्पोराका साथमा आउने युवा जनशक्तिको कमी निम्ताउँदैन ? देश भित्रमा रहेहा विभिन्न विकासका क्षेत्रहरू ल्याउने असरलाई कम्पेन्साटे गर्छ त? अनि अरू पहाडमा बुवाले चिता अग्नि दिन न पाउनु पनि प्रगति भो? आमाले सन्तान बाकसमा आएको हेर्नु पनि +ve हो त? What about    oir social identity, families dissconnected, mental health of those who grind, anjha rame ko budhi lai shhayame ley bajaudai xa , blah ! blah! Not an expert though Nepal sayed biswow ma kehi yehi Nepali Maulikta ley pani chinhinxa. Two faces!!",Neutral/Observation,Patriotism/Love,Collectivist-Family,Pragmatic
7fdd7e49884b,"भोकै बस्ने तर विदेश नजाने,वैदेशिक रोजगार नीति खारेज गरोै ।",Anti-Migration,Patriotism/Love,Collectivist-Nation,Angry/Frustrated
7e828ac9efa1,"I am doing Bachelor&#39;s Degree In Electricial and Electronics Engineering at Kathmandu University, School of Engineering and I regret my decision now<br>My friends who left for abroad are earning money and sending home and me who is here still asking pocket money from my parents <br>And this makes me feel like i can&#39;t do anything <br>For middle class family like mine<br>Money is everything at the end",Trapped/Regretful,Family Obligation,Collectivist-Family,Pragmatic
fa556cb1553b,Ma bides ako 5 year bayo <br>Koi pani.afnu.des na.manparaune  veteko xaina. Tara tya.ko airport Dekhi. Are sab system samjinda <br>Himat harera awxa,Trapped/Regretful,Systemic/Political Anger,Individualist-Self,Despairing/Sad
7cab8cec6f95,Hunata ho ki video ma vaneko kura sablai thaxa yaha samha ki yo niyam wa vanau mathika garna sakne chor hru Lai pani thaxa but gardaina Ani  vanxani Jani Jani suteko acting garne Lai laat nahane samha uthdainani testai E laat ka Bhoot hru BAAT Le mandaina k j vannus,Neutral/Observation,Systemic/Political Anger,Collectivist-Nation,Angry/Frustrated
8d1379faa5de,Such a detailed and well-explained video! Absolutely amazing dai.,Neutral/Observation,Family Obligation,Individualist-Self,Hopeful/Motivated
0993566b55fd,"Excellent podcast. Nepalese going abroad is definitely not a doom and gloom story as much of Nepal&#39;s media points out. It will take time, but things were change and turnaround.",Pro-Migration,Patriotism/Love,Collectivist-Nation,Hopeful/Motivated
55dae05a3c2a,Sound aayena,Neutral/Observation,Economic Necessity,Individualist-Self,Pragmatic
477bf21b4712,"bro video quality,  method of delivery and story line  are missing . btw Great research",Neutral/Observation,Economic Necessity,Individualist-Self,Pragmatic
da4659c69445,"Dude could have used any other country, yet he chose is*ael which is a SETTLER COLONIAL country. The fact that their lobby has an influence is due to to US geopolitical interest in that region. Kinda weird how you support or use them as an example when they are involved in a g cide with support of said lobby. To use that example is disgusting considering you might know what the heck is going on there. Also, this video and the solution presented sound so liberal to me. Not taking into account various factors. And, wtf is it with Haiti? It is literally destabilise by US, had to pay reparations for freeing itself from french. Yes, corruption is to blame but so is geopolitical factors. Without a detailed analysis to our countries system, both internal and external, &quot;solutions&quot; like these are wishy-washy",Neutral/Observation,Systemic/Political Anger,Collectivist-Nation,Angry/Frustrated
1c240bd776bb,Binod Kunwar Sir ❤🇳🇵,Neutral/Observation,Patriotism/Love,Individualist-Self,Hopeful/Motivated
43e8a4a92826,Nepal&#39;s own Politics tactics killing the Country rapidly,Neutral/Observation,Systemic/Political Anger,Collectivist-Nation,Pragmatic
0cc065eb77f2,Nepali Diaspora बाट केहि आशा नगरे हुन्छ |<br>An optimistic approach doesn&#39;t work well on nation building.,Neutral/Observation,Systemic/Political Anger,Collectivist-Nation,Despairing/Sad
01e20b229986,"Nepal farkera kehi garnu vaneko garo nai cha..jun sector ma ni, government hos ki private hos, sab ma obstacles aucha jaba Nepal aayera kehi garchu vanda, your degree, qualifications and skills are not recognized when you return.",Trapped/Regretful,Systemic/Political Anger,Individualist-Self,Despairing/Sad
663af94dd448,remittance-to-GDP ratio Ahile 28% pugi sakyo.,Neutral/Observation,Economic Necessity,Collectivist-Nation,Pragmatic
869a0b0e6e5b,"Jaba samma Nepal ko satta ma maobadi, yamale ra kangress rahanxan, malai lagdaina bidesh ma mari mari kamako paisa liyera koi bidesiyeka Nepali farkinxan<br>Farke pani bhude neta haruko matra pet bhariney ho ,jhan uniharulai ghus khane opportunity milxa<br>Desh jasta ko testai ani bidesh bata farkeka Nepali feri bidesh nai farkina badhya hunxa",Pro-Migration,Systemic/Political Anger,Collectivist-Nation,Pragmatic
05a9c8e8a0e0,Harda Harda mane baira bata hardai xu bro dukha lakxa mc res man mai xa Sathi ho afunu des afnoi hune raixa tara lado jasto Sarkar lay garda Nepal vaya ra k garnu Nepali nei navaya,Pro-Migration,Patriotism/Love,Individualist-Self,Despairing/Sad
65966886ce2e,"nefool is a third world hellhole. no need to get emotional. the earlier you leave , the more developed and rational you become . no need to live like an animal in this low iq country .",Pro-Migration,Systemic/Political Anger,Individualist-Self,Angry/Frustrated
12f19684ef89,If Nepalis don&#39;t even have a brain how can it be brain drain? 🤔,Neutral/Observation,Systemic/Political Anger,Individualist-Self,Angry/Frustrated
0172ae39e238,"Nepali le business garera kaile khadaina. Jati shukai kina nakamosh, nepali le flexing mah tyo paisa udaunxa udainxa. Not possible in context of Nepalese community. GG",Neutral/Observation,Systemic/Political Anger,Individualist-Self,Pragmatic
5a920265d1af,nepal maa k hi garchhu bhaneko baluwa maa pani haale jatikai ho rahechha ki party ko jhole hunu paryo ..ma nepal maai k hi garchhu bhanera tytro lagani gare last maa bidesinu paryo,Anti-Migration,Systemic/Political Anger,Individualist-Self,Angry/Frustrated
eadf6b2cceb8,Kahile kahi positive kura sunna pauda pani achamma laagchha,Neutral/Observation,Economic Necessity,Individualist-Self,Hopeful/Motivated
301fb4798237,Within 2 year i am also going to abroad bcuz nepal didn&#39;t have any good futures,Pro-Migration,Economic Necessity,Individualist-Self,Pragmatic
b79016678ada,"The first step towards optimisic path for Nepal is political revolution. With current political chaos, it is not possible to utilize Nepalese diaspora to its optimum potentiality. Such situation is not just bad for those living in Nepal, but also damaging to diaspora due to lack of voice for them and improper environment for investment. So, it is the duty of every individual born in Nepal to directly or indirectly support new leadership with practical vision, for our combined welfare.",Anti-Migration,Systemic/Political Anger,Collectivist-Nation,Hopeful/Motivated
372b2f0ba356,"I think every Nepalese going abroad now should at least ensure that they carry their culture and national pride with them too. Because it&#39;s so easy to be influenced in foreign territory where every culture is different and new. It might be a total shocker and hard to adapt but eventually, it becomes a part of our life. However, if we could also share a bits of our culture, then that would be a great cultural exchange. Our history is so rich that we were never colonized yet most of the foreigners don&#39;t even know that Nepal exists. That&#39;s fine but what would be even sadder is if our own future generations don&#39;t know about our country. It&#39;s crucial for us to build a great diaspora for our identity. 🇳🇵",Anti-Migration,Patriotism/Love,Collectivist-Nation,Hopeful/Motivated
ceed13afdc3f,Agriculture ma 30-50lakh low interest loan deko sab farm haru dubi sakyo cause they all were in that sector just for that loan money. In my point of view government should provide low interest loan  with easy paper work for the business plan to the people who have studied in abroad and want to come back and start their own business cause they really know what hard work means.They know the real value of money and how to use it wisely..,Pro-Migration,Economic Necessity,Collectivist-Nation,Hopeful/Motivated
1c662840f5a2,Hey I also thought the same but nobody was talking about it. Thanks a lot for making a video about it 🙏🙏🙏,Neutral/Observation,Patriotism/Love,Individualist-Self,Hopeful/Motivated
12368ec3e74d,"<a href=""https://www.youtube.com/watch?v=bO53rJ-r9yM&amp;t=701"">11:41</a> point to be noted. Afnai desh farkau ra kehi naya garau vanne ta sabai lai maan hunxa. Aru desh le garna sake kina vane tya ko government supportive xa. Hamro Nepal farkera kehi garxu vane government ra corruption le ka garna dinxa ra. Gareko example holan but 3 crore population ma 10-12 jana ko example diyera furkilauxan neta haru. Tini haru le ghus khulauna sake tei vayera gare. Hami sakdainau",Neutral/Observation,Systemic/Political Anger,Collectivist-Nation,Pragmatic
2f8660108a3c,nepali diaspora pani dui kisim ka channa example kai lagi australia ma rayeka nepali diaspora lai hera euta binod kunwar chhan jasley aafuley australia ma kamayeko paisa nepal ma invest gardai chhan ra  aru nepali diaspora lai pani nepal ma invest garna jagaudaichhan ra arko nepali diaspora community australia ma chha jasley nepali kala sanskriti nepal sanga copyright vayeko pashupatinath mandir jasley nepal ma lakhau tourist vitrayeko chha teshai ko copy garera australia ma pashupatinath mandir banaudaichhan austalia ka manxeley australaia mai pashupatinath mandir dekhey vanepaxi tini haru nepal aayera k herney ?? tyo vanda better ta nepal ko kunai cultural heritage renovation gardeko vaye kati ramro huney thiyo hola,Anti-Migration,Patriotism/Love,Collectivist-Nation,Pragmatic
79e54b01d974,Muji Patrukar. 12 Bhai Muji. Murra Muji🐃🐃,Neutral/Observation,Systemic/Political Anger,Individualist-Self,Angry/Frustrated
4743ea6b85f1,"Bro remember that citizens are not civiled , look in the mentally of nepali and europoan people,",Neutral/Observation,Systemic/Political Anger,Individualist-Self,Pragmatic
a11548ddba69,Jewwwish diaspora haina Palestinian g side.,Neutral/Observation,Systemic/Political Anger,Individualist-Self,Angry/Frustrated
7369dab1a9ef,Everyone talking about remittance but am not agree with that for example   they sent 10k but they spend 20k like they sent 1 lakh but they brought 1.5lakh phone and other luxury expenses so remittance cause import unnecessary luxury thing income less spending double which show on paper remittance contributions to our gdb but remittance is a Foreign merchant losses one of main reasons of our country,Neutral/Observation,Economic Necessity,Collectivist-Nation,Pragmatic
77ea3e3dedf0,maile ni yestai shoche ko thiye,Neutral/Observation,Economic Necessity,Individualist-Self,Hopeful/Motivated
c28352832178,Sabai desh political corrupt party haru le khaye,Neutral/Observation,Systemic/Political Anger,Collectivist-Nation,Pragmatic
b65dcd590cc0,"The young generation constantly faces significant challenges. Although they have many innovative ideas to contribute to the country, the lack of proper policies makes it difficult to kickstart these ideas. As they grow older, societal expectations to support their families arise, making it challenging to continue pursuing these ideas. Consequently, many are compelled to go abroad for better income, education, or training. The allure of a better world often blinds Nepalese individuals, and the high rates of corruption further discourage them from investing in Nepal.",Trapped/Regretful,Systemic/Political Anger,Collectivist-Nation,Despairing/Sad
44be573f0f9e,"Government officials particularly target mongolian features ethnicities, none of my brahmin and chetri friends have had to pay bribes for simple Government work",Neutral/Observation,Systemic/Political Anger,Collectivist-Nation,Angry/Frustrated
1802371a8eb4,lol brain drain 😂😂😂 what brain?,Neutral/Observation,Systemic/Political Anger,Individualist-Self,Angry/Frustrated
e71f7ecf8997,"The same money looted by politicians and indian business houses, are coming in as foreign investments just to pay less taxes.",Neutral/Observation,Systemic/Political Anger,Collectivist-Nation,Angry/Frustrated
0847cfcff113,Thank you<br>Hajur use garne term Disphora pribciple ma depends vaera bane ko video ho. Yeslai suruma ali definition diera bala video suru garda.. jhan mitho hune thiyo.. <br>Ra bidesinu lai kasari control garna sakinchh.. ali kati vako vae ta.. <br>Aru gajab chh sir.. <br>Thank you,Neutral/Observation,Economic Necessity,Individualist-Self,Pragmatic
35d4915c596d,Mero 1 salla hai <br>Script ramro xa video presentation pani thik xa tra speech ali vayena.,Neutral/Observation,Economic Necessity,Individualist-Self,Pragmatic
67cc07af9a3b,Dai niti xaina nepal maa ani future ni secure xaina ....krishi garum 5 rupees kilo maa indua baata xyaapxyaapi paainxa ...ani yaha poisa ta kaminxa but jogidaina,Anti-Migration,Patriotism/Love,Individualist-Self,Despairing/Sad
d18fad7b9223,"The voice tone was very irritating to listen so I had to clock out of this video within couple of minutes. Him ending every sentences with “cha” was too irritating, change your script",Neutral/Observation,Economic Necessity,Individualist-Self,Hopeful/Motivated
8e82ab4a420c,chup muji,Neutral/Observation,Systemic/Political Anger,Individualist-Self,Angry/Frustrated
108c4e0240bc,I don’t understand why don’t you make videos of dharan ? Don’t you think they are doing really great job? Don’t be bios,Neutral/Observation,Economic Necessity,Collectivist-Nation,Pragmatic
4465440513c4,"The only thing Nepali will do is buy land, build house and inflate real estate prices.",Neutral/Observation,Patriotism/Love,Collectivist-Nation,Pragmatic
d1fc126bf93c,"Good Research But,<br>कमाईबाट लगानी गर्नुपर्छ, त्यसबाट रोजगारी र थप आम्दानी सिर्जना हुन्छ तर त्यसको लागि Financial Literacy चाहिन्छ। मैले के मा कति रकम, कति समय लगानी गर्नुपर्छ? के गर्नु, कसरी जीउनु, के खानु ठीक भन्ने निर्णय लिन सक्नुपर्छ अहिलेको खाडल भनेकै त्यही हो प्राय नेपालीको। डायस्पोराले सीप र लगानी नेपाल भित्राउन पनि नेपालको भ्रष्टाचार र अब्यवस्था बाधक छ यसलाई पहिले हटाउन नेपालमा भएका मानिसको सोच परिवर्तन हुनु आवश्यक छ।<br>बिदेश जानेहरु र नेपालमै रहनेहरुलाई सोध्नुहेस् उनीहरु धेरैजसो भौतिक सुबिधाभोगका लागि पैसा कमाउन चाहन्छन् सुखको परिभाषा नै थाहा छैन। अनि instant पैसा कमाउनु एकमात्र उद्धेश्य छ॥ गौतम बुद्ध, भगवान कृष्ण, महाकवि लक्ष्मीप्रसाद देबकोटाले भौतिक सुविधाले मात्र शान्ति मिल्दैन भने मरुञ्जेल चिच्याए तर म अर्कै ग्रहको प्राणी हुँ, म चाहिं सुखी हुन्छु सोच्ने मूर्खको कमी छैन यहाँ।  हामीमा आत्मज्ञान नआएसम्म न नेपालको भ्रष्टाचार सकिन्छ, न गरिबी, बेरोजगारी र अत्याचार",Anti-Migration,Economic Necessity,Collectivist-Nation,Hopeful/Motivated
379e091a2ce6,Brother make video on why gen Z are being so drug addict and dumb generation.i fell worst and think that why i born in this generation Z due to shit habits done by gen Z kiddo,Neutral/Observation,Systemic/Political Anger,Collectivist-Nation,Pragmatic
5d44ca08d3a8,Nepal doesn’t need a youth leader or an old leader it only needs a great leader whatever he or she is old or young the leader should be great to the people from heart. 🇳🇵🇳🇵🇳🇵🇳🇵,Anti-Migration,Patriotism/Love,Collectivist-Nation,Hopeful/Motivated
aa66c7d54043,Nepal is a country where we exports young people and imports the money...,Neutral/Observation,Economic Necessity,Collectivist-Nation,Pragmatic
c53fbdad893e,Hello Namaste YouTuber. What is going happening in our Nepal. Shut up 🤫 I&#39;m not happy to listen your words. Desh Ritti Raachaa.. YouTuber hasiraa. Bidesh jani k rahar hoo lamo ko Dias Moda 😮‍💨. Desh ko leader jhai bolni 😮‍💨🙏,Neutral/Observation,Systemic/Political Anger,Collectivist-Nation,Angry/Frustrated
15b756961b72,K k bolecha yo Bipchan Pagal lee Media hoo Vani Tero Baau ra Kaka Haru ko bare News vaan Khate Oli ra Sher Bahadur ko Nati K Pai tei bolcha Khate Ta poo Nepal mai xaas.. Bidesh k Rahar le hideko sabai Janta Vaan taa aafai. Desh Bechyo Tero Baje Sher Bahadur le.. Aaavaa Tero Bau oli le sell hannu Baki chhha... Janta ko poisa khacha J Pai tei bolcha Yoo Pagal YouTuber leeee,Neutral/Observation,Systemic/Political Anger,Collectivist-Nation,Angry/Frustrated
cd2775b455af,ExtraTech cricket ground owner Binod Kunwar ❤,Neutral/Observation,Patriotism/Love,Individualist-Self,Hopeful/Motivated
89765eacc9b8,Yamale Nepali Congress ko jhole haru lae yo kura le farak pardeina jhole haruko lagi desh vanda thulo party ho,Neutral/Observation,Systemic/Political Anger,Collectivist-Nation,Angry/Frustrated
be6c56314c7c,धन्यबाद सर भोलिको दिनमा यो हुनेछ भन्ने आशा गरौ । Good Morning &amp; जय नेपाल,Neutral/Observation,Patriotism/Love,Collectivist-Nation,Hopeful/Motivated
28e5f585d933,Bro is paid actor. Period.,Neutral/Observation,Systemic/Political Anger,Individualist-Self,Angry/Frustrated
bd6e6eb66515,rahar le janey doesnt seems appropriate not everyone goes abroad because of rahar if there was stable goverment stable economy stable investment then who would leave the country Everyone would  support and build the nation. so could you please remove the sentence rahar le if it was rahar than would a 50 60 70 years old people leave the nation ?,Anti-Migration,Economic Necessity,Collectivist-Nation,Pragmatic
0311e6cebf85,"While Kuznetsov&#39;s theory offers an optimistic framework, its application to Nepal is fraught with challenges. The country&#39;s weak and corrupt institutions, fragmented diaspora, and dependency on remittances diminish the likelihood of a transformative role for Nepalese expatriates. Without significant reforms within Nepal to address these structural issues, the potential of the diaspora will remain unrealized, leaving the country to grapple with the long-term consequences of brain drain. I don&#39;t see much prospects until Nepali people change their vote.",Neutral/Observation,Systemic/Political Anger,Collectivist-Nation,Hopeful/Motivated
05b78b918097,Why would any Nepali with conscious invest in Nepal. Everyone is corrupt to the core.,Neutral/Observation,Systemic/Political Anger,Individualist-Self,Pragmatic
902c87f9b8f4,Namaste from Romania 🇷🇴,Neutral/Observation,Patriotism/Love,Individualist-Self,Hopeful/Motivated
7b359d1bfd01,"Everyone is waitinhg just for one opportunity to go abroad. Nepal is doomed. Due to short sighted politicians, nepal will remain poor and may be taken over by india in future.",Pro-Migration,Systemic/Political Anger,Individualist-Self,Despairing/Sad
d8a63f38439c,Nepali need to address the most important issue of their nation. Pollution..Air pollution..It does not matter how much money anyone makes if the very air Nepali breathe kills the children and elderly....It is a national.emergency now....,Anti-Migration,Systemic/Political Anger,Collectivist-Nation,Pragmatic
89d345c0cc6b,अब म नि चाडै जान लागेको छु ।💔😢,Pro-Migration,Economic Necessity,Individualist-Self,Despairing/Sad
ca49762ec436,Aune pani xa ho yo nepal ko youtobe haru bakbas video banauxa,Neutral/Observation,Systemic/Political Anger,Individualist-Self,Angry/Frustrated
54f7c7d8550e,Brain drain huna lai brain hunu ni paryo ni? Brain vako vaye bidesh ma gayera bhada hanne soch aaudai aaudaina thiyo hola.,Neutral/Observation,Systemic/Political Anger,Collectivist-Nation,Angry/Frustrated
9a87d25b6ffc,I am also thinking of it,Neutral/Observation,Economic Necessity,Individualist-Self,Pragmatic
34055790f2e7,sayed aali samaye ho tmlay nai yo desh xodxau..😕,Neutral/Observation,Systemic/Political Anger,Collectivist-Nation,Pragmatic
feff2bffa2a3,Main kuro <br>Timi ek le <br>Afno voli ko lagi aaja k gardai xau ? <br><br>Vannay kura hunxa hola jasto lagxa malai <br><br>Everyone as an entity desh banena vanni blanket vitra hat ghusara din rat paltera sutera yo video herni garwra chai hami kailai agadi jani wala xainau tyo pakka xa <br><br>Timi as entity <br>Afu hijo vanda voli better huna aja k gardai xau <br>desh agadi jaos vanera k gardai xau xau <br><br><br>Teskai cumulative effect le desh k hunay replicate garxa hola,Anti-Migration,Systemic/Political Anger,Collectivist-Nation,Hopeful/Motivated
ff7f934cb87d,Yaar kura ta thik ho. For nepal government my family remittance is more valuable than what its own citizen esrning money. I barely make 4-5lakh meanwhile mero gjar matra 1.5l remmott aucha for loan payment,Neutral/Observation,Economic Necessity,Collectivist-Family,Pragmatic
9d8e8a78e551,अझै ओलि प्रचण्ड शेरेलाइ भोट हालौ मासु चिउरा खाउ 😂😂😅,Neutral/Observation,Systemic/Political Anger,Collectivist-Nation,Angry/Frustrated
863db39c07b9,"jaba samma 2084 ko chunab ma 1/3 (ek tihai janta) polpulation jo bahira desh ma chan..uniharu dashain tihar jastai election bela chutti liyera Nepal ko chunab ma vote halchu nai bhanera aayo bhaney sure naya party ko bahumat aaucha..chahe pashim ko manchey delhi, mumbai ko airport bata ani tya bata train, bus ma or transit liyera border najik airport samma, or bhairahawa ra pokhara international airport bata jasari bhayeni.. tara if dherai bidesh ma bhayeko 2084 ko election ma manchey aayenan bhaney tespachi Nepal ko 40-50 lakh emale, congress ra maobadi sanga bhako members ra karyakarta le vote dinchan taba pheri same purano dal aaucha..main 2084 ko chunab ma bahira bhako nepali janta ko haath ma cha jo nepal ko system bata harera bahira gako chan..",Anti-Migration,Systemic/Political Anger,Collectivist-Nation,Hopeful/Motivated
3feb055bea7f,well delivered dai,Neutral/Observation,Economic Necessity,Individualist-Self,Hopeful/Motivated
0d9b3f4eb627,"if your country betrays you , you don&#39;t turn back.",Pro-Migration,Systemic/Political Anger,Individualist-Self,Angry/Frustrated
9634f248c353,Sanjay bata ..😊,Neutral/Observation,Patriotism/Love,Individualist-Self,Hopeful/Motivated
b55b2e6d1e49,Yo smseya ko sabhadan bhastrachari neta ko sampati bedesy bank bata firta layuna sake sabai sabadan huxa yo kura ko suruwat garna garure xa.,Neutral/Observation,Systemic/Political Anger,Collectivist-Nation,Pragmatic
45a7f8ec24ef,Yesto type ko vid tw malae gernae man lagdaena aba tw,Neutral/Observation,Economic Necessity,Individualist-Self,Pragmatic
136193e9c904,नयाँ युटुवर साथिहरु यता हाजिर हुम है 😢,Neutral/Observation,Economic Necessity,Individualist-Self,Despairing/Sad
6e566d1e4645,I want to study ca but since its too difficult so i want to involve in IT sector in Nepal. What should I study ? What skill to learn ?<br><br>Please anyone give full authentic advise,Neutral/Observation,Economic Necessity,Individualist-Self,Hopeful/Motivated
4d94fc9ec36b,"I won&#39;t stay in Nepal, earn and pay tax here so that the kids of the Politicians and Corrupt leaders will enjoy their life abroad!!",Pro-Migration,Systemic/Political Anger,Individualist-Self,Angry/Frustrated
b37063ead2dc,Nepal is collapsing and soon  nepalese  wont be able to enter their own country..,Neutral/Observation,Systemic/Political Anger,Collectivist-Nation,Despairing/Sad
0881a7839758,Nepal ko vanda dherai aaru country ko dherai explain gareko xa tnc le,Neutral/Observation,Patriotism/Love,Collectivist-Nation,Pragmatic
3ee3bf6bc209,Thank you for your contribution  to the country hopefully our eyes will open soon.,Neutral/Observation,Patriotism/Love,Collectivist-Nation,Hopeful/Motivated
21cd7708e8aa,To my every brother and sister i only want to say after getting experience or 32 35 come in home land and share knowledge to nepali people too,Anti-Migration,Patriotism/Love,Collectivist-Nation,Hopeful/Motivated
cb5b2fda2440,जसरि हुन्छ लाइक भिउज बटाउने हुटहुटिमा लाइक भिउज लाई  मत्लप नगरि जुन कुराहरु उठाइराख्नु भको छ  मनै देखि उच्च सम्मान छ❤❤❤🙏🏿🙏🏿🙏🏿,Neutral/Observation,Patriotism/Love,Individualist-Self,Hopeful/Motivated
8350ee317aa7,It’s all about economics. Until you don’t give economic freedom to rise there is no point talk about democracy. Nepal is for 1% clevers who can cheat and do anything but for those 99% people who want make genuine money it’s hard. See NRN diaspora around world who went out of country with 1 luggage are now millionaires. Why? Who is controlling economics of Nepal? Forget about creating wealth now it’s becoming difficult to save your small earning or ancestral wealth.,Neutral/Observation,Economic Necessity,Collectivist-Nation,Pragmatic
a8c8402ab6e0,♥️🇳🇵 म पनि अहिले साउदीमा हो 🇸🇦♥️,Neutral/Observation,Economic Necessity,Individualist-Self,Pragmatic
50366cc27349,"About Remittances, it would continue to be  useless until and unless the Government is Influenced to make infrastructure, investment friendly policy by the Rich NRN Communities.",Neutral/Observation,Economic Necessity,Collectivist-Nation,Pragmatic
c2e35ddf16e2,पंछी फर्केर आउ....,Anti-Migration,Patriotism/Love,Collectivist-Nation,Pragmatic
f47993f67cbf,Good to see such a great topic. Well put research TNC..,Neutral/Observation,Patriotism/Love,Individualist-Self,Hopeful/Motivated
9a5ab68d0ae3,Private company ni ko loot chaliraxa ra jhan sarkarle Pani teti nai sahayog gari raxan   chor ra fataharuko desh vayo ABA ta,Neutral/Observation,Systemic/Political Anger,Collectivist-Nation,Angry/Frustrated
81dd7a9d286d,I don&#39;t think this is the brain drain rather it is the brain train,Neutral/Observation,Economic Necessity,Individualist-Self,Hopeful/Motivated
154d3bf39693,"हामी सर्वसाधारण जनतालाई जहाँ गएपनि आफ्नै देशको माया लाग्छ,याद भइरहेको हुन्छ तर यो निती नियम सरकारले बनाउछ,चलाउछ उनीहरू ले यस्तो कुरा को video हेर्दैनन , बुझ्न चाहादैनन 🇳🇵",Neutral/Observation,Patriotism/Love,Collectivist-Nation,Despairing/Sad
c814ce1f1134,Settle nai huni gari bidesiney Nepali haru ko demographics pani raakhnu parthyo. Kun Caste/ samudaye ko nepali haru baahiriyeka chhan ? Tesko longterm ma k impact parchha ?,Neutral/Observation,Patriotism/Love,Collectivist-Nation,Pragmatic
bb54efb581e0,Binod Kunwar is one of Example who is investing in Nepal in sports sector after fullfilling his own and Household Needs👏👏,Anti-Migration,Patriotism/Love,Collectivist-Nation,Hopeful/Motivated
d99dd4006545,Ya babu timi napa aafno kamaiki,Neutral/Observation,Economic Necessity,Individualist-Self,Pragmatic
594500b40125,नेपालमा ब्रेन ड्रेन धेरै नै बढ्दैछ। प्रतिभा विदेशिनु देशकै लागि ठूलो क्षति हो We needs to Change This trend.,Anti-Migration,Patriotism/Love,Collectivist-Nation,Hopeful/Motivated
c407da455643,Nepali youth are going abroad and indian are migrating to nepal <br>I will be no surprised if nepal will be next india 😐,Neutral/Observation,Systemic/Political Anger,Collectivist-Nation,Despairing/Sad
a315b9d4628f,"hjr kai video ko starting ma ielts ko ads aauxa k vannu aba<a href=""UCkszU2WH9gy1mb0dV-11UJg/xsIfY4OqCd2T29sP54iAsAw""></a><a href=""UCkszU2WH9gy1mb0dV-11UJg/xsIfY4OqCd2T29sP54iAsAw""></a><a href=""UCkszU2WH9gy1mb0dV-11UJg/xsIfY4OqCd2T29sP54iAsAw""></a>",Neutral/Observation,Economic Necessity,Individualist-Self,Pragmatic
223065024c03,"<a href=""https://www.youtube.com/watch?v=bO53rJ-r9yM&amp;t=792"">13:12</a> aru ko example dinai pardaina, hijo ko hamro katha here hunxa",Neutral/Observation,Economic Necessity,Collectivist-Nation,Pragmatic
334b94cd729a,Rise<br>Rule<br>Roar,Neutral/Observation,Patriotism/Love,Individualist-Self,Hopeful/Motivated
8cfacbe0c1a9,"Correction at the start, The news should have said &quot;Daily 4400 Youths go Abroad&quot; insted of 2000 as according of the 2024 Data",Neutral/Observation,Economic Necessity,Individualist-Self,Pragmatic
5e6a87fba4b2,Remittance maximum India ra China ma luxury ko saaman kinna ma jane bhaeko le Nepal ma lagani garne kam nai chha.,Neutral/Observation,Economic Necessity,Collectivist-Nation,Pragmatic
17aee1530254,"Bro please read alan greenspans &quot;&quot;the age of turbulence &quot; , it will help a lot regarding this topic",Neutral/Observation,Economic Necessity,Individualist-Self,Pragmatic
a3c278056c31,malae ta pugi sakyo ja gayo tei kure kurai garnu parxa na system ramro xa,Neutral/Observation,Systemic/Political Anger,Individualist-Self,Angry/Frustrated
f216ce1c076e,Jhat kp moryo vane balla naya nepal banxa,Neutral/Observation,Systemic/Political Anger,Collectivist-Nation,Pragmatic
d4bfd6daa1ea,नेपाल मा मान्छे नै छैन कस्लाईं व्यापार गर्ने ?? 🤔,Neutral/Observation,Economic Necessity,Collectivist-Nation,Despairing/Sad
ef7529a062e2,"I am a recent graduate, but I am unemployed",Neutral/Observation,Economic Necessity,Individualist-Self,Despairing/Sad
1f4d9f0dfc0d,"<a href=""https://www.youtube.com/watch?v=bO53rJ-r9yM&amp;t=785"">13:05</a> is one of the most important point that i personally thought sometime also",Neutral/Observation,Economic Necessity,Individualist-Self,Pragmatic
52f375b693ff,Editing style is changed ?,Neutral/Observation,Economic Necessity,Individualist-Self,Pragmatic
831b8f5d1ad4,Ma Nepal Mai garxu vanera basiraako xu.. sakesamma ahi garxu natra last option bahiranai ho,Anti-Migration,Patriotism/Love,Collectivist-Nation,Hopeful/Motivated
9d5ab0513040,Dhere ramro video herira maja aayo Tara yaha kasae le kei garna wala xaina sap lae aaf aafnu matlab xah aaf aafnu relatives vanda baira dhere manxe janae mandina kei garna khojo ki pailae darauxan 🫡,Neutral/Observation,Economic Necessity,Individualist-Self,Pragmatic
6586ffdaee24,बिदेश जाने विशेष गरि खाडि जानेहरु प्राय कम सेलेरि र तल्लो स्तरको काम गर्न जान्छन् अनि इज्राएली र आएरिसको उदाहरण दिएर हुन्छ।।।2052 सालको आतंककारी आन्दोलन देखि युवा बिदेश गएको हुन।।यो अझ बढ्ने क्रममा छन ।।।जब सम्म साम्राज्यवादि देशले चाहदैनन् तबसम्म हामि यसरि नै बर्बाद हुने छौ।।।सामाजिक आर्थिक राजनीतिक सास्कृतिक पारिवारिक  जस्ता कुरामा हामि बर्बाद भएको छौ।।यो कहिले सम्म,Neutral/Observation,Economic Necessity,Collectivist-Nation,Pragmatic
42722001c8ac,"But dai there is another problem in Nepali people <br>In Nepali most of the old as well as young too <br>Have just fixed there party <br>Like, some has fixed emale and some congress <br>During voting time they chose such kind of political party and for rest five years they just go against for them <br>Shouldn’t they just not vote them",Neutral/Observation,Systemic/Political Anger,Collectivist-Nation,Hopeful/Motivated
ad73c104159f,आज  युवाहरू को मुख्य समस्या  अझ भनौं  मुल प्रश्न  देशमा  किन बस्ने ?  आज तपाईं र हामी जस्ता चालीस र पचास  नकटेका युबा हरु ले तीन वटा राजा  चार वटा ब्यबस्था  देखिसकेका छौ ।   आज देशमा  कि त कर  र बाध्यता  ले बस्छ्न कि त रहरले  बस्छन् ।,Neutral/Observation,Economic Necessity,Collectivist-Nation,Pragmatic
1f5cd3308fd4,Daii bidesh rahar le hoina badhyata le jana lako ho nii maile 12 ma management liye aaba malai software engineering garna man xa vane maile garna paudina yo pani ek reason ho ma bideshinu ko la software engineering padna napaye ni ma cyber security tira janxu vanda ni paudina even though maile +2 ma management with computer leko xu k science nai chahijxa nepal ma j padda nii yo problem kosle bujxa koi le ni bujdaina tei vayera bideshinu mero badhyatah vayeko ho daii,Pro-Migration,Patriotism/Love,Individualist-Self,Despairing/Sad
53ced22663d7,unique research🌟,Neutral/Observation,Economic Necessity,Individualist-Self,Hopeful/Motivated
593a74d8762f,Support for you ❤️❤️,Neutral/Observation,Economic Necessity,Individualist-Self,Hopeful/Motivated
86870dc55931,They are going bhaira...,No-Persona,No-Persona,No-Persona,No-Persona
14f68936332e,All are going baera,No-Persona,No-Persona,No-Persona,No-Persona
2547eaace72b,Very nice 🎉,No-Persona,No-Persona,No-Persona,No-Persona
f4564f85e125,A great personality,No-Persona,No-Persona,No-Persona,No-Persona
7146b37d4d77,They are going bahira 😂😂,No-Persona,No-Persona,No-Persona,No-Persona
73fa89616bd1,Wow what a logical talk,No-Persona,No-Persona,No-Persona,No-Persona
f92d3b9e1cf1,Love your video,No-Persona,No-Persona,No-Persona,No-Persona
60cfc525a562,Face revealed wow!,No-Persona,No-Persona,No-Persona,No-Persona
5520be7d7ce6,They are going bahira ):,No-Persona,No-Persona,No-Persona,No-Persona
1d4d6c9948e4,Thank you for sharing this 😊🙏,No-Persona,No-Persona,No-Persona,No-Persona
5c93ed4e978e,Make a research video on Michael_kobold pls !,No-Persona,No-Persona,No-Persona,No-Persona
6542a4ac815a,nice content very informative,No-Persona,No-Persona,No-Persona,No-Persona
9e279063db47,"Mailey first time deakhea hoi dai lai ❤️❤️ <br><a href=""http://www.youtube.com/results?search_query=%23realityofournepal"">#realityofournepal</a> 😢",No-Persona,No-Persona,No-Persona,No-Persona
6a4bcbaadd84,Abo tamang controversy barama video yoo chaiyo ???,No-Persona,No-Persona,No-Persona,No-Persona
b76b1e326382,yes bro we want face reveal video.,No-Persona,No-Persona,No-Persona,No-Persona
814efa11384f,hlw sir <br>you are a best sir❤,No-Persona,No-Persona,No-Persona,No-Persona
de3e43393359,Maya le voko pet palidaina,No-Persona,No-Persona,No-Persona,No-Persona
8ba386e7ad8f,oh nice,No-Persona,No-Persona,No-Persona,No-Persona
43a08ce09f67,यो खोजको लागि धन्यवाद ❤,No-Persona,No-Persona,No-Persona,No-Persona
2f45cf8ce524,In depth content see you soon !!!,No-Persona,No-Persona,No-Persona,No-Persona
a78cd421b1e2,Quality content❤,No-Persona,No-Persona,No-Persona,No-Persona
9198c5944327,Thank you dada ❤,No-Persona,No-Persona,No-Persona,No-Persona
6e0312e91977,Thank you Team 🙌🌟!<br>You exceeded my expectations ❤️,No-Persona,No-Persona,No-Persona,No-Persona
c012defa7146,Wow👌. Content🔥,No-Persona,No-Persona,No-Persona,No-Persona
95bbb3341ffb,Best content vai gee keep it up❤❤❤,No-Persona,No-Persona,No-Persona,No-Persona
e7da85a46c16,Now this is what I call quality content ❤,No-Persona,No-Persona,No-Persona,No-Persona
fb32234b4506,Thank you yrr brother ❤❤❤❤❤,No-Persona,No-Persona,No-Persona,No-Persona
f34aea06f3e1,The way of making  content is flawless 💖💖,No-Persona,No-Persona,No-Persona,No-Persona
ba7774113bde,Quality content as always.,No-Persona,No-Persona,No-Persona,No-Persona
7928fc77cd64,Lots of love brother ❤❤ for this video,No-Persona,No-Persona,No-Persona,No-Persona
de3d06f0f971,Thank uhh bruh for ur effort ❤,No-Persona,No-Persona,No-Persona,No-Persona
0a37b2667c8f,We should support our Nepali content creators. ❤,No-Persona,No-Persona,No-Persona,No-Persona
2a68b07cd08f,❤❤❤💐💐i am so motivate  dai lots of love ❤❤,No-Persona,No-Persona,No-Persona,No-Persona
1b66db564dfe,This video made my day ❤,No-Persona,No-Persona,No-Persona,No-Persona
668e58fd506a,"A perfect video,, you are a real YouTuber ❤🇳🇵",No-Persona,No-Persona,No-Persona,No-Persona
d0e72c868a6b,Very informative and touching video ❤,No-Persona,No-Persona,No-Persona,No-Persona
92dddad14be3,Great research ❤,No-Persona,No-Persona,No-Persona,No-Persona
aaa6e9c9ff13,Wonderful video!,No-Persona,No-Persona,No-Persona,No-Persona
34cf56061027,Bro Ending is Beautiful ❤️🇳🇵🙌,No-Persona,No-Persona,No-Persona,No-Persona
dc7a89e9e633,Waah what video guys ❤❤ Hats off 👍👍,No-Persona,No-Persona,No-Persona,No-Persona
f3e5a7952b03,One of the best video ❤,No-Persona,No-Persona,No-Persona,No-Persona
80ffeffa4a50,Des naxadne yeutai kaaran ......maya😢😢,No-Persona,No-Persona,No-Persona,No-Persona
96fc508492de,​@dnstar5218 sahi bro 😏,No-Persona,No-Persona,No-Persona,No-Persona
516451ce2f60,Kati ramro thinks thankyou ids❤❤❤,No-Persona,No-Persona,No-Persona,No-Persona
fe69cf3fbc20,Watching from nepal nice informative video,No-Persona,No-Persona,No-Persona,No-Persona
77fd4c8cb4ec,"I love this video mentally, emotionally",No-Persona,No-Persona,No-Persona,No-Persona
f1260635cc37,tons of respect to your entire team,No-Persona,No-Persona,No-Persona,No-Persona
ca344fe6f0b7,Maya x daju <br>keep us teaching and informing 🥰🥰,No-Persona,No-Persona,No-Persona,No-Persona
b1303fd65846,Hjr ko positive massage ko lagi thanks ❤❤❤,No-Persona,No-Persona,No-Persona,No-Persona
5682e2c22a9e,Much needed video !,No-Persona,No-Persona,No-Persona,No-Persona
6a3bbfde3f00,What a great video!!❤❤,No-Persona,No-Persona,No-Persona,No-Persona
37c1bcc38711,U got it bro ....keep motivating youth ....🎉,No-Persona,No-Persona,No-Persona,No-Persona
3346792704e0,Hats off bro! Nice content ❤,No-Persona,No-Persona,No-Persona,No-Persona
4ed7a3dd430a,wow bhai liked it so much.salute.,No-Persona,No-Persona,No-Persona,No-Persona
25d23526af20,So emotional so authentic just like wow❤,No-Persona,No-Persona,No-Persona,No-Persona
28624ebe1d3f,Hat's off to your in depth content.,No-Persona,No-Persona,No-Persona,No-Persona
e5fc954d9934,This is one of motivation video ❤,No-Persona,No-Persona,No-Persona,No-Persona
16b297af49bd,Thank you dai for your motivation ❤❤,No-Persona,No-Persona,No-Persona,No-Persona
2345d3fb1085,So true bro 😢thanks for your effort,No-Persona,No-Persona,No-Persona,No-Persona
fe7f85198ac8,Love it satisfy xu yo video bata 😢❤,No-Persona,No-Persona,No-Persona,No-Persona
55919a5797e6,You really raised the hot topic respect ❤️🙏,No-Persona,No-Persona,No-Persona,No-Persona
bc158f536774,Hats off to your content ❤,No-Persona,No-Persona,No-Persona,No-Persona
f4da01d4c8fa,Thanks for this types of videos 😊,No-Persona,No-Persona,No-Persona,No-Persona
7f429ec283e7,Love it ❤️,No-Persona,No-Persona,No-Persona,No-Persona
9cc241cdfd03,Thanks 😊 a lot for this helpful suggestions.,No-Persona,No-Persona,No-Persona,No-Persona
8214ec90c051,अत्ति सन्तुष्ट लाग्दो video -🙏🙏❤️🫡,No-Persona,No-Persona,No-Persona,No-Persona
b3860df672fe,Lot's of love brother.,No-Persona,No-Persona,No-Persona,No-Persona
8d1bab73e9d1,Woow ❤ tqs for video ❤❤,No-Persona,No-Persona,No-Persona,No-Persona
d42566cf557d,Wow outstanding analysis ❤❤,No-Persona,No-Persona,No-Persona,No-Persona
7ba0a82f45b0,This video change my mine❤,No-Persona,No-Persona,No-Persona,No-Persona
b987a4dd9bbe,Great video with motivation. keep on bro,No-Persona,No-Persona,No-Persona,No-Persona
7c0452ccc473,"Thanks for the motivation, hamile nai ho garne😇",No-Persona,No-Persona,No-Persona,No-Persona
9cdf5cfd1053,One of best analysis episode,No-Persona,No-Persona,No-Persona,No-Persona
8e41a2f94025,Thanks for this video❤,No-Persona,No-Persona,No-Persona,No-Persona
b64c84ec0571,yatti majjale research garera video banayekoma  thank you,No-Persona,No-Persona,No-Persona,No-Persona
7bcf7ea9c54a,Best video i had ever seeen farr❤❤,No-Persona,No-Persona,No-Persona,No-Persona
17c2a34dcfc7,Love you Nepal ❤❤❤,No-Persona,No-Persona,No-Persona,No-Persona
8f32e6e6e1bf,Wow best content ❤,No-Persona,No-Persona,No-Persona,No-Persona
8e8bbcd57e1a,Video ekdam ramro xa Bhai 🎉,No-Persona,No-Persona,No-Persona,No-Persona
3cd637c550ee,Thank you for this video,No-Persona,No-Persona,No-Persona,No-Persona
d14559ed66fe,Great content 🔥❤️,No-Persona,No-Persona,No-Persona,No-Persona
89d627a52f8c,Best video ❤️,No-Persona,No-Persona,No-Persona,No-Persona
74d0e5e2c0db,Sahi analyze,No-Persona,No-Persona,No-Persona,No-Persona
03ef6a37b2bb,Beautiful video❤❤,No-Persona,No-Persona,No-Persona,No-Persona
598d12b94065,Amazing content 👏👏👏👏,No-Persona,No-Persona,No-Persona,No-Persona
d506e0ca9b94,Yo video chai man paryo hai IDS ko,No-Persona,No-Persona,No-Persona,No-Persona
fa7d342bfcf6,Good brother 🎉,No-Persona,No-Persona,No-Persona,No-Persona
e315cde551dc,Great video ❤,No-Persona,No-Persona,No-Persona,No-Persona
cd9a33ee8033,thankyou for this video,No-Persona,No-Persona,No-Persona,No-Persona
2d5d2ffcd940,Amazing bro.,No-Persona,No-Persona,No-Persona,No-Persona
6aa31666263a,Wow सकारात्मक भिडियो ।,No-Persona,No-Persona,No-Persona,No-Persona
f0ae28a2d33f,I will respect this video😔😔😔,No-Persona,No-Persona,No-Persona,No-Persona
1714d98fcb6c,🥹❤️thank you for the motivation🙏,No-Persona,No-Persona,No-Persona,No-Persona
e9337a11eead,Vai ko kura thik ho ramro lagyo video,No-Persona,No-Persona,No-Persona,No-Persona
8ee44a7251dd,best ever❤,No-Persona,No-Persona,No-Persona,No-Persona
13d0431d28c6,THANK YOU DAI❤,No-Persona,No-Persona,No-Persona,No-Persona
953b60cf36c1,U r amazing bro.,No-Persona,No-Persona,No-Persona,No-Persona
55017c581906,Very informative bro,No-Persona,No-Persona,No-Persona,No-Persona
9cb553e0a979,Thank you dai ❤,No-Persona,No-Persona,No-Persona,No-Persona
a6f59e1a0b4b,Thank you.,No-Persona,No-Persona,No-Persona,No-Persona
e65968d7c30c,reality video,No-Persona,No-Persona,No-Persona,No-Persona
9a12e8093841,Big fan hai sir😊,No-Persona,No-Persona,No-Persona,No-Persona
897a1c598764,Thank you,No-Persona,No-Persona,No-Persona,No-Persona
c7f068b0b295,you are brilliant,No-Persona,No-Persona,No-Persona,No-Persona
fedc674a63b1,Literally crying while watching this video 😭😭,No-Persona,No-Persona,No-Persona,No-Persona
568f846d8383,nice video 👍️,No-Persona,No-Persona,No-Persona,No-Persona
3d521258aa92,Love it,No-Persona,No-Persona,No-Persona,No-Persona
8bbb62f24cb3,Video on bureaucracy in nepal👍,No-Persona,No-Persona,No-Persona,No-Persona
4268bed4f449,Very good,No-Persona,No-Persona,No-Persona,No-Persona
63283c796b0d,I wasn't expecting MAYA!,No-Persona,No-Persona,No-Persona,No-Persona
cb308c9973ce,Pls make video about IT sector,No-Persona,No-Persona,No-Persona,No-Persona
b738a693d7bc,Make a video on pokhara about challenges tourism,No-Persona,No-Persona,No-Persona,No-Persona
2428e428460e,One video 100 knowledge,No-Persona,No-Persona,No-Persona,No-Persona
9829d0ff9913,Totla bro keep going,No-Persona,No-Persona,No-Persona,No-Persona
6ac145143a87,Ofcourse leaving is best option,No-Persona,No-Persona,No-Persona,No-Persona
62fa779b71e7,Khoe kina ho<br>Video herda herdai aasu aayo 😢,No-Persona,No-Persona,No-Persona,No-Persona
52b769a3d712,(24 ; 53) is best,No-Persona,No-Persona,No-Persona,No-Persona
ba36fae7f9e4,Yo video banau na dheelo garnu vayo daju 💔,No-Persona,No-Persona,No-Persona,No-Persona
fe46c03d8eac,Should have made this video way before 🙃,No-Persona,No-Persona,No-Persona,No-Persona
ce654506a954,ashabadi hunu nai ramro ho! aaileko samay ma...,No-Persona,No-Persona,No-Persona,No-Persona
279de7a74e2a,No thanks we are good in Nepal,No-Persona,No-Persona,No-Persona,No-Persona
aca9cdf76785,😂😂😢 not good,No-Persona,No-Persona,No-Persona,No-Persona
41a7df5fee72,KEEP MAKING VIDEOS !!!!!! ⚽️⚽️⚽️🎮🎮,No-Persona,No-Persona,No-Persona,No-Persona
594395c73cf2,So valuable content dai thanks ❤,No-Persona,No-Persona,No-Persona,No-Persona
494dd64453f6,Amazing content brother 🔥🔥🔥🔥,No-Persona,No-Persona,No-Persona,No-Persona
6ee455126d2b,Excellent explanation,No-Persona,No-Persona,No-Persona,No-Persona
717c7cb5c29a,सारै राम्रो बिचार धारणा बाबुको।😢😢😢😢🙏🙏🙏🙏🇳🇵🇳🇵🇳🇵🇳🇵,No-Persona,No-Persona,No-Persona,No-Persona
c8d86db109b2,All the Best,No-Persona,No-Persona,No-Persona,No-Persona
9c5bf9178b9b,सहि हो,No-Persona,No-Persona,No-Persona,No-Persona
1e37fe1431cf,Very worth full video❤❤❤🎉,No-Persona,No-Persona,No-Persona,No-Persona
48b5aa1e4564,Dai hjur ley jastai video banauna kaha sikney?,No-Persona,No-Persona,No-Persona,No-Persona
25bf25228c8c,❤❤❤❤ weldone brother,No-Persona,No-Persona,No-Persona,No-Persona
29f29c7a56d0,Very rare content dai loved it,No-Persona,No-Persona,No-Persona,No-Persona
4e75401988e7,Good Choice.. No hope here,No-Persona,No-Persona,No-Persona,No-Persona
ff2a405b5284,ekdam ramro content 👌👌,No-Persona,No-Persona,No-Persona,No-Persona
632505056a29,Nice topic based on true story ❤,No-Persona,No-Persona,No-Persona,No-Persona
4cc6cb0f4954,🎉🎉🎉keep it up,No-Persona,No-Persona,No-Persona,No-Persona
d6deaf9c80e3,"You’re Rising,keep going ❤🎉",No-Persona,No-Persona,No-Persona,No-Persona
faec7e3c4a66,Malai ta video herera jhan tanab vo 😢😢😢😢,No-Persona,No-Persona,No-Persona,No-Persona
21af476bed7c,Keep it bro <br>new knowledge are unlocked,No-Persona,No-Persona,No-Persona,No-Persona
a00f337c1b02,Content overlap nagarao hai...<br>Unsuscribed vaiyela hai....,No-Persona,No-Persona,No-Persona,No-Persona
184c984e9dea,Ps subscribe and support these type of channels.,No-Persona,No-Persona,No-Persona,No-Persona
6fafaca32f97,Keep it bro your videos is really nice ❤❤,No-Persona,No-Persona,No-Persona,No-Persona
35eff5be2261,kasaile banaideyoss jasto lagthyoo yoo video 🙏,No-Persona,No-Persona,No-Persona,No-Persona
6abe47ca08da,amazing video. subscribed.,No-Persona,No-Persona,No-Persona,No-Persona
d1a32b34c526,Very beautiful❤❤❤❤,No-Persona,No-Persona,No-Persona,No-Persona
19e53ec6e216,Thank you so much dada for this information.,No-Persona,No-Persona,No-Persona,No-Persona
ee8040799e5c,Respect Brother,No-Persona,No-Persona,No-Persona,No-Persona
a39ce7f0b8c9,Thanks the Nepali comment 💕❤,No-Persona,No-Persona,No-Persona,No-Persona
207d16146b56,Sahi kura garnu bhayo brother,No-Persona,No-Persona,No-Persona,No-Persona
888d9b33772e,Such a great content,No-Persona,No-Persona,No-Persona,No-Persona
51a56a2a2da1,Nice research topic,No-Persona,No-Persona,No-Persona,No-Persona
251fda44d3a8,Well done!!,No-Persona,No-Persona,No-Persona,No-Persona
b5791d479dd5,Brother u r great 🙏🙏🙏,No-Persona,No-Persona,No-Persona,No-Persona
058ccce13248,Thank you so much❤️🙏,No-Persona,No-Persona,No-Persona,No-Persona
74fcf01b86f6,big fan✋,No-Persona,No-Persona,No-Persona,No-Persona
8fe27217ecfa,Ramro jaankaari,No-Persona,No-Persona,No-Persona,No-Persona
ca31175d7117,Good information,No-Persona,No-Persona,No-Persona,No-Persona
aca271772d85,You are the best😊,No-Persona,No-Persona,No-Persona,No-Persona
8c412fa9a5fa,Wow what a content brother...❤️‍🔥❤️‍🔥❤️‍🔥,No-Persona,No-Persona,No-Persona,No-Persona
2fe214af531d,Kuddoss to such qualities content!!!,No-Persona,No-Persona,No-Persona,No-Persona
00cfb1e42695,i wished the video to be abit longer.,No-Persona,No-Persona,No-Persona,No-Persona
b902bfa2ce42,Best channel,No-Persona,No-Persona,No-Persona,No-Persona
be6ba913e617,Wow just amazing eye opening video,No-Persona,No-Persona,No-Persona,No-Persona
91eb054bb49f,Thumbs up for the video,No-Persona,No-Persona,No-Persona,No-Persona
cd71c8e0166a,Nice bhai,No-Persona,No-Persona,No-Persona,No-Persona
d1fee4985540,Lovely info. Keep it up bro,No-Persona,No-Persona,No-Persona,No-Persona
cefa4db40081,You are amazing brother . love your videos.,No-Persona,No-Persona,No-Persona,No-Persona
acd3c145d0c9,Big fan😇 Congratulations 🎉👏 for the 90k...😁💕,No-Persona,No-Persona,No-Persona,No-Persona
6e3be4ea6de0,Nice video,No-Persona,No-Persona,No-Persona,No-Persona
3bdd09279869,Nice topic,No-Persona,No-Persona,No-Persona,No-Persona
82037b98911c,Quality content at it&#39;s peak💗,No-Persona,No-Persona,No-Persona,No-Persona
cdf76f8b08bd,Good message,No-Persona,No-Persona,No-Persona,No-Persona
3aa831b085a1,Thank you soo much dai for this documentry😊,No-Persona,No-Persona,No-Persona,No-Persona
40fc18c1aa8d,Great message brother to all viewers ♥️♥️,No-Persona,No-Persona,No-Persona,No-Persona
151b61d0a536,Such a great content.,No-Persona,No-Persona,No-Persona,No-Persona
d5a2ff3b7ea3,Huge respect 🫡,No-Persona,No-Persona,No-Persona,No-Persona
d3e546b7d7fa,Thank you😊😊😊,No-Persona,No-Persona,No-Persona,No-Persona
1139a85a538f,Another quality content❤,No-Persona,No-Persona,No-Persona,No-Persona
9be418c938a8,"awesome, what’s your name? 🙏",No-Persona,No-Persona,No-Persona,No-Persona
60db848cb0fe,Content always OP 🔥❣️🇳🇵 Love You Brother,No-Persona,No-Persona,No-Persona,No-Persona
b9a4192fecb2,Qualtiy content,No-Persona,No-Persona,No-Persona,No-Persona
d09d8ff0c362,"Great content, keep it up ❤️",No-Persona,No-Persona,No-Persona,No-Persona
2f8c8c16630d,This is fire 🔥,No-Persona,No-Persona,No-Persona,No-Persona
3e33a2850bea,Love this channel ❤️,No-Persona,No-Persona,No-Persona,No-Persona
a38c5134b24d,"Awesome content as usual. Keep going, Dipesh Bro!",No-Persona,No-Persona,No-Persona,No-Persona
9c059b111dc6,Nice content 👌,No-Persona,No-Persona,No-Persona,No-Persona
13cfa7612125,Ekdum ramro video,No-Persona,No-Persona,No-Persona,No-Persona
98859862de9e,another amaing vid,No-Persona,No-Persona,No-Persona,No-Persona
054bf2303c7d,Great content.,No-Persona,No-Persona,No-Persona,No-Persona
68a24c07b53e,Thanks for such informative video❣️,No-Persona,No-Persona,No-Persona,No-Persona
3294cf4c7770,This is what quality content means.,No-Persona,No-Persona,No-Persona,No-Persona
be07d62591b4,Very interesting news you are great bro,No-Persona,No-Persona,No-Persona,No-Persona
3255111f476b,great content!!,No-Persona,No-Persona,No-Persona,No-Persona
8c51914ea68b,Informative video keep going,No-Persona,No-Persona,No-Persona,No-Persona
1e409dcaaa14,love your content  . Hope see more videos ❤️,No-Persona,No-Persona,No-Persona,No-Persona
63fa1e4c504f,Big fan bro 😊❤️,No-Persona,No-Persona,No-Persona,No-Persona
4f72acf715fb,Quality content ❤️,No-Persona,No-Persona,No-Persona,No-Persona
da6bd725d63a,Why is  this things going on from Nepal??,No-Persona,No-Persona,No-Persona,No-Persona
08887baecb55,Love react dinu naa bro,No-Persona,No-Persona,No-Persona,No-Persona
8b6c9180a7c9,How fast video sakiyo,No-Persona,No-Persona,No-Persona,No-Persona
c15176fbfb6b,Love your content. Hope to see more,No-Persona,No-Persona,No-Persona,No-Persona
b7958da8bab8,😮 very good 👍 👌,No-Persona,No-Persona,No-Persona,No-Persona
2433315f8134,Bro explained my all plans in this video ...,No-Persona,No-Persona,No-Persona,No-Persona
a761463b4b1f,great video!,No-Persona,No-Persona,No-Persona,No-Persona
87eb2aadc9f6,content already covered by indepth story,No-Persona,No-Persona,No-Persona,No-Persona
839918d71e28,Make video on kumbh mela..,No-Persona,No-Persona,No-Persona,No-Persona
8eefc3164d23,Such a beautiful video.,No-Persona,No-Persona,No-Persona,No-Persona
d46cf6ff6451,Best video.❤,No-Persona,No-Persona,No-Persona,No-Persona
8af81dcb43f6,Vet well researched video,No-Persona,No-Persona,No-Persona,No-Persona
c1af36d66f92,Lovely video ❤,No-Persona,No-Persona,No-Persona,No-Persona
681dae935208,"<a href=""https://www.youtube.com/watch?v=bO53rJ-r9yM&amp;t=300"">5:00</a> Mr beast video of the hospital.",No-Persona,No-Persona,No-Persona,No-Persona
3ca9bf461f99,Finally best video,No-Persona,No-Persona,No-Persona,No-Persona
77590793bffc,30 million Nepalese should be watch this video,No-Persona,No-Persona,No-Persona,No-Persona
8a735822ebf6,Well done 👍 brother,No-Persona,No-Persona,No-Persona,No-Persona
b7f6f5dadc43,Ramro video ❤😊,No-Persona,No-Persona,No-Persona,No-Persona
b034debe538a,Yo video sakdo share garau hai 🙏🏻🙏🏻🙏🏻🙏🏻,No-Persona,No-Persona,No-Persona,No-Persona
6b5601bd7e68,Informative video for all nepalese 😊❤,No-Persona,No-Persona,No-Persona,No-Persona
3ee3dcfc8e0a,history ko video,No-Persona,No-Persona,No-Persona,No-Persona
a45d486eecca,Good one Dipesh 👏,No-Persona,No-Persona,No-Persona,No-Persona
1202899802d1,Dheri Ramro Lagyo Dai 💜🌹,No-Persona,No-Persona,No-Persona,No-Persona
5080fa874821,Will viral this video❤,No-Persona,No-Persona,No-Persona,No-Persona
3eceae0d3d37,Love form birgunj,No-Persona,No-Persona,No-Persona,No-Persona
3e4d8c83876e,TNC best research after a long time 😅❤,No-Persona,No-Persona,No-Persona,No-Persona
db08e1e44f99,Such a informative video. Thank You Dipesh bro,No-Persona,No-Persona,No-Persona,No-Persona
ce40e4b80d21,राम्रो छ मित्र तिम्रो प्रस्तुति,No-Persona,No-Persona,No-Persona,No-Persona
eb50592c355c,Finally some  great topics ❤❤❤,No-Persona,No-Persona,No-Persona,No-Persona
d849f68cb3dd,Waiting and exciting for watch your video.. ❤🎉❤🎉,No-Persona,No-Persona,No-Persona,No-Persona
