comment_id,comment,source_channel,source_file,script,language,word_count,emoji_count,route_reason,substantive_hit
4be83b2045a7,China usa can buy nepal jusr  put on sale,IDS,IDS_migration_old_podcast_Filtered,latin,english,9,0,substantive_keyword,usa
eaee434da75e,Sale nepal why nepal country nonsense  student visa.  They r not there for study big jocks,IDS,IDS_migration_old_podcast_Filtered,latin,english,16,0,substantive_keyword,visa
ccfdbff1d449,Everyone is not leaving Nepal. Many are still staying back. So in current scenario their are basically two kind of Nepalese-<br> One who does not want to leave their parents no matter what financial situation or life priorities. They are content and happy with mediocre life. They stay back in Nepal.<br><br> Second who has greater ambitions and wants a better life. They leave their parents and settle abroad.<br><br> Ma kasailai pani sahi galat bhandina. Both are right in their own respective minds.,IDS,IDS_migration_old_podcast_Filtered,roman_nepali,nepali,82,0,substantive_keyword,abroad
f24157beda7e,"What a nonsense never forget that foreign country will always treat you as a second citizen also if we as a nationalist can protest to stop getting indians our citizenship and jobs then they can do the same its completely justified this shitty consultancies (educational and tours)<br>Should be completely closed and embrace the nationalism,if so then why dont these two people go abroad",IDS,IDS_migration_old_podcast_Filtered,latin,english,65,0,substantive_keyword,abroad
0d1e088b7f06,Really like this types of communication 😊,IDS,IDS_migration_old_podcast_Filtered,latin,english,6,1,kept_default,
fac98faec42b,"Learn trading , after no need to go anywhere , just learn trading all you need is internet and a computer or mobile",IDS,IDS_migration_old_podcast_Filtered,latin,english,21,0,kept_default,
dac3097bb265,What was that 😢,IDS,IDS_migration_old_podcast_Filtered,latin,english,3,1,kept_default,
29e950d3d566,"10 Reasons SOONER or LATER Everyone will Left 🇳🇵Nepal 😢 😪 <br><a href=""https://www.youtube.com/watch?v=AlcahONiYOc"">https://youtu.be/AlcahONiYOc</a><br>Either It&#39;s For Further Studies or Work",IDS,IDS_migration_old_podcast_Filtered,latin,english,17,4,substantive_keyword,work
c14758b5308a,I regret studying at TU. i lost all the time on earning money and life,IDS,IDS_migration_old_podcast_Filtered,latin,english,15,0,substantive_keyword,study
bdcb019e39a7,Maile 12 paxi Padna xode Malai paila dakhi nai business garnu Theo MA sanga dherai ramro ramro idea haru Thea maile 4/5 year hard try gare sambandid nikaye samma kura ta pugyo ra Uha haru le help garnu miltheo Uha haru ko sano help matra melako vaye aaja Ma as a entrepreneur dherai Mathi pugi sakthea Tara aaja Ma totally birojgar xu mind ma idea xa action ligna lai Aafu eklai sakidaina katai bata help mildaina aaile Ma US  Ko lagi try gardai xu ra main point ma 12 paxi kina abroad gaina vanni kura le dherai regret hunxa so Jati ni 11/12 paddhai gareko bhai baine le mero comment paddhai hunuhunuhunxa Uha haru lai mero experience le k vanna chanxu vani tapai haru jati nai talent vaye ni tapai haru ma Kati nai potiental vaye ni tapai le Nepal ma chance paunu hunna yaha Sano kam garna ni hami youth lai dherai garo hunxa so time Mai aboard janu Uha opputunity xa Uha kai garna Sakinxa baki desh hamrai Ho paxi Aafu kei banera Aayaera desh ko lagi garna Sakinxa first aafno Banna ko lagi desh xodnai parxa .,IDS,IDS_migration_old_podcast_Filtered,roman_nepali,nepali,191,0,substantive_keyword,abroad
b1a8073ad63e,Alaxini khatey haru mujiko baan kukur bhusiya corrupt neta haru ley garda esto ramro desh guu jastai parey<br>Iniharuko narka ma pani baas naa hoss😢,IDS,IDS_migration_old_podcast_Filtered,roman_nepali,nepali,25,1,substantive_keyword,uk
62a9622e429b,What his name,IDS,IDS_migration_old_podcast_Filtered,latin,english,3,0,kept_default,
fb37c37b994e,3million haina 30million,IDS,IDS_migration_old_podcast_Filtered,latin,english,3,0,kept_default,
d65d9e5a458f,"3 crore doesn&#39;t mean 3 million, dear sir. Please correct it.",IDS,IDS_migration_old_podcast_Filtered,latin,english,12,0,kept_default,
be15fb7f46fa,"The reason why people are leaving Nepal is because of their high expectations. The people who are complaining there aren&#39;t enough jobs are the ones who seek highly skilled jobs where labour is not required. These types of jobs are not much in demand because the country is under developed and needs labour workers. I went to visit Nepal last year and saw many workers in construction sites and fixing roads, etc. So there are plenty of jobs in Nepal, you just chose to not to do them because you think you should be paid more. A country doesn&#39;t build itself magically without labour.",IDS,IDS_migration_old_podcast_Filtered,latin,english,106,0,substantive_keyword,job
1e37ddbdde0c,3 crore=30 million,IDS,IDS_migration_old_podcast_Filtered,latin,english,4,0,kept_default,
26e457d95b1b,3 crore is 30 million not 3 million.,IDS,IDS_migration_old_podcast_Filtered,latin,english,8,0,kept_default,
84b9140174f6,there is one harsh solution. <br>ban foreign visa <br>force people to live inside<br>people will figure out the solution if they&#39;re forced to stay instead of running,IDS,IDS_migration_old_podcast_Filtered,latin,english,28,0,substantive_keyword,visa
23e58d78db47,"राजधानी सहर जन्ता बेच्ने बजार, जनताको व्यापार गर्ने नेपाल सरकार, देशभक्ति मरिसके देश बेच्न तयार, मुर्ख जन्ता, कस्ले रोक्ने भ्रष्टाचार ?<br><br>Bodhi",IDS,IDS_migration_old_podcast_Filtered,code_mixed,nepali_english,21,0,substantive_keyword,सरकार
0a9004ed636b,What is the solution? What is remady? What should do? For this situation and this problem?,IDS,IDS_migration_old_podcast_Filtered,latin,english,16,0,substantive_keyword,pr
1c6d6f3b072e,Aba india le laijancha desh. Yo muji neta harule kei par layenan. Jhole harule bitaye desh. Laijos Modi le baru,IDS,IDS_migration_old_podcast_Filtered,roman_nepali,nepali,20,0,substantive_keyword,india
6e27a5b0502e,Dhost hunxa yo dess bistarai <br>Frustration is one of the main reason why students choose foreign countries,IDS,IDS_migration_old_podcast_Filtered,roman_nepali,nepali,17,0,substantive_keyword,foreign
8746f40ff3f2,Mo Dubai ma xu daju ahiley 2 40 bajey Rati duty janxu Ani belka 8 9 bajey room aipugxu lastoi garo 🙃,IDS,IDS_migration_old_podcast_Filtered,roman_nepali,nepali,21,1,substantive_keyword,dubai
fe7e487b3a73,"Any data how many nepalese living here in Delhi NCR ? Nepalese are everywhere here in hotel line, in govt job, police / army,  and even in big companies like MNCs.",IDS,IDS_migration_old_podcast_Filtered,latin,english,29,0,substantive_keyword,job
72f7890be4b0,Please speak full English or full nepali😢😊 like ur videos🎉,IDS,IDS_migration_old_podcast_Filtered,latin,english,10,3,kept_default,
012f6d1a4b06,"E dai ki tah purai english bolnu , ki natra nepali mai bolnu. Yesari what i seed garera nabolni",IDS,IDS_migration_old_podcast_Filtered,roman_nepali,nepali,18,0,kept_default,
f3a52de70ea4,Nepal won&#39;t remain for more than 50 years in existance,IDS,IDS_migration_old_podcast_Filtered,latin,english,11,0,kept_default,
4c2d89a35039,One of the few educational and entertaining nepali channal🙌❤️‍🔥❤️‍🔥,IDS,IDS_migration_old_podcast_Filtered,latin,english,9,5,kept_default,
f24226e363eb,who was the speaker? not mentioned anywhere,IDS,IDS_migration_old_podcast_Filtered,latin,english,7,0,kept_default,
65daeb350bb8,"Something about brain drain I found <a href=""https://www.youtube.com/watch?v=YAUG-cNP-nM"">https://youtu.be/YAUG-cNP-nM?si=dq1nkDgmU2z3fxVy</a>",IDS,IDS_migration_old_podcast_Filtered,latin,english,6,0,kept_default,
c84a62016ebf,"<a href=""https://www.youtube.com/watch?v=_t2MyMVqddw&amp;t=162"">2:42</a> hits different 😢",IDS,IDS_migration_old_podcast_Filtered,latin,english,4,1,kept_default,
abfd9003b912,This is such a sad reality and I can&#39;t do anything :( .,IDS,IDS_migration_old_podcast_Filtered,latin,english,12,0,kept_default,
e667e1d3939b,You cannot contain youths but you can certainly take advantages of brain drain by coming up with new policies that can utilize the youths and their skills/knowledge,IDS,IDS_migration_old_podcast_Filtered,latin,english,28,0,substantive_keyword,dv
09b8c64b3be5,I proud I left nepal early age and got abroad citizenship….. don’t waste your Time in nepal if you belong from mid class family,IDS,IDS_migration_old_podcast_Filtered,latin,english,25,0,substantive_keyword,abroad
e618568e5fed,"Honestly not only unemployment but it&#39;s like an interest of common people to go to foreign countries. Students want to go there for their better future. Our thinking is that we would be able to earn ourselves and live the way we want, no-one would be actually judging us. We aren&#39;t thinking far. But we aren&#39;t wrong here, situation makes us think so. Even our parents nowadays motivating us to try abroad like why? it&#39;s exactly because of &quot;what after education&quot;. unemployment is one thing and other thing is lack of job security in private sector. Our future isn&#39;t secure so what&#39;s the option? OfCourse abroad",IDS,IDS_migration_old_podcast_Filtered,latin,english,113,0,substantive_keyword,abroad
003bdfbc74a4,"Nepal cannot compete with India and China in terms of being a service provider or a manufacturing hub. We need to focus on our strengths to create jobs, which are agriculture and tourism. Focus on adventure tourism, create better experiences for tourists and grow things that we can export. Look at small developed countries as case studies to see how they focus on their strengths to develop. But in the end it all comes down to political stability and leaders who are good in geopolitics.",IDS,IDS_migration_old_podcast_Filtered,latin,english,85,0,substantive_keyword,pr
6bb66145c32a,Dubai is not a country..,IDS,IDS_migration_old_podcast_Filtered,latin,english,5,0,substantive_keyword,dubai
d9fbb0d4d463,आफ्नो देश  नेताले   बिगारे भनेर अझै उनीहरुलाई  मोज गर्न दिएर  आफू  विदेश   तिर गएर दुःख गर्न बुद्धिमानी कि ? युवा भएर  देश बिगार्ने ती नेता लाई  श्रीलङ्का  मा ती भ्रष्ट नेतालाई  खेदे जसरी खेदेर आफ्नै देशमा सुख सुविधा खोज्नु कुन बुद्धिमानी ?  चेतना भया 👍👍👍👍👍👍👍👍👍👍👍👍👍,IDS,IDS_migration_old_podcast_Filtered,devanagari,nepali,42,13,substantive_keyword,देश
6aa8143a0367,Mero gau ma pani 4 ota pipal ko bot cha,IDS,IDS_migration_old_podcast_Filtered,roman_nepali,nepali,10,0,kept_default,
b5d9bc870c72,"When I was a kid, I had a vigorous desire to bring change into the country. The first time I heard about brain drain, I was mad furious. Gradually, I&#39;ve come to understand the situation more and more, which certainly is fading my determination of changing Nepal. It&#39;s sorrowful what reality does to people.",IDS,IDS_migration_old_podcast_Filtered,latin,english,56,0,kept_default,
49331253038a,This podcast is good but it can be better if you included the overcoming points of brain drain . How can we overcome this major problem ? Which plans to be taken to overcome this.,IDS,IDS_migration_old_podcast_Filtered,latin,english,33,0,substantive_keyword,pr
8976e4121e2b,If youth don&#39;t make change then who would make. America developed xa kina ki tyaha ko citizens le america lai develop gareka hunx .. desh ma kei xain i agree but desh ma kei xain vanne yo sabai ko responsibility ho ki desh ma kei garnu paryo xodera janu is not a solution. If hami le garena vanne kasle garx ..garne vaye hunz natra hudaina .afno astitwa jogaunu xa vanne desh ma kei gara .. ma tw yahi kei na kei garxu. 🙂🇳🇵,IDS,IDS_migration_old_podcast_Filtered,roman_nepali,nepali,81,3,substantive_keyword,janu
259d3728d6b4,"Nepal sarkhar ko pragattii vanekoo nai , nepalii lae bedesh pathau neh hoo .... 😢 ...  111 <a href=""http://www.youtube.com/results?search_query=%23nepalrevolution"">#nepalrevolution</a>",IDS,IDS_migration_old_podcast_Filtered,roman_nepali,nepali,13,1,substantive_keyword,pr
0d652a9cf176,"Aujha puranai neta haru Lai choose garau dherai ramro hunexa 😢😢😢😢<br><br><a href=""http://www.youtube.com/results?search_query=%23aamale"">#Aamale</a> <a href=""http://www.youtube.com/results?search_query=%23kongrees"">#kongrees</a> <a href=""http://www.youtube.com/results?search_query=%23mawobadi"">#mawobadi</a> sabai <a href=""http://www.youtube.com/results?search_query=%23bhastachari"">#Bhastachari</a> party Hun Sabailai <a href=""http://www.youtube.com/results?search_query=%23bahiskar"">#bahiskar</a> garau 🙏🙏🙏🙏",IDS,IDS_migration_old_podcast_Filtered,roman_nepali,nepali,15,8,substantive_keyword,neta
eb2e20588366,Vai suni sakeko kura feri pani repost nagarana hau mujieee  chai vannu.. wait for reply of it 🤣,IDS,IDS_migration_old_podcast_Filtered,roman_nepali,nepali,17,1,kept_default,
72bdc103496d,"I hope this comment finds you well. I&#39;ve been an avid viewer of your YouTube channel&#39;s in-depth story, and I&#39;m continually impressed by the informative and engaging content you produce. Your ability to shed light on complex topics in an easy-to-understand manner is remarkable.<br><br>I&#39;ve been doing extensive research lately on network marketing scams, and it&#39;s alarming to see how many people fall victim to these fraudulent schemes. Given your expertise in creating informative and eye-opening content, I thought it might be a fantastic idea to collaborate on a video that exposes the inner workings of these scams and provides viewers with the knowledge they need to protect themselves<br> <br>Hope your team will go through it.",IDS,IDS_migration_old_podcast_Filtered,latin,english,125,0,substantive_keyword,pr
44ec31881ca4,staying in nepal means no progress and cant but a car due to high  prices even with 10 years of saving what is benefit of studying in collages where teachers dont like to teach and whole collage is drowing in politics so 1st choice fly away and never return,IDS,IDS_migration_old_podcast_Filtered,latin,english,49,0,substantive_keyword,pr
84dbaf6d8659,And I&#39;m proud of being Nepali 😂😂,IDS,IDS_migration_old_podcast_Filtered,latin,english,7,2,substantive_keyword,pr
6884ed77204e,"The main motivation of people going out of country is the political instability, if we get a right person on power like Balen, this trend will change on no time. <br>We need to vote to right people.<br>So as a youtuber, what we can do is give a brief about every candidate in next election so everyone knows who is good, who can make better change on the current situation.",IDS,IDS_migration_old_podcast_Filtered,latin,english,70,0,kept_default,
44572f75b20e,Neta haru ley bujhna parni kuro ho yo,IDS,IDS_migration_old_podcast_Filtered,roman_nepali,nepali,8,0,substantive_keyword,neta
fe2e5b6718f1,"<a href=""http://www.youtube.com/results?search_query=%23correction"">#correction</a> - 3 crore is 30 million<br>you are welcome 🤌",IDS,IDS_migration_old_podcast_Filtered,latin,english,8,1,kept_default,
4bd81e52ae66,"Nowday&#39;s teacher&#39;s also recommend us to go out of the country nd not to stay in Nepal, if you&#39;re getting opportunity of good jobs nd higher studies go out of country nd tells us they&#39;re regretting to stay in Nepal. Nd two teachers already left with the their whole family ...",IDS,IDS_migration_old_podcast_Filtered,latin,english,54,0,substantive_keyword,family
86083c42c325,"How can 3 million be 3 crore ?? When 1 million is equivalent to 10 lakh ??? Stop giving false information, if you mean we have 3 crore population it should be 30 million not 3 million !!! With such kinda videos you  are making a joke or yourself all over the world and bringing shame to all the Nepalese,shame on you 🤬",IDS,IDS_migration_old_podcast_Filtered,latin,english,60,1,kept_default,
a9a150f46aa2,We are going abroad cuz aru desh ko falako allu nikalna matra ho…lakh lakh halaraw padyo last ma bahira gayaraw allu khanni arabi haru basni ghar banauni…thau ma tyo padni paisa halako vaya aila sauu vayaraw basthya,IDS,IDS_migration_old_podcast_Filtered,roman_nepali,nepali,39,0,substantive_keyword,abroad
d6fb51beeb5b,And I’m too listening from Maldives 🇲🇻,IDS,IDS_migration_old_podcast_Filtered,latin,english,7,2,kept_default,
1d87bda9ea4d,"<a href=""https://www.youtube.com/watch?v=_t2MyMVqddw&amp;t=74"">1:14</a> 😢",IDS,IDS_migration_old_podcast_Filtered,other,other,2,1,kept_default,
89ff8af07557,As a +2 students who wants to study in my own country and contribute for the nation this makes me feel sad and worried about my own future as well as the nations future 😢,IDS,IDS_migration_old_podcast_Filtered,latin,english,34,1,substantive_keyword,future
c59f52382653,"Ma +2 sakiye sakda mero dherai sathi haru Australia lai try gare, maile ni gare. Property ko jhamela le process hault vayo. Tespachhi halka jagar lagayera soch banaye ki Nepal mai padhchu baschhu and kei business kholchhu. Ma 20 years ko thiye. Reality ma vanda imagination ma jiudai rahechhu jun kura aafulai nai thaha thiyena. Hillside tira hotel kholchhu ki euta motorcycle showeoom kholchhu, dhukka le paisa kamaihalchhu vanne aasha ra jagar thiyo. Bachelor gardai garda dherai sathi harule bich bich mai Australia gaye. Koi koi chai Japan ni gaye. Antya ma Bachelor ni sakiyo ra aafu sanga 14k ko job bahek kehi thiyena haat ma. Tesle jiwan chalne thiyena. Jiwan ko kura chhodum tyo samaye ko eklo huda ko kharcha ni tarnu garo vayo. Tespachhi aayo corona. Tyaha samma aauda situation yeti garo vaisakeko thiyo ki Nepal basera napugne Australia jana nasakne vayo. So tyo bela ali popularity gain gardai aairaheko desh Croatia ko barema sunna thale. Interesting lagyo. Kei major cvs nachahine ani dherai lagani pani nachahine vayera aafno luck yetai try gare. Ra sabai process pura garera yaha aaye. Aile 2 barsha vayo. Suru ma aauda eklai thiyo company ma. Nyasro lagthyo. Ek barsha jasto vayepachhi company le ajhai Nepali haru lyaune vane pachhi maile aafno aafanta ra chineko sathiharulai kaam offer gare. Aile 4 jana plus 2 jana feri aaudai chhan. Kamai dherai chhaina tara company le sabai subidha diyera 1 lakh jati kamai hunchha. Aafno sathi bhai ra kei aafanta haru ni sangai chhan. So aba yo sabai huda ma Nepal kina farkine? Tei andhakar ra kalpana ma matra dubna? Malai Nepal ko maya chha tara tyo maya le mero jiwan ramro sanga chalchha ra? Hola Nepal ma ni opportunity haru tara ma jasto middle class family ko ghar herne euta matra income source le aafu ani pariwar sukha sanga rakhna sakla ra? Dherai high profile nahola tara Croatia ko salary le mero ghar ko pariwar haru aananda le khusi sanga basna pako chha. Malai future ko chinta chhaina. So ma kina Nepal farkine? Now I understand what do you mean by manchhe haru bidesh gairako chhaina, desh chhodidako chhan. Ma pani tei madhye euta hu. Jay Nepal, mero Nepal jindabaad tara sayed maile Europe lai nai aafno future sumpiye.",IDS,IDS_migration_old_podcast_Filtered,roman_nepali,nepali,375,0,substantive_keyword,bidesh
3b80320a9d77,&quot;Bolna sakne Lai baira pathaide nasakne Lai yehi rakh.&quot; Well said .,IDS,IDS_migration_old_podcast_Filtered,latin,english,11,0,kept_default,
d2ccc68903c0,&quot;One of the penalties for refusing to participate in politics is that you end up being governed by your inferiors.&quot; — Plato,IDS,IDS_migration_old_podcast_Filtered,latin,english,21,0,kept_default,
0cbd53461744,Whats more depressing is <br>Even hamro ekdam close one I cannot convince them,IDS,IDS_migration_old_podcast_Filtered,roman_nepali,nepali,13,0,substantive_keyword,pr
e75b127701df,"I feel sad and helpless. I don’t believe in god but god please save my country 😢, ma parye pani mero desh bachi rahosh  🫡",IDS,IDS_migration_old_podcast_Filtered,roman_nepali,nepali,24,2,substantive_keyword,desh
983c0d3b7559,Most effective plan is to leave country and settle down there. 😢,IDS,IDS_migration_old_podcast_Filtered,latin,english,11,1,kept_default,
0fa6d303f7c4,"Nepal ma bauko sampati cha vane matra basne ho ,, natra kta ho, bidesh gaihaal.",IDS,IDS_migration_old_podcast_Filtered,roman_nepali,nepali,14,0,substantive_keyword,bidesh
1f8c86d31a3f,सर नेपालमा भोक मरीमा लाग्न लाई सकेयो  यस्मा कोसैकोनी ध्यान गको छैन मनिसको एक महिनाको तलबले आफ्नो खर्च टर्दैन झन परिवार कसरी पाल्ने सामान को मुल्य बढेर आकास छुन लाई सकेयो सर यो बारेमा एउटा भिडियो बनाउनु परेयो plz.😥🙏🙏🙏🙏🙏🙏🙏🙏🙏🙏🙏🙏🙏,IDS,IDS_migration_old_podcast_Filtered,code_mixed,nepali_english,39,14,substantive_keyword,परिवार
cca20793d374,"They are not migrating, they are fleeing.",IDS,IDS_migration_old_podcast_Filtered,latin,english,7,0,kept_default,
a7c48a864865,nepal ma basnu wa bidesh bata farkera nepal  aaunu nai galti hooo. huge mistake,IDS,IDS_migration_old_podcast_Filtered,roman_nepali,nepali,14,0,substantive_keyword,bidesh
c05bf61e111d,Me watching from canada😎,IDS,IDS_migration_old_podcast_Filtered,latin,english,4,1,substantive_keyword,canada
5f23e3cae4de,"sir , please make a video on ongoing private school strikes.",IDS,IDS_migration_old_podcast_Filtered,latin,english,10,0,substantive_keyword,pr
0f6f8d366506,"It is very sad that nepali youngsters are leaving Nepal and Indian are taking nepali citizenship. If it keeps on going on very soon there will be no Nepal in world map😢😢😢😢 you can’t find any happiness in this world. Just find peace inside you. Everything is inside us, don’t just follow money, cars house. Try to find happiness. I realise this recently n finding peace inside me. If 10%of educated ppl r like balen sir, soon nepal will become Switzerland. So stay positive n think positive. Jai balen sir",IDS,IDS_migration_old_podcast_Filtered,latin,english,93,4,substantive_keyword,india
59d94d6d88a4,Yo editor dai chai rit ma padnu hunxa pune ma,IDS,IDS_migration_old_podcast_Filtered,roman_nepali,nepali,10,0,kept_default,
171c2c6a7276,Timi po content banayera safal vayeu ta ani kai na hune haru jane ta ho ni bihera,IDS,IDS_migration_old_podcast_Filtered,roman_nepali,nepali,17,0,substantive_keyword,jane
c5abfd36944d,class 1 ranker is leaving the country?<br><br>what the fuck I&#39;m doing here?<br><br>it&#39;s suck,IDS,IDS_migration_old_podcast_Filtered,latin,english,17,0,kept_default,
d59adc623108,Its a bitter reality of REPUBLIC Nepal! How far do we go with this reality?? very awful!,IDS,IDS_migration_old_podcast_Filtered,latin,english,17,0,kept_default,
2b93a89caae5,Daju  nepal ko ancient architect ko bare ma vidio banaununa please 😢<br><br><br>Khathmandau ko ghar haru ko technology haru ko khash gari,IDS,IDS_migration_old_podcast_Filtered,latin,english,21,1,substantive_keyword,ghar
aadbbc36d2da,TU ko ta yo halat xa. AFU jasto manxe lai patto nai na vako uni ma K hola.,IDS,IDS_migration_old_podcast_Filtered,roman_nepali,nepali,18,0,kept_default,
0cca70813bec,नेपाल लाई इंडिया बनाउन लागेको हो।,IDS,IDS_migration_old_podcast_Filtered,devanagari,nepali,6,0,kept_default,
e718e259902b,payra port bangladesh  le nepal lai deko barema ni bhujaunu na tes bata huney adv and dis \\\,IDS,IDS_migration_old_podcast_Filtered,roman_nepali,nepali,17,0,substantive_keyword,dv
d64daba878d7,नेपालीहरु विदेश गैरका छैनन् देश छोडिरका छन् । Exactly यस्तै भइरको छ ।,IDS,IDS_migration_old_podcast_Filtered,code_mixed,nepali_english,13,0,substantive_keyword,देश
6229d6bc41ea,"Everything has it’s time and cycle everyone is going aboard ok who have pr and green card they will remain in aboard and rest of others are mostly going as worker in gulf, malaysia, etc type country most of the country are facing economic issue now days and mostly after some years 50-100 years gulf will be out of oil and they aslo face some economic issue as vast now and our nepali brother will have to back in homeland and then the situation will be more wrost and everyone is not rich to affoard big country mostly today our country is stable in remittances and after some 50-100 years this will be became a disaster even many brother are facings low wages and job issues in gulf countries now days. How many of us will get chance to go usa Canada Australian some lakhs peoples only and mostly students didn’t send that much money like others which create more remittances. Already they took too much loans and stuff some years they will need to settle themselves and after they invest money in foreign for living there. We are so relabing in foreign one day that’s immigration will be stopped or low  and It’s will make a disasters. I am not saying not go to foreign am just saying our government create such a situation for us to go aboard and we also want make a good healthy and wealthy life but we are making a virus inself slowly which will surely create a huge economic revolution in future. If hope new leadears and youths will come in power take nation to another way so we can independence on toursim, electricity and local production.",IDS,IDS_migration_old_podcast_Filtered,latin,english,290,0,substantive_keyword,pr
bdad925c357f,30 million i guess ? Not 3 million 😅<br>1 million bhaneko 10 lakhs right?,IDS,IDS_migration_old_podcast_Filtered,latin,english,13,1,kept_default,
b175e3507dde,Sir Nepali bol nu garo vako sir lai,IDS,IDS_migration_old_podcast_Filtered,latin,english,8,0,kept_default,
8d4d7ecb0c77,Slowly the people of Nepal are leave country and the country will be empty😢😞,IDS,IDS_migration_old_podcast_Filtered,latin,english,14,2,kept_default,
fd1bc94f10fa,"If you cant change the country,chang The Country.<br>Age average ma 65+ huncha, 20 barsa padiyo yeta uti vayo gayo, (ma chai yehi bachelor gardai ch),  Padisakey pachi ne life set huney khalko job chai unless you are corrupted, lifestyle ekdam low cha, yei mehenat uta garda thikai lifestyle huncha vaney kasley desh desh vanera bascha, job ko lagi ali ramro ma chirna power chaincha ki Highly Deserving huna paryo. Change the country is for us, kati desh vanera basnu. Engineering sakesi gaiyincha bidesh baru.",IDS,IDS_migration_old_podcast_Filtered,roman_nepali,nepali,86,0,substantive_keyword,bidesh
32e6d5a904e5,Voice ta suneko thia..aba face pani dekhna paiyo..katainbatoma vetda kura garamla vai sanga..😎👍,IDS,IDS_migration_old_podcast_Filtered,roman_nepali,nepali,15,2,kept_default,
7c4c4fa4a5ee,its all beacaue of indian who are not giving first preference to nepalese... they are buying everything from india and don´t use nepalese product...i dont see indians in bhat bhateni...,IDS,IDS_migration_old_podcast_Filtered,latin,english,32,0,substantive_keyword,pr
a1a9b3ffd013,Thyakai vagi raheko xa chor daka lakhetna nasakne ani surakxya ma bachna chahane hami nai hau,IDS,IDS_migration_old_podcast_Filtered,roman_nepali,nepali,16,0,kept_default,
21c9f0538a5f,3 crore would equal to 30 million and thank you for the statistical data about other facts,IDS,IDS_migration_old_podcast_Filtered,latin,english,17,0,kept_default,
b2cbafffabbc,"The government must stop, specially students.",IDS,IDS_migration_old_podcast_Filtered,latin,english,6,0,substantive_keyword,student
64908029c43b,Tension banai deyo yrr kura sunera nai😢,IDS,IDS_migration_old_podcast_Filtered,roman_nepali,nepali,7,1,kept_default,
f43c36d4acaa,Jaba ma sano thi taba lagthyo afno desh chodera janchan ma mero desh lai maya grxu but jaba thulo vaiyo jaba responsibility aaiyo jaba future ayo ani nepal ma k hi hun skena ani aba bidesh jana man lagdai aayo 😢😢,IDS,IDS_migration_old_podcast_Filtered,roman_nepali,nepali,40,2,substantive_keyword,bidesh
68ae8b18e0b1,raja la janata marako thya neta haru la desh na khaideya worst bhayo Nepal Maobadi Congress Yamale ko raaj bata,IDS,IDS_migration_old_podcast_Filtered,roman_nepali,nepali,20,0,substantive_keyword,desh
064a3be8f052,"Nothing wrong with Nepali going Bahira .. Not even big deal.. <br>Nepal need enough capitalism, skilled resource, knowledge, good culture to compete with the rest of the world .. world of diasporas are common culture around the world, this is how generations perceives new world, it’s not us then upcoming generation.. we are already so much late behind first world countries .. but why would anyone think his stupid talks going to pay that cost … <br>Important issues supposed to be how to bring skilled manpower in Nepal, prosper business opportunities, beauty and culture of Nepal .. etc..",IDS,IDS_migration_old_podcast_Filtered,latin,english,94,0,substantive_keyword,pr
ae89c8cca147,"But, does this video content gonna work to specific person for change?    NEVER",IDS,IDS_migration_old_podcast_Filtered,latin,english,13,0,substantive_keyword,work
27e4fa87ac52,k vannu ra dai <br>ya neta vanda pani janta khattam ho,IDS,IDS_migration_old_podcast_Filtered,roman_nepali,nepali,11,0,substantive_keyword,neta
830f41ec5b0b,Nepal ma basne vaneko 3 jana matra ho.<br>1  Sargari job garera ghuss khana manche.<br>2 Poltical power misuse garera business garne manche.<br>3. Bau ko Tanna paisa vayera basi basi khana pugne manche.<br><br>Baki tapai hami nepali vaneko dhilo chado desh choderai jane ho. There is 0 opportunity and 101 challenged in nepal if you want to do anything good.,IDS,IDS_migration_old_podcast_Filtered,roman_nepali,nepali,61,0,substantive_keyword,basne
5838bf681f28,"Fun ak side tira xa rw geyan ak tira xa nepal ma yesto content banauna yt chanala 5/6 wota matrai <a href=""http://hola.love/"">hola.love</a> you bro from sankhawasava.keep it up✌️",IDS,IDS_migration_old_podcast_Filtered,roman_nepali,nepali,30,1,kept_default,
51fb43ebe012,Abo India ma pani estai cha halat,IDS,IDS_migration_old_podcast_Filtered,roman_nepali,nepali,7,0,substantive_keyword,india
cca8f90fbbed,Thanku for your hard work and kind of information <br><br>aru kai help garna naskeyni hajur ko channel ma ayako Ad full time watch gardinxu ❤️<br>thanks again,IDS,IDS_migration_old_podcast_Filtered,latin,english,26,1,substantive_keyword,work
af0d7fc8334a,We are youths have to speak out of podcast as well same kind of advocate,IDS,IDS_migration_old_podcast_Filtered,latin,english,15,0,substantive_keyword,dv
e6c6a3bf3083,Me who is watching from bides 😂,IDS,IDS_migration_old_podcast_Filtered,latin,english,6,1,kept_default,
949075c8b177,Wow! it&#39;s one of a sucessful achievement of Gaadtantra Nepal.,IDS,IDS_migration_old_podcast_Filtered,latin,english,11,0,kept_default,
5c16e96752d3,This is sad 😔😔😔😔.<br>Garne k ta ?,IDS,IDS_migration_old_podcast_Filtered,latin,english,6,4,kept_default,
685b2775a27c,"3 Million is not 3 crore, I don&#39;t know how you&#39;ll correct this lol.",IDS,IDS_migration_old_podcast_Filtered,latin,english,16,0,kept_default,
1f3657509c77,3 million = 30 lakh.<br>How 56 lakh are outside.<br>Podcast ho bhandai ma j ni bolidine,IDS,IDS_migration_old_podcast_Filtered,roman_nepali,nepali,16,0,kept_default,
5f9bf090b6ae,"Durbar hatyakanda research garum na bro haru , i can trust about your homework",IDS,IDS_migration_old_podcast_Filtered,latin,english,13,0,substantive_keyword,work
8b5683a585e6,NO JOB OPPORTUNITY !!!!!,IDS,IDS_migration_old_podcast_Filtered,latin,english,3,0,substantive_keyword,job
a981c9f79377,"Even if some decided to stay in Nepal after their studies,pursued career in Nepal are leaving as there is very less chances of growth as &quot;ramro manche haina hamro manche&quot; are chosen.",IDS,IDS_migration_old_podcast_Filtered,roman_nepali,nepali,33,0,kept_default,
ed37733f1aad,Manxe bides gaye ra xaena.desh xodi raxa hits hard😢,IDS,IDS_migration_old_podcast_Filtered,latin,english,10,1,substantive_keyword,gaye
e9ee3b02c373,It&#39;s 30 million.,IDS,IDS_migration_old_podcast_Filtered,latin,english,4,0,kept_default,
c800128dbc29,"Nepal has no future at all nepal is only for politicians, super rich ppl and gundas. Hardworking intelligent all are gone.  Nepal is hopeless",IDS,IDS_migration_old_podcast_Filtered,latin,english,24,0,substantive_keyword,future
632b4ce4b8f1,Nepal will get merged with india after 20 years <br>So better settle yourself in abroad for your better and secure life aaile dekhi nai <br> <br>Madwari ra bihari le varinxa yo desh <br>Janmat sangraha and then rest will be history,IDS,IDS_migration_old_podcast_Filtered,roman_nepali,nepali,39,0,substantive_keyword,abroad
8cf0c12c7367,Sad reality,IDS,IDS_migration_old_podcast_Filtered,latin,english,2,0,kept_default,
820fec2dc58e,"<a href=""https://www.youtube.com/watch?v=_t2MyMVqddw&amp;t=85"">1:25</a> what was that",IDS,IDS_migration_old_podcast_Filtered,latin,english,5,0,kept_default,
69d3bde3850a,ma ta janchu mauka paye. Nepal ko gusiya prabridi le garda sab bigrisakyo,IDS,IDS_migration_old_podcast_Filtered,latin,english,13,0,substantive_keyword,pr
75033ee2f56d,Ajhai pani chor haru lai vot dini rw Nepali haru le...,IDS,IDS_migration_old_podcast_Filtered,roman_nepali,nepali,11,0,kept_default,
a6ab55f7dcd4,10% intellectual hoina pariwarik ramro batabarn vako haru chai vannu milxa,IDS,IDS_migration_old_podcast_Filtered,roman_nepali,nepali,11,0,kept_default,
d730d530ad7b,dai SAT ma 1400 kasari katauney euta video banaidina paryo,IDS,IDS_migration_old_podcast_Filtered,roman_nepali,nepali,10,0,kept_default,
c992166bde6d,"Nepal,<br>K garnu maya lagxha afno desh ko sav lai, tara maya le jindagi na chal la<br>Desh le maya garne vaye ta sayad basthe hola manxe<br>Tara teo maya ni na payesi <br>Janxhan sabai baira,<br>Koi ramro bhawishya ko khoji ma ta koi naya desh ko khoji ma.",IDS,IDS_migration_old_podcast_Filtered,roman_nepali,nepali,49,0,substantive_keyword,desh
215ad8d65b14,राम्रो संग नेपाली पनि बोल्न आउँदैन धेरै मान्छेलाई मान्छेहरू गैराछ भन्छ । यसरी मान्छेहरू किन बोल्छन् होला ?,IDS,IDS_migration_old_podcast_Filtered,devanagari,nepali,17,0,kept_default,
081a2123f084,3 crore bhanya 3 million hoina ni,IDS,IDS_migration_old_podcast_Filtered,roman_nepali,nepali,7,0,kept_default,
247cb8f15bdd,Big problem is that government is not stable!,IDS,IDS_migration_old_podcast_Filtered,latin,english,8,0,substantive_keyword,pr
9674ab844ea4,It&#39;s hard to believe our insane life how worst is going on,IDS,IDS_migration_old_podcast_Filtered,latin,english,13,0,kept_default,
e952e9075e7c,Drastic voice change.,IDS,IDS_migration_old_podcast_Filtered,latin,english,3,0,kept_default,
1ce35715ee4e,This kind of increasing foreign imigration and high inflation in Nepal is causing negative  psychological changes in all youths mind..It is emptying all menpower who are very necessary for strong and rapid development of Nepal..,IDS,IDS_migration_old_podcast_Filtered,latin,english,36,0,substantive_keyword,foreign
ec8d783c3a3e,First of all mero point of view lack  of quality education and the bad politicians is the major problem in our country maximum citizen haru uneducated haru bahira xan scam nai scam controversy nai controversy yei xa nepal ma ahele desh ma jobs paudaina only qualified people haru le job pauxa then unqualified peoples chahi k job nai nagari basne???,IDS,IDS_migration_old_podcast_Filtered,roman_nepali,nepali,60,0,substantive_keyword,pr
3499d53ef56f,Desh ko halat harera yo desh ko boj feel vo yll ma ni hindinxu bidesh,IDS,IDS_migration_old_podcast_Filtered,roman_nepali,nepali,15,0,substantive_keyword,bidesh
65f3ada6ce2e,हामी विदेशीहरू नेपाल फर्केसी नेपाल धनी हुन्छ। हाहा😂,IDS,IDS_migration_old_podcast_Filtered,devanagari,nepali,8,1,substantive_keyword,देश
1d508dd9e80c,त्यो बोल्दा बीच बिचमा अंग्रेजी किन हाल्नुपर्ने के यो नेफोलीहरुलाई I कि पुरै अंग्रेजीमै बोल कि नेपालीमा बोल।  १-२ सब्द अंग्रेजी पर्नु भनेको ठिकै तर के नाटक हो न अंग्रेजी न नेपाली मु *,IDS,IDS_migration_old_podcast_Filtered,code_mixed,nepali_english,34,0,kept_default,
cf76a3d7e5ff,"Sushant bro le vane jasto Australia ma Nepali haru 2 Jobs, din ko 15-16 hours kaam garxa ghar aauxa sutxa ani bholi pheri same routine plus college pani cha. Kasari manage gari raheko hola hai.<br>Yes Nepali haru hard work, mehenat garna sakxa. Nepal mai kehi opportunity, tyo kaam, mehenat garne thau ra situation vayeko vaye kati ramro hunthiyo. Tyo sabai Nepal kai lagi garna sakthiyo. Most of them would stay in Nepal.",IDS,IDS_migration_old_podcast_Filtered,roman_nepali,nepali,74,0,substantive_keyword,kaam
261c166da6af,Big faan man ❤😢,IDS,IDS_migration_old_podcast_Filtered,latin,english,3,2,kept_default,
6e9e9abcc032,ing   englissssh,IDS,IDS_migration_old_podcast_Filtered,latin,english,2,0,kept_default,
e7765415d33e,We need guys like u to lead the Nepal who r most aware of condition n who can really help to solve the issue. So better b in the field as well.🙏🙏🙏,IDS,IDS_migration_old_podcast_Filtered,latin,english,32,3,kept_default,
c19c15c6c3c9,Loved your research and dedication on such topics.,IDS,IDS_migration_old_podcast_Filtered,latin,english,8,0,kept_default,
078bc4c570c5,We&#39;re needed more like this types of content,IDS,IDS_migration_old_podcast_Filtered,latin,english,9,0,kept_default,
5bd808fd92de,Podcast wala video arko channel ma ani paila ko jasto video yo channel ma halnu na<br>Duitai merge garda ali thik laagena,IDS,IDS_migration_old_podcast_Filtered,roman_nepali,nepali,22,0,kept_default,
749aa3a0bba7,tribhuwan airport nachunera thulo galti garexu,IDS,IDS_migration_old_podcast_Filtered,latin,english,6,0,kept_default,
7e516f5beffd,Finally Nepal ma Indian conolization hune hola😢 Nepalese are migrating and flexibility in handing over Nepalese citizenship is prevailing in Terai 😢😢😢,IDS,IDS_migration_old_podcast_Filtered,roman_nepali,nepali,21,4,substantive_keyword,pr
2c9407d32c7c,Yo tapai ko ho jasto lagyo malai,IDS,IDS_migration_old_podcast_Filtered,roman_nepali,nepali,7,0,kept_default,
960e33ee99df,Repost garyako maile podcast mai harisakaya  😊,IDS,IDS_migration_old_podcast_Filtered,latin,english,6,1,kept_default,
9fa6c7c24436,Curretly I am studing BBS 3rd year and out of 40 students in 1st year now there are only 10 students are left in the class .<br>Private college ma ramro hola bhani padha ko depressed po feel hunxa.<br>And baki students pani abroad jana try gari raxa even in arab countries .🥲,IDS,IDS_migration_old_podcast_Filtered,roman_nepali,nepali,51,1,substantive_keyword,abroad
5a2f39443406,It is the dark Truth of Nepal &amp; bad thing is nobody want to change it 😢,IDS,IDS_migration_old_podcast_Filtered,latin,english,15,1,kept_default,
0f822c92bd71,Solution discuss garam baru problem sab lai tha cha.,IDS,IDS_migration_old_podcast_Filtered,roman_nepali,nepali,9,0,substantive_keyword,pr
6fbf71b844a3,"People like you should support youngstar like Balen, Sagar Dhakal, Harka,Rabi  like people so that by 2084 we can at least get some good leader who can think for people and Nations and the real problem of Nepal .<br>Enough is Enough K.. we are tired of Prachande ,Oli and Deuba K.. pls it&#39;s time for change .at least for our future and future generation.. <br>We should love our country K.. no matter what.. when I see our neighbour country growing so fast ..I feel sad yr... Why we are at the bottom..why K why?? <br>Anyways I Love Nepal 🇳🇵",IDS,IDS_migration_old_podcast_Filtered,latin,english,101,2,substantive_keyword,pr
b8f985d91653,Ma ne jadai xu aba !! Desh mae ke garam bhanera lage the sakena garna garnai diyena desh ko nikaye le umer dhalkinu agadi bidesh nai last option,IDS,IDS_migration_old_podcast_Filtered,roman_nepali,nepali,27,0,substantive_keyword,bidesh
d076ed5b335d,Heart touching :Nepal basna ta  born with golden spoon hunu parxa❤❤❤😢😢,IDS,IDS_migration_old_podcast_Filtered,latin,english,11,5,kept_default,
b14b35b802fc,"Yo Nepal ko neta haru lai tik parnu parcha, aba tiyo din aaucha jaba Nepal ma Nepali haru hoina foreigner haru baschan ra yahi foreigner haru le Nepal lai rule garchan, yo neta haru lai paisa matrai cahiyeko cha, yasto neta haru lai PUNCH hanera khola ma falidenu parcha",IDS,IDS_migration_old_podcast_Filtered,roman_nepali,nepali,49,0,substantive_keyword,foreign
18cbeeb30b39,You are right😢😢😢😢😢😢😢😢😢,IDS,IDS_migration_old_podcast_Filtered,latin,english,3,9,kept_default,
d174051b044f,Deep problem of nepal💔,IDS,IDS_migration_old_podcast_Filtered,latin,english,4,1,substantive_keyword,pr
89fac4118bcc,Guff gara vosadi haru<br>Chilli chaplo luga jutta lagau khau gadi kudai guff gara<br>Jholepanti banda garnu parca varera kunai YouTube channel le vanna nasakekai ho ta?<br>Gaad caina vane gu khao guu kati sunnu tmaruko guff yar,IDS,IDS_migration_old_podcast_Filtered,roman_nepali,nepali,38,0,substantive_keyword,uk
357c56929ad7,"3 crore = 30 million<br>Please unsubscribe this channel, neta vanda besi stunt hanca yar",IDS,IDS_migration_old_podcast_Filtered,latin,english,14,0,substantive_keyword,neta
a70f4f3286c5,Don&#39;t worry government is trying hard to fulfill the vacum by the Biharis.,IDS,IDS_migration_old_podcast_Filtered,latin,english,14,0,substantive_keyword,government
c8643c65e07a,kina basnu raja nepal ma ........parttime jobs ni xaina .. loan liyera college padnuparxa ani tyo loan tirna nasakera bidesh januparxa.. students loan ni xaina ......so ma janxu,IDS,IDS_migration_old_podcast_Filtered,roman_nepali,nepali,27,0,substantive_keyword,bidesh
1b6414e4fb26,We start business 15 years ago.paila sabai ramro thiyo bank bata kam byaj ma loan painthyo byapar hunthyo but aile byaj mahango rent mahango byapar  paile jasto xain..mahango byaj ma invest gareko paisa mahango ghar rent le garda lagani uthna pani garo x.aile 15 year business garera 35 ko age ma ma katai bides Jane sochdai xu passport pani banai sake ajhai jane ki nepal nai basne fix xain ab herum k hunx???,IDS,IDS_migration_old_podcast_Filtered,roman_nepali,nepali,76,0,substantive_keyword,basne
3083e7d5b5f1,"I hate being Nepali<br>Jastara gorkha,gorkha garay<br>K lado garo tyo gorkha la,<br>British la rule gara ko vaya Developed hunthyo nepal<br><br>........<br><b>****🍌 K payes Nepali 🍌kara***</b>",IDS,IDS_migration_old_podcast_Filtered,roman_nepali,nepali,27,2,kept_default,
6ceb9a1e92a6,"British should ruled Nepal, For development.",IDS,IDS_migration_old_podcast_Filtered,latin,english,6,0,kept_default,
abe3f2f94515,फेरि loadsheeding हुन थालेको छ  ... के कारणले फेरि loadsheeding हुँदै छ ???? कुल्मान जि हुनु हुन्छ त्यै पनि loadsheeding,IDS,IDS_migration_old_podcast_Filtered,code_mixed,nepali_english,18,0,kept_default,
c0d89ffbdeca,Probably too late to fix it but 3 crore is 30 million.,IDS,IDS_migration_old_podcast_Filtered,latin,english,12,0,substantive_keyword,pr
a20ee4ab23b7,There is totally lack of visionary leadership in our country. That&#39;s what makes the country worst.,IDS,IDS_migration_old_podcast_Filtered,latin,english,17,0,kept_default,
402c4c5f0799,"Afno desh ma basna nachahane kasko ichya hunxa ra, badhyatale ho hajur. At this point, maele kam ma gareko dukha sayad bahira gayera gare vane Mero ra Mero family ko future ramro hunexa. I too am planning for future in abroad for better education, better income and quality of life. Dukha lagxa but yahi satya ho",IDS,IDS_migration_old_podcast_Filtered,roman_nepali,nepali,56,0,substantive_keyword,abroad
04490fcd0c95,Gari khana dinnan yll 😢😢😢😢nepalma😢😢😢,IDS,IDS_migration_old_podcast_Filtered,latin,english,5,7,substantive_keyword,gari khana
bb5b88d04ad2,Yo nepal matra hoina sopoi garab desh ko katha ho even European country jastai Romania Poland Bulgaria Bangladesh Sri Lanka Pakistani 😅,IDS,IDS_migration_old_podcast_Filtered,roman_nepali,nepali,21,1,substantive_keyword,poland
3e3231445ef3,Situation is worst jaha gaye pani,IDS,IDS_migration_old_podcast_Filtered,roman_nepali,nepali,6,0,substantive_keyword,gaye
cc39c77b14fd,We were having a lot of discussion on this topic as well. After 10-15 years the situation is going to be miserable! Litreally everyone is going abroad!,IDS,IDS_migration_old_podcast_Filtered,latin,english,28,0,substantive_keyword,abroad
020c36cb6eb0,"<a href=""https://www.youtube.com/watch?v=_t2MyMVqddw&amp;t=1"">0:01</a> 3M vaneko 3 crore ho? 🤔🤔😂😂",IDS,IDS_migration_old_podcast_Filtered,roman_nepali,nepali,7,4,kept_default,
8f76aeaf6cab,"Yes <a href=""https://www.youtube.com/watch?v=_t2MyMVqddw&amp;t=163"">2:43</a> You said it Nepalese people are leaving country they are not going abroad. Only few return and start doing business in Nepal. In my opinion it is some grand design to make Nepalese Youth to go abroad and distributing Nepali citizen to neighbors. After main Nepalese citizen will be in minority and Constituent Assembly will be also be controlled by friendly neighbor and then Our Nepal will be developed like Singapore, Bihar and then those Nepalese citizens who have gone abroad will not be allowed to come to Nepal and they will be treated like Bhutanese Refugees and after then Mr. Nepal and Mrs. Nepali will realize that the main reason Nepal was not developed was due to Nepalese poor mindset. Jai Nepal",IDS,IDS_migration_old_podcast_Filtered,latin,english,126,0,substantive_keyword,abroad
fff2097f28cf,Taliwan jastai satta kabja hunxa Nepal ma kehi time ma,IDS,IDS_migration_old_podcast_Filtered,latin,english,10,0,kept_default,
8d02bd54d81c,5 years loss because of TU (my golden years but still couldn&#39;t do anything),IDS,IDS_migration_old_podcast_Filtered,latin,english,15,0,kept_default,
9af81f72e759,Ki Nepali nai bolau ki Englis purai bolau bich bich ma English naghusau  afnai bhasa ko nassh ho,IDS,IDS_migration_old_podcast_Filtered,roman_nepali,nepali,18,0,substantive_keyword,usa
a77d9686db23,Love you in depth story <br>You are handsome even inteligent❤❤❤❤❤❤❤,IDS,IDS_migration_old_podcast_Filtered,latin,english,10,7,kept_default,
ed1719e8b7d9,"The problem here is people who want to work hard do not get better result and there are people who want to leave the chaos. Either way people are leaving. And the sad news is that most are youths who are needed for any country to run its economy, and other important functions efficiently and smoothly. This is very clear that getting rid of youths is the only way to win every elections for politicians.",IDS,IDS_migration_old_podcast_Filtered,latin,english,75,0,substantive_keyword,pr
7b6ca7a8f03f,"The problem of Nepal is also the potential of Nepal. You only need to see that what is missing in Nepal right now, is exactly what can bring growth to the country! The nepal government should encourage investment in Nepal from Nepali citizens that went abroad, not make it difficult for them to come back",IDS,IDS_migration_old_podcast_Filtered,latin,english,55,0,substantive_keyword,abroad
a9be6c23453e,I also feel that I should have choosen Tribhuvan Airport instead of Tribhuvan University😢,IDS,IDS_migration_old_podcast_Filtered,latin,english,14,1,kept_default,
0e3345272dc1,Hunekhane Lai k sunae rakheko saath Pradhan sarkar Lai .......yestoh feeling middle class le matra bujne xa hunekhane bujne xaina,IDS,IDS_migration_old_podcast_Filtered,roman_nepali,nepali,20,0,substantive_keyword,pr
71e76db82388,option k xa k nepal mah ?<br>supposed ma nepal mah xu rey ?<br>ma k garam aaba ?<br>i want a environment where i can study and work in same time <br>part-time work available huna paro. If mero class 9-12 hunxa bhaney 12 bajey paxi i should have lots of option to involve in works. If 9-5 clz hunxa bhaney should be only for 2 days or 3 days and i should have option of works where i can work only 4 days in weeks.,IDS,IDS_migration_old_podcast_Filtered,roman_nepali,nepali,86,0,substantive_keyword,work
a04cc424dd27,Ilam ma ta population badhya jasto lagxa malai ki sab manxey headquarters tira ayera yesto lagya malai.....,IDS,IDS_migration_old_podcast_Filtered,roman_nepali,nepali,17,0,kept_default,
f4d0c26ff93f,"Jay hoss party ko jhole haru lai,<br>Desh ko halat yesto banayeko ma.",IDS,IDS_migration_old_podcast_Filtered,latin,english,13,0,substantive_keyword,desh
6c8ca4211192,Baideshik rojgari garo xa,IDS,IDS_migration_old_podcast_Filtered,roman_nepali,nepali,4,0,substantive_keyword,desh
bf4fe01ea35c,3million or 30 million 😒😒,IDS,IDS_migration_old_podcast_Filtered,latin,english,4,2,kept_default,
e37d5fe8ffaf,Face reveal?,IDS,IDS_migration_old_podcast_Filtered,latin,english,2,0,kept_default,
ffed696f596e,One day there will be no Nepali  in Nepal😢😢😢😢😢,IDS,IDS_migration_old_podcast_Filtered,latin,english,9,5,kept_default,
4fb74007bd2e,main reason           gayako realtives raw social media influncers haru lay proudly nepal ma scope xaina janai parxaw bahiraw vanara ho      social media raw abroad ma huni haru lay youth ko brain wash gari rako xan       teenage ma hamlai kasai lay thulo vayara k garni vanda doctor pilot engineer vanythim     aahile ko teenage lai k padhni tha xaina   k garni vanda   abroad jani 😊,IDS,IDS_migration_old_podcast_Filtered,roman_nepali,nepali,62,1,substantive_keyword,abroad
ae72dc917fcf,How many people who goes abroad for study comes back? Is there any data about this?,IDS,IDS_migration_old_podcast_Filtered,latin,english,16,0,substantive_keyword,abroad
75b8b9859c95,"And now many skilled people are leaving the country. Not because of unemployment, but they are looking for a better life style and salary. For instance, Nepal ma Engineering sakera you just get paid around 10k - 18k. Even after a year or two years of experience you don’t get paid more than 30k - 45k. But tei kaam for instance Australia ma garda you get paid really well. So it’s a no brainer to leave the country. And this is a serious issue for Nepal.",IDS,IDS_migration_old_podcast_Filtered,latin,english,86,0,substantive_keyword,unemploy
1a59d72ab954,Nepalese education system is a joke prove me wrong,IDS,IDS_migration_old_podcast_Filtered,latin,english,9,0,substantive_keyword,pr
42f2196da82a,Yetro big scale maa conspire garna sakne chyamata ta chaina hau hamro nepal sarkar ko. That conspiracy is the funniest shit i ever heard. 😂😂,IDS,IDS_migration_old_podcast_Filtered,roman_nepali,nepali,24,2,substantive_keyword,sarkar
48df6bb3b130,Bidesbata herdai chu ma fry 😂,IDS,IDS_migration_old_podcast_Filtered,latin,english,5,1,substantive_keyword,bidesbata
43600a3462fe,"<a href=""https://www.youtube.com/watch?v=_t2MyMVqddw&amp;t=359"">5:59</a> that one is 200% true fact😢",IDS,IDS_migration_old_podcast_Filtered,latin,english,8,1,kept_default,
bcb96ead43d9,I can’t control my eyes 🥹🥹,IDS,IDS_migration_old_podcast_Filtered,latin,english,6,2,kept_default,
4ec7490ba672,Kheti pati garum Kham j xa garum vnny soch ko mnxy xaina Nepal mah😢.. swang vwang ley nai ho yo vako jasto lagxa..,IDS,IDS_migration_old_podcast_Filtered,roman_nepali,nepali,23,1,kept_default,
ffc6343ba5dc,Bidesma dherai jastoo veda haru vety😢.. moh tyo jaat ta tyoo haat uff hami aafai testai xa k doos dinu arulqi,IDS,IDS_migration_old_podcast_Filtered,roman_nepali,nepali,21,1,kept_default,
6a01d888f844,"म पनि देश छोडेको, गएको हैन, वातावरण बनाउनु पर्यो, कोसिस गरियो तर सकिएन।",IDS,IDS_migration_old_podcast_Filtered,devanagari,nepali,13,0,substantive_keyword,देश
28fcfe1bbb22,Chaldai jane ani haiti banne aru upaya chaina. Thats the last report card of nepal.,IDS,IDS_migration_old_podcast_Filtered,roman_nepali,nepali,15,0,substantive_keyword,jane
b62937c7e371,"Truth..ma college tropper vyera ta lebour kam garnu parekothiyo because no political power .. without political power you can&#39;t do nothing so Kohi Pani kamauna hoina future xaina nepalma tehi vyera  Des xodera  aru desma settle huna aaerako ho...so ma Hal Portugal ma xu kehi barsama aafno buo Mami budi and xori haru sabai lerayera yetai settle hunxu because correpation, everything expensive like  food health education ,no oprtunity ,",IDS,IDS_migration_old_podcast_Filtered,roman_nepali,nepali,70,0,substantive_keyword,pr
25f424872bea,"The  economy will continue to run it wont be diversed as of now  but i think tourism sector will also boom as the working abroad increases the spending power of our people will increase. The people who went developed countries might settle there but they will return to visit Nepal with much more spending power also they will act as a branding source in developed countries so tourism will likely to be boosted,the working class in arabas will return they most of them invest those money in hotel sector farming.<br>Think positive nowadays so much negativity in social media",IDS,IDS_migration_old_podcast_Filtered,latin,english,100,0,substantive_keyword,abroad
449c2c1f3767,"Dukha payam mangaley, afnai dhangaley!! Jai Gadatantra",IDS,IDS_migration_old_podcast_Filtered,latin,english,7,0,substantive_keyword,uk
8eb85da0b771,I want to go home but I can&#39;t 😢,IDS,IDS_migration_old_podcast_Filtered,latin,english,9,1,kept_default,
7c99e327119e,Our political situation is more focused on history rather thẹn future hami lay democracy lya ko hami lay yo gare ko matra vanxaa,IDS,IDS_migration_old_podcast_Filtered,roman_nepali,nepali,23,0,substantive_keyword,future
b9b744e11c42,"International funding helped maoist overthrow the king, so they made Nepal a puppet and now fill the gap of their decreasing youth population through different country in the name of free trade and democracy and they keep growing and we  lack behind.",IDS,IDS_migration_old_podcast_Filtered,latin,english,42,0,kept_default,
cefff1465003,"3 million bhaneko 3 crore how <a href=""UCkszU2WH9gy1mb0dV-11UJg/Z8MfY8mzLbnovwK5roC4Bg""></a>",IDS,IDS_migration_old_podcast_Filtered,latin,english,6,0,kept_default,
9f9d7d6c55c2,I hate my birth in nepal    nepal is hell in the world,IDS,IDS_migration_old_podcast_Filtered,latin,english,12,0,kept_default,
68957c453b8d,u guys need a cloud lifter input gain clipping vai ra cha jasto cha mic ko,IDS,IDS_migration_old_podcast_Filtered,roman_nepali,nepali,16,0,kept_default,
276df31d5356,You are doing a good job bro❤❤❤,IDS,IDS_migration_old_podcast_Filtered,latin,english,7,3,substantive_keyword,job
5d7374f0c3e0,Great going bro keep growing i have seen your journey from few hundred subscribers to this Great do ur research well and keep creating Kudos to all your team,IDS,IDS_migration_old_podcast_Filtered,latin,english,29,0,kept_default,
84e8bb32cc2b,Such a good content  but bro either go with nepali or English language while ur talking   really. It sucks  ur making topic of nepal n here ur keep using   broken English.  I love n respect ur work but that English was like salt with Tea.,IDS,IDS_migration_old_podcast_Filtered,latin,english,45,0,substantive_keyword,work
e63f03580cfc,"What do we export? There&#39;s a very few list for it.<br>what do we import? Almost everything....<br>For our country&#39;s economy to get running it must export something huge to compensate the gap between export and import, and that&#39;s exporting human resource. Otherwise there is no way to run our country.<br>(I am not an expert in terms of economy, but this is what I think.)",IDS,IDS_migration_old_podcast_Filtered,latin,english,69,0,kept_default,
d9b1ca8f5b08,"solti ko himmat lai mane, raja ko dynasty sakaune tauke haru lai aula dekhaunu, sabai lai tha vakai kura third world country ko government first world ka direct working mafia huna, no matter which third world country",IDS,IDS_migration_old_podcast_Filtered,roman_nepali,nepali,37,0,substantive_keyword,uk
b45ace0ccfb2,Arko better truth : More than 90 % of fresh graduate doctors are either leaving the country or planning to leave the country and nobody …. cares. This is Nepal and it remains until this political heads.,IDS,IDS_migration_old_podcast_Filtered,latin,english,34,0,kept_default,
6f86730fcf47,"Even if you&#39;re employed and earning the top 1%, you will never save enough from just your salary to ever own a house in Kathmandu. This is sad. <br>Unless you&#39;re already from a privileged well-off family with lots of properties, or a corrupt government official, or someone lucky enough to build a business, there&#39;s no hope for the working class here. <br>I love Kathmandu&#39;s food and weather and people. But I have moved to the States because I can actually build a life there.",IDS,IDS_migration_old_podcast_Filtered,latin,english,89,0,substantive_keyword,pr
7d12ec5c0ecd,Yo dui teen sal dekhi youth haru bidesh Jane wave chali ra xa friends circle nai sanu hundai goi ra xa ani yo pani sahi ho ki 6 to 10 years ma nepal old age nation hunxa,IDS,IDS_migration_old_podcast_Filtered,roman_nepali,nepali,37,0,substantive_keyword,bidesh
74ff2d2e2181,"Yestai chalirayo bhane aaba ko 20 years ma Nepal ma nepali nai minority hunxan kina ki different policy le Indian le nepali citizenship pairako xan paxi tini haur election ma uthxan, Indian majority bhaeay paxi tinihaur le nai jitxan parliament tinihaur ko Matlab government of Nepal India ko control ma hunxa. Sundo Hawa lagxa hamlai Tara depth ma gayeu bhane nepal ko future tehi ho. Political instability rw jhan economic instability ko lagi caste , religious  rw ethnic group  bicha ma civil war Pani hune chance high xa kina ki society ma lower background bhaeayka citizen Lai brainwash gardai aandolan ko lagi badawa diraheko xa. Ani-sanatan religion( Hindu, Buddhism rw kirati) ko Sath sathai monlogian structure bhaeayka daju Bhai haur Lai Pani brainwash garidaixa rw yesko lagi  heavenly funding hudaixa. No hates to all Tara reality yehi ho. Hami sabai Jana milera basenau rw yo strategies bare aware bhaeaynau bhane future dar lagdo xa.<br><br><br>[ Nepal different caste, religionand ethnic groups ko Sundar fulbari ho] <br><br>Mah Bahun Mero Socha Bahun, chettri, janjati, dalit aadi Hami sabai daju Bhai ho hamilai uslaieayla ekaarka ko birudha ma lagna chojieayla Tara Hami sabbai milera basnu parxa rw ekaarka Lai Sathi dinu parxa.",IDS,IDS_migration_old_podcast_Filtered,roman_nepali,nepali,198,0,substantive_keyword,future
cd7e1e14fa9a,"I came to the Uk in 2020, at that time I wanted to come back Nepal after study in 3 years but time sangai now I don’t have answer “Nepal gyer k garne ?”.. at least Yata Basera m, I am fulfilling needs of my family…Paisa Kamayer Nepal janxu business grxu vanne ho vane pni thaha nai xa Nepal ko halat politics power bina",IDS,IDS_migration_old_podcast_Filtered,roman_nepali,nepali,65,0,substantive_keyword,family
5d161a4adfec,दाई डर लाग्छ ।,IDS,IDS_migration_old_podcast_Filtered,devanagari,nepali,4,0,kept_default,
52e30e918d37,Have a flight to canada after 10 days😔,IDS,IDS_migration_old_podcast_Filtered,latin,english,8,1,substantive_keyword,canada
8e1ef451f722,Consequences! :) We are destined to be doomed.,IDS,IDS_migration_old_podcast_Filtered,latin,english,7,0,kept_default,
eb7bb2b3bfd3,total population of nepal is 30 million not a 3 million .😂 dont give wrong information 😂😂,IDS,IDS_migration_old_podcast_Filtered,latin,english,15,3,kept_default,
9cffbab5b960,"Nepali haru bidesh gairaxaina,desh xodiraxa. This was deep",IDS,IDS_migration_old_podcast_Filtered,latin,english,9,0,substantive_keyword,bidesh
431586907b6e,+2 pachi visa layena vane ta depression ma gaynxaa😢,IDS,IDS_migration_old_podcast_Filtered,latin,english,9,1,substantive_keyword,pr
fc887d8b8944,Hapta ma   1 video halne garnu tw kati late haleko,IDS,IDS_migration_old_podcast_Filtered,roman_nepali,nepali,10,0,kept_default,
558c3251863a,Nepali lai bahira pathau indian lai bhitryau niti xa nepalko,IDS,IDS_migration_old_podcast_Filtered,roman_nepali,nepali,10,0,substantive_keyword,india
4e0e3da5f185,यो देश कहिलै बन्दैन 😭😭 यो देश लिज मा दिय हुन्छं अब 😭😭😭,IDS,IDS_migration_old_podcast_Filtered,devanagari,nepali,11,5,substantive_keyword,देश
0190dbc237bd,3 crore ko 30 million hunxa <br>3 million hoina 😀,IDS,IDS_migration_old_podcast_Filtered,roman_nepali,nepali,9,1,kept_default,
26bb07598888,As a TU student you are right bro  even i want to go abroad because i made mistake  by choosing tribhuvan university instead tribhuvan airports,IDS,IDS_migration_old_podcast_Filtered,latin,english,25,0,substantive_keyword,abroad
b28873c863d8,"Yes, this is an serious issue. Our youth they are dreaming to go abroad and settle their government should do something to deal with this issue ASAP!!",IDS,IDS_migration_old_podcast_Filtered,latin,english,27,0,substantive_keyword,abroad
3a215f133765,Bitter reality 😢😢😢,IDS,IDS_migration_old_podcast_Filtered,latin,english,2,3,kept_default,
b7ab734ec18e,"At the moment I live and work here in Nepal, sad part is people trying to provide awareness here are so pitiful and cant provide proper information like population numbers.",IDS,IDS_migration_old_podcast_Filtered,latin,english,30,0,substantive_keyword,pr
0482aea9c39c,I&#39;m thankful to have this type of channels in nepal❤,IDS,IDS_migration_old_podcast_Filtered,latin,english,11,1,kept_default,
c152fd483914,__Bitter truth 😢😢😢,IDS,IDS_migration_old_podcast_Filtered,latin,english,2,3,kept_default,
e8175d57d1c7,Harek friday 8pm ma post hunxa vanne suneko the 🙄🙄🙄🙄,IDS,IDS_migration_old_podcast_Filtered,latin,english,9,4,kept_default,
ab7bb782cef8,"<a href=""https://www.youtube.com/watch?v=_t2MyMVqddw&amp;t=164"">2:44</a> 😲😲",IDS,IDS_migration_old_podcast_Filtered,other,other,2,2,kept_default,
b3c4b1c2ba88,👇like if you are planning to go abroad for study in future,IDS,IDS_migration_old_podcast_Filtered,latin,english,12,1,substantive_keyword,abroad
b456140383af,mean while nepali politicians still craving for corruption,IDS,IDS_migration_old_podcast_Filtered,latin,english,8,0,substantive_keyword,corruption
b14025943dc8,"Bro, you’re doing great job by making informative videos. Keep it up.",IDS,IDS_migration_old_podcast_Filtered,latin,english,13,0,substantive_keyword,job
6c425f36e23a,This really hearts 😢😢😢😢,IDS,IDS_migration_old_podcast_Filtered,latin,english,3,4,kept_default,
a5f772319663,bachelor padna nepal basyakaa70-85% regret bhaeraakaxan nepal basyara,IDS,IDS_migration_old_podcast_Filtered,latin,english,9,0,kept_default,
ab7fd8dfc1e2,NOT 3 million it&#39;s 30 million population,IDS,IDS_migration_old_podcast_Filtered,latin,english,8,0,kept_default,
eb7109fd0ea9,खुब देशको चिन्ता भए जस्तो क्या।।नेपाली सेना विवादमा चुइँक्क बोल्यौ र?????,IDS,IDS_migration_old_podcast_Filtered,devanagari,nepali,11,0,substantive_keyword,देश
4f6d186916b3,don&#39;t put flash as transition. thats not a good videography if you want to think from viewers perspectives. It really distracts.,IDS,IDS_migration_old_podcast_Filtered,latin,english,22,0,kept_default,
8cfb4ab7ce7e,"This really hits close to home. Aile ko bela ta if a student jolle mehenat garera ramro sanga padhna sakxa  has only so few options if he/she wants to secure their future. Kita Kathmandu ayera interest na bhayeni MBBS/engineering/CA jasta course whose scope is slowly drying in the country liyera padha kita Bidesh nai jau. Aru course haru liyeni gambling jasto situation huna aunxa (Ramro job payela kinai, ramro k bhanne job nai payela ki nai bhanera) . At least bidesh ma gayera bhada Majera bhayeni money source hunxa ra ramro garna sake afno future gen ko life ta secure hunxani. These are the thoughts that every student has in their mind.",IDS,IDS_migration_old_podcast_Filtered,roman_nepali,nepali,114,0,substantive_keyword,bidesh
e733ab3305cf,I am in UAE right now doing my internship . Yeta aya pachi desh ko halat dhekhera auna maan lagako chaina. Ayera k garna politics ra economy dekhera hope nai audaina k garna vhanera . Din dinai corruption crime,IDS,IDS_migration_old_podcast_Filtered,roman_nepali,nepali,37,0,substantive_keyword,uae
9ddd899bf0bb,Ma bidesh najane vanera Nepal baseko. Startup pani cha thikai chalirako cha ra morning ma  class padhune  garya chu. Kamai naramro chaina. Tara aba chai yaha pugyo jasto lagna thaleko  cha. Main<br> Reasons chai security needs and government facilities. Uta Jane bittikai yaha ko jasto ta hune haina tara jane decision banaudai chu. Euta arko reason yaha vane jasto sathi chai chainan kohi US kohi Canada testai chan. Malai pull factor le vanda pani push factor le badhi effect gariraa kocha decision lina ko lagi. Ajhai pani government le ramro policy banaye jadina vaniraa chu heram k huncha.,IDS,IDS_migration_old_podcast_Filtered,roman_nepali,nepali,98,0,substantive_keyword,bidesh
f75791a41558,30 million hunxa solti 3 crore vaneko,IDS,IDS_migration_old_podcast_Filtered,latin,english,7,0,kept_default,
447896fe2546,Professional research channel in nepal i had never seen,IDS,IDS_migration_old_podcast_Filtered,latin,english,9,0,substantive_keyword,pr
a689ff529cea,this is a reality of nepali people 😢😢😢😢,IDS,IDS_migration_old_podcast_Filtered,latin,english,7,4,kept_default,
459e77e99ba1,Dai ko afno podcast ko reach(views)  increase garna technique,IDS,IDS_migration_old_podcast_Filtered,roman_nepali,nepali,10,0,kept_default,
6710d0cc3eb0,Bitter But It’s Truth Reality Of Our Country 😢,IDS,IDS_migration_old_podcast_Filtered,latin,english,9,1,kept_default,
4b06afef77b3,Are you think TU is going as world going?,IDS,IDS_migration_old_podcast_Filtered,latin,english,9,0,kept_default,
3e1bb396c82b,"PS: Be careful reading the statistics and visualization out here as the video is disclaimed for educational pupose !!! The figures he puts in - 3 million,  should have been 30 million because1 crore is equal to 10 millions . And something is wrong with the bar chart at the start . It doesn&#39;t make sense. The yellow bar should have been way down . No way irepresents the yellow bar represents 1/6 (56 lakh) of the total sum (presuming the white bar reads 3 crores not 3 million).",IDS,IDS_migration_old_podcast_Filtered,latin,english,86,0,substantive_keyword,pr
f011f81b6736,"Aajhai hal vote surya, rukh,hasiya hatouda ma🤣<br>Thukka veda hruuu",IDS,IDS_migration_old_podcast_Filtered,latin,english,11,1,substantive_keyword,uk
a3092ccf8a52,It&#39;s reality ..,IDS,IDS_migration_old_podcast_Filtered,latin,english,3,0,kept_default,
03c88af3d875,Tapai haru jastai manche politics maa janu paryo.. desh maa basum ki socheko tara maan mardai gacha sabai bujhda...,IDS,IDS_migration_old_podcast_Filtered,roman_nepali,nepali,19,0,substantive_keyword,janu
1444cdeeeddc,Planning old age care business,IDS,IDS_migration_old_podcast_Filtered,latin,english,5,0,kept_default,
c6b1173500a5,"Bro, make video on &quot;Why businesses in Nepal aren&#39;t successful over country.",IDS,IDS_migration_old_podcast_Filtered,latin,english,13,0,kept_default,
12631eb3af70,There is no reason to stay in Nepal except  parents and family.<br><br>￼,IDS,IDS_migration_old_podcast_Filtered,latin,english,12,1,substantive_keyword,family
65c06f2e947c,12 pass hune bitikai <br>Sab ielts pte garera Australia Canada new Zealand tarfa.,IDS,IDS_migration_old_podcast_Filtered,latin,english,13,0,substantive_keyword,australia
26432b414595,my heartbeat is increasing at very faster rate,IDS,IDS_migration_old_podcast_Filtered,latin,english,8,0,kept_default,
a854ad8b2334,Ma pani bachelor (BBA)  sakera baseko kaam xain<br>Kina basnu Nepal,IDS,IDS_migration_old_podcast_Filtered,roman_nepali,nepali,11,0,substantive_keyword,kaam
c0dccc4d1163,100 kilo gold ko barema kina kunai youtuber le nadekhako????🤔🤔🤔,IDS,IDS_migration_old_podcast_Filtered,roman_nepali,nepali,10,3,kept_default,
9c52d00763ea,Ke pura nepali ke pura english bolna paroo k bro yr yo nepangaraji aali vayana,IDS,IDS_migration_old_podcast_Filtered,roman_nepali,nepali,15,0,kept_default,
989117eded20,But in trend people are shouting go to your own village? why you came here in cities living agriculture lands and house ?so why because there is nothing provided by the govt?,IDS,IDS_migration_old_podcast_Filtered,latin,english,32,0,substantive_keyword,pr
0072cdd84955,we want continuously this type of podcast on this channel,IDS,IDS_migration_old_podcast_Filtered,latin,english,10,0,kept_default,
fb62a3fdaa29,I felt it when he says hamro sathi ko circle syanosyano hudai gaxa sav baira gayara,IDS,IDS_migration_old_podcast_Filtered,roman_nepali,nepali,16,0,kept_default,
091b71a9f7ed,You are great brother I appreciate you and your team❤❤,IDS,IDS_migration_old_podcast_Filtered,latin,english,10,2,substantive_keyword,pr
eb03b6945cb5,Ma kunai party ko jhole nabhako le ma bahira janu badhya chu,IDS,IDS_migration_old_podcast_Filtered,latin,english,12,0,substantive_keyword,janu
b8258e0bfb16,Your interview taste like bitter sirup but i have my uk flight on  August 22,IDS,IDS_migration_old_podcast_Filtered,latin,english,15,0,substantive_keyword,uk
75cf28a9e8f8,What a reserch dajuu. Hands upp,IDS,IDS_migration_old_podcast_Filtered,latin,english,6,0,kept_default,
a641408bd34d,Bidesh gayena vane you are a failure. Sad reality.,IDS,IDS_migration_old_podcast_Filtered,latin,english,9,0,substantive_keyword,bidesh
54e1ce0a20b4,नेपालीहरू विदेश गैरा’को छैन; देश छोडीरा’को छ। This is deep😢,IDS,IDS_migration_old_podcast_Filtered,code_mixed,nepali_english,12,1,substantive_keyword,देश
c6d51d67607f,"Last week, we went to The Sushant Pradhan Podcast, and we talked about IN-Depth Story, Politics, Media, Brain Drain, Movies and many more. <br>Link to the podcast;<br><br><a href=""https://www.youtube.com/watch?v=lk9CCsedKdg"">https://youtu.be/lk9CCsedKdg</a>",IDS,IDS_migration_old_podcast_Filtered,latin,english,28,0,substantive_keyword,pr
b95cbfb9f175,"I&#39;m studying BBs third year right now . But , Most of my classmates already went to out country after+2 and they almost settle their life there. But , im here in nepal IDK what i have to do ? Our education system is totally frustrating and disappointing for students like me . 😢😡",IDS,IDS_migration_old_podcast_Filtered,latin,english,50,2,substantive_keyword,system
66422bc3e067,Watching while premièring,IDS,IDS_migration_old_podcast_Filtered,latin,english,3,0,substantive_keyword,pr
fc350fc9db15,full podcast  hari sakya,IDS,IDS_migration_old_podcast_Filtered,latin,english,4,0,kept_default,
d83624de4cb6,I&#39;m 20 but felted manxe bidesh gayrako xain k manxe desh xadi rako xa 😓🥺🩹,IDS,IDS_migration_old_podcast_Filtered,roman_nepali,nepali,15,3,substantive_keyword,bidesh
0a80c112326f,Getting ready,IDS,IDS_migration_old_podcast_Filtered,latin,english,2,0,kept_default,
e9f0ab315e77,Touched with : देश छाड्ने  धेरै कारण छन तर देशमै बस्ने एक मात्र कारण माया😢,IDS,Regular_video_comments_Filtered,code_mixed,nepali_english,14,1,substantive_keyword,देश
0d53f52329a4,"aafono janamabhumi ko kaslai maya hudaina hola hjr <br>engineer, doctor ra loksewa bahek aaru option nei xaina",IDS,Regular_video_comments_Filtered,roman_nepali,nepali,17,0,kept_default,
9e4332a9b4dc,maa  affele  engnr padhe ra depressed xu tesaile aafono annubhava vaneko,IDS,Regular_video_comments_Filtered,latin,english,11,0,substantive_keyword,pr
20cd2362b3e3,marji le hoina forced le  matra health fit nahunale,IDS,Regular_video_comments_Filtered,roman_nepali,nepali,9,0,kept_default,
4b65393149ca,Desh ko ki boyfriend ko,IDS,Regular_video_comments_Filtered,latin,english,5,0,substantive_keyword,desh
ad7654b56659,"एउटा पार्टीले १० वर्षमा स्वीजरल्याण्ड बनाउँछु भनेर भाषण गरेको सुनेको थिए सानो हुँदा अहिले ठूलो भएपछि नेपाली लाई संसार को सबै देश जान बाध्य बनाएको देख्दा गर्भ लागेर आउछ । यही हो परिवर्तन भनेको , देश नघुमेको लाई विदेश घुमाउन प्रोत्साहन गर्ने सरकार को जय होस ।",IDS,Regular_video_comments_Filtered,devanagari,nepali,46,0,substantive_keyword,सरकार
aa91f0ab957e,उहिले त बिदेश जानु पाए पो जान्थे खालि भारत भुटान र बर्मा गयो उतै हरायो ।,IDS,Regular_video_comments_Filtered,devanagari,nepali,16,0,substantive_keyword,देश
a3ea1f07cb99,a mula j pani maobadi lai dosh lara hunxa?,IDS,Regular_video_comments_Filtered,roman_nepali,nepali,9,0,kept_default,
095f0d9b2e65,बारम्बार सासन बेबस्था बदलिएपनि नेपाल को सासन भने ब्राह्मण बादि कै हत मा भएको कारण ले हो देश नबनेको ‌।<br>यो देश को सेना पुलिस सरलारि कर्मचारी हरूमा बाहुन बाहेक अरू जतकोले कैलेपनि प्रमोसण पउँदैन ।<br>काङ्रेस एमाले माओवादि जुनसुकै पार्टी मा हेरेपनि सभापति उप सभापति बहुन बाहेक अरू हुन पाउँदैन ।<br>यो देशको प्रधानमन्त्री राष्ट्रपति सेनापति न्यायाधीश बन्न ब्राह्मण बादि धरमा जन्मनु पर्छ ।,IDS,Regular_video_comments_Filtered,devanagari,nepali,65,0,substantive_keyword,देश
1656d0999abd,​@rameshkhadka5681<br>किनकि ब्राह्मण बादि बौ हजुरबुवाको रगत शरिर मा बग्छ । <br>जनयुद्द भन्दा पहिला ब्राम्हण र राना बाहेक अरू दोस्रो दर्जाको नागरिक थिए।,IDS,Regular_video_comments_Filtered,code_mixed,nepali_english,22,0,kept_default,
c292e24186f2,@anamak2000 k kera kera jasto kura garira,IDS,Regular_video_comments_Filtered,roman_nepali,nepali,6,0,kept_default,
8270cebecdbd,Desh xadne hajar karan hola tara basne aauta kura xa Maya😊❤,IDS,Regular_video_comments_Filtered,roman_nepali,nepali,11,2,substantive_keyword,basne
aff0dc523583,Mayalu nai bideshiye paxi k ko lagi basnu yaha!,IDS,Regular_video_comments_Filtered,roman_nepali,nepali,9,0,substantive_keyword,bidesh
b8385ae9739a,Sabaii nepali ko yeii Maya dheraii hunu pariyo 🥺🥺Tara xainan<br>Hope Nepal will be better someday,IDS,Regular_video_comments_Filtered,roman_nepali,nepali,16,2,kept_default,
064ddf9ed95d,Visa reject vaye paxi desh ko maya lagiaalxa ni 😂,IDS,Regular_video_comments_Filtered,roman_nepali,nepali,9,1,substantive_keyword,visa
8f245c727e3c,एक तर्फी माया ले के गर्नु हजुर भाग्य ले लात हाने पछि अनि समय ले घात गरे पनि kasaiko के ही लाग्दैन रैछ 😢,IDS,Regular_video_comments_Filtered,code_mixed,nepali_english,23,1,kept_default,
19652b247823,A 23 year old guy giving a hope and optimism  to a 29 year old boy . This is Change and as he said desh ma opportunity  jhan badera auxa sabai  bidesh  gayesi . Change is inevitable .  Thank yo for bringing inner voice  brother.  This is  todays youth  .,IDS,Regular_video_comments_Filtered,roman_nepali,nepali,46,0,substantive_keyword,bidesh
53854b46aa32,Ma ni 29 nahuda samma estai sochera baseko ho,IDS,Regular_video_comments_Filtered,roman_nepali,nepali,9,0,kept_default,
20fb5aae0840,Hahaha never Jati janxa Teti manxe ajai nepal manj bandai janxa nepal ma opportunity xaina baira janu parxa kei thulo garna baye Jani competition xa bro jana janxa ajai nepal student ko padai sitixa ani feri student ni janxa so no chance,IDS,Regular_video_comments_Filtered,roman_nepali,nepali,42,0,substantive_keyword,janu
303bb1b1f1d7,So it never ended,IDS,Regular_video_comments_Filtered,latin,english,4,0,kept_default,
d1db65a9d1d6,"Yo IDS YouTube channel maa, aja samma upload vayeko video madhya best video lagyo malai xa. Malai feri pani ekpatak sochna badhya banayo. ""Nepal maii basau ki bahira jau?"".<br>.<br>Appreciated 🎉",IDS,Regular_video_comments_Filtered,roman_nepali,nepali,30,1,substantive_keyword,pr
5c6c6ff2fcfc,I'm also brother 😢,IDS,Regular_video_comments_Filtered,latin,english,4,1,kept_default,
9c30c0059b3c,K Halo jotnu basnu Ani paisa Pani hudaina family kasari palxau😂,IDS,Regular_video_comments_Filtered,roman_nepali,nepali,11,1,substantive_keyword,family
c83a3d8cf1e7,"halo jotna ta aba jamin pani pahila jasto ka xara sabai concrete le khaisakyo ra pahilako manxe jasto mato ko maya, dukha garna sakne himmat ka xara ajkal@burneyes744",IDS,Regular_video_comments_Filtered,roman_nepali,nepali,28,0,substantive_keyword,uk
c92b16ef28ab,Bhai na aau gara deshmai aafnai desh ramro chha yeha paisa chha khusi self respect ani aafno manchhe jo huda timi harna ni tayar chhau koi ni hunna 😌,IDS,Regular_video_comments_Filtered,roman_nepali,nepali,28,1,substantive_keyword,desh
1f2642d2d0ea,नेपालमै गएर केही गर्छु भन्दा भन्दै UAE 🇦🇪 मा १४ बर्ष भएको म एउटा गतिलो उदाहरण,IDS,Regular_video_comments_Filtered,code_mixed,nepali_english,15,2,substantive_keyword,uae
e7b55d62c9d4,Estai xa đại Nepal,IDS,Regular_video_comments_Filtered,roman_nepali,nepali,4,0,kept_default,
9d6bb6294bc7,Same here,IDS,Regular_video_comments_Filtered,latin,english,2,0,kept_default,
7d8c89fe4c14,नेपाल मा केहि छैन । लुटन र ठग्न सक्नुहुन्छ भनेमात्र एता आउनु ठिक हो ।,IDS,Regular_video_comments_Filtered,devanagari,nepali,15,0,kept_default,
819e18d6e261,khatrrai paisa pathaunu bhayo hola nepal ma tesobhaye?,IDS,Regular_video_comments_Filtered,roman_nepali,nepali,8,0,substantive_keyword,paisa
3c29fda2ddf7,In the era of leaving the nation we are here to rebuild it<br><br>We are not alone let's believe in it and  work for it ✊,IDS,Regular_video_comments_Filtered,latin,english,26,1,substantive_keyword,work
35c41c0470c7,"Everyone want to see nepal in the name of developed country but due to political unstable, corruption unemployment etc. no one want to stay in Nepal. Everyone need to feed stomach . Only national love isn't enough to feed hunger, i am also facing frustrating and anxiety about my future ❤ desh ko maya tw dherai xa ke garnu",IDS,Regular_video_comments_Filtered,roman_nepali,nepali,58,1,substantive_keyword,future
631ef16eaf5b,@roshanmahato6079 comment chai bahira desh basera ho 😂,IDS,Regular_video_comments_Filtered,roman_nepali,nepali,6,1,substantive_keyword,desh
31f62bb5a616,@Elitemotivation-o2w  aaile samma Testo din aako xaina,IDS,Regular_video_comments_Filtered,latin,english,7,0,kept_default,
6f084bb6ec3f,Bhai u Will also come foreign don't worry,IDS,Regular_video_comments_Filtered,roman_nepali,nepali,9,0,substantive_keyword,foreign
3e0a82fc58a3,"Vanna sajilo xa bro , desh chalai nai veda garu le xan, nepal ko top university tu ko halat testo xa opportunities kei xaina desh ma, unemployment matra , yessari hunxa hola desh developed 300 barsa samma",IDS,Regular_video_comments_Filtered,roman_nepali,nepali,35,0,substantive_keyword,unemploy
ca23f52343d7,अब नेपालमा परिवर्तन को खाँचो छ<br>हामीलाई यी पुराना नेता मन्त्री हैन देश को लागि केही गर्ने एउटा leader चायको छ,IDS,Regular_video_comments_Filtered,code_mixed,nepali_english,21,0,substantive_keyword,देश
8bdef93aa343,One and only Balen can change the situation if we all citizens think and care about our country.,IDS,Regular_video_comments_Filtered,latin,english,18,0,kept_default,
173077d5e67c,पहिला त हामी जनता को चेतना स्तर बृद्धि गर्न आवश्यक छ।।,IDS,Regular_video_comments_Filtered,devanagari,nepali,11,0,kept_default,
3d69f71f3aa4,Jun sarkar le Nepal ma change layaune try garne ho tyo sarkar fix dhalne ho kinaki nepali haru    actual ma change chahadainan. Jo change laune try garxa tesko birudha nepali Janta andolan garxan,IDS,Regular_video_comments_Filtered,roman_nepali,nepali,33,0,substantive_keyword,sarkar
726813dc3846,"khacho xa, chaiyeko xa, garnu parxa. Tara garne kasle. Nepal thau ramro tara manxe alxi ho. Pahila nai british haru le kabja garera taha lagako bhayo kei hunthiyo hola. Aba ta garo xa.",IDS,Regular_video_comments_Filtered,roman_nepali,nepali,33,0,kept_default,
5912845581fd,Nepali sab veda haru hun pache aaba chunab ma taha huncha nepali lai k chaicha vaanara,IDS,Regular_video_comments_Filtered,roman_nepali,nepali,16,0,kept_default,
eadcd58794a3,आँखा मा आसुनै आयो तपाईंको भिडियो हेरेर यति राम्रो भिडियो बनाउनु भएकोमा धनयवाद।❤️,IDS,Regular_video_comments_Filtered,devanagari,nepali,13,1,kept_default,
c70d6fcf2897,my husband is crying in middle of night after watching your 30min video after his 16hrs long shift here in Australia .,IDS,Regular_video_comments_Filtered,latin,english,21,0,substantive_keyword,australia
cc8210b10753,I’m in canada I feel like I am a modern slave <br>We are here by design,IDS,Regular_video_comments_Filtered,latin,english,17,0,substantive_keyword,canada
d7e13d8b9a7d,exactly i feel the same from sydney,IDS,Regular_video_comments_Filtered,latin,english,7,0,kept_default,
dacfd11778ab,​@loktiwari561Kehi vision bokney kehi learn garney materialistic kura ko paxi na lagney show off nagarney hardwork garera paisa save garney family ko problem solve garney kei paisa ra ramro plan bokera nepal aune nepal mah 0 bata start garna dharai garo australia gayeko manxey ley testo sochnu hudaina you are lucky that you got the opportunity to be there enjoy your time learn something invest in yourself then return with some future plans then happily live in nepal,IDS,Regular_video_comments_Filtered,roman_nepali,nepali,77,0,substantive_keyword,pr
aab5ab6f84e4,Kehi vision bokney kehi learn garney materialistic kura ko paxi na lagney show off nagarney hardwork garera paisa save garney family ko problem solve garney kei paisa ra ramro plan bokera nepal aune nepal mah 0 bata start garna dharai garo australia gayeko manxey ley testo sochnu hudaina you are lucky that you got the opportunity to be there enjoy your time learn something invest in yourself then return with some future plans then happily live in nepal,IDS,Regular_video_comments_Filtered,roman_nepali,nepali,78,0,substantive_keyword,pr
e1f358263423,Sad to know 😢,IDS,Regular_video_comments_Filtered,latin,english,3,1,kept_default,
e3f93294662d,म आफै बिदेश छु तर यसरी देश बाट बाहिर जानेको संख्या सुन्दा सारै मन दुख छ।😢,IDS,Regular_video_comments_Filtered,devanagari,nepali,16,1,substantive_keyword,देश
f21d5650da03,विदेशमा काम गर्दागर्दै कति छिटो १६ बर्ष पनि गएछ! हेर्दाहेर्दै उमेरले ४० पुग्न लाग्याछु। जिन्दगी तोर्र्ल्याङ्ग !,IDS,Regular_video_comments_Filtered,devanagari,nepali,16,0,substantive_keyword,देश
0f9ee09e2d0c,Kati kamayo ta 16 Barssa ma 🤔,IDS,Regular_video_comments_Filtered,roman_nepali,nepali,6,1,kept_default,
0a54eb01ac4c,"The choice between staying in Nepal or seeking opportunities abroad is complex, with valid arguments on both sides. It's a decision many of us can relate to, and it's important to weigh the pros and cons carefully before making such a significant life choice.",IDS,Regular_video_comments_Filtered,latin,english,46,0,substantive_keyword,abroad
01d885f83412,So true!!,IDS,Regular_video_comments_Filtered,latin,english,2,0,kept_default,
67ceb3120c3d,Foreign is better,IDS,Regular_video_comments_Filtered,latin,english,3,0,substantive_keyword,foreign
d5557920c6e5,@vermabhaijaan5607why indians are here💀,IDS,Regular_video_comments_Filtered,latin,english,3,1,substantive_keyword,india
18ccc7900c44,@vermabhaijaan5607 pyaro dhoti afno desh hera hamro haina,IDS,Regular_video_comments_Filtered,roman_nepali,nepali,7,0,substantive_keyword,desh
b007db7cc286,कसैले त आशा देखाउछ र त नेपाल फर्केर केही गर्ने आशा अझै मरेको छैन❤,IDS,Regular_video_comments_Filtered,devanagari,nepali,14,1,kept_default,
d0d4d643829b,Kasaile aasha dekhauxa Matlab ?,IDS,Regular_video_comments_Filtered,latin,english,4,0,kept_default,
8abb125077b5,@sanjushahi9890 din rat bigreko maatra news matra sunnu parxa positive news le kei hope jagauxa bidesh baseko 7 barsa bhayo nepal ma jhole nabane samma kei garna sakinna yo video herda kei positive paye tei ho,IDS,Regular_video_comments_Filtered,roman_nepali,nepali,35,0,substantive_keyword,bidesh
136b17f38c93,"समस्या सङ्ग भाग्ने हैन , डटेर लड्ने हाे । जय नेपाल 🇳🇵🎯<br> भबिस्य देशमै छ , एशियामा नै छ",IDS,Regular_video_comments_Filtered,devanagari,nepali,16,3,substantive_keyword,देश
5082a1a71d2f,Market ma job nai xoina k loksewa ko from varey raw Basne 😢,IDS,Regular_video_comments_Filtered,roman_nepali,nepali,12,1,substantive_keyword,basne
921dbde8e552,Kera cha vawaisa des ma,IDS,Regular_video_comments_Filtered,roman_nepali,nepali,5,0,kept_default,
5ab2c645c519,"😂😂 this patroitism wont last my mate, wait till you see the real side of it. You'll get your reality check in mid 30's",IDS,Regular_video_comments_Filtered,latin,english,25,2,kept_default,
69fa64405611,"Politicians Haru lai hereko cha , Tini Haru le Garda desh kasto banayeko cha.",IDS,Regular_video_comments_Filtered,roman_nepali,nepali,13,0,substantive_keyword,desh
5516b5536872,Napis 😂😂😂 विदेश बाट cmnt हान्दै basxhas 😂,IDS,Regular_video_comments_Filtered,code_mixed,nepali_english,6,4,substantive_keyword,देश
5f8dadb93880,अब पालो क्रान्ती को हो नेपालमै बसुम येहि केहि गर्न सकिन्छ युवाहरु🔥 Jay Desh Jay Nepal🇳🇵,IDS,Regular_video_comments_Filtered,code_mixed,nepali_english,16,3,substantive_keyword,desh
8f0db81be1e5,गर्नु के ?????,IDS,Regular_video_comments_Filtered,devanagari,nepali,2,0,kept_default,
cd459a94e064,प्रचण्ड शेरे केपी जस्ता राडाबानहरु हुदा सम्म केही हुने वाला छैन,IDS,Regular_video_comments_Filtered,devanagari,nepali,11,0,kept_default,
0425f7d93c3b,Maeley Diploma in civil engineering Garey .<br>Maeley Afno field  job garna khojey kae job payena . <br>Aeley ma language seke Ra xu .,IDS,Regular_video_comments_Filtered,latin,english,21,0,substantive_keyword,job
b87166b81dda,Sakne le bidesh jane ho,IDS,Regular_video_comments_Filtered,roman_nepali,nepali,5,0,substantive_keyword,bidesh
b0400048e0f0,"Apply गरेको छ महिना भइसक्यो यो बीचमा धेरै पैसा खर्च भइसक्यो। पहिले आफूलाई नचिन्नाले बिदेस मात्र भविष्य हो भनी apply gariyo अब देश छोड्ने कुरा सोच्दा आँखा बाट आँसु बग्छ । सायद यस्तै दोधारे स्थितीमा बाँच्नु लाई नै जीवन भनिँदो रैछ। तर अब विदेश मा पढाइ सकेर देश फर्की देशलाई बनाउने आफै सँग कसम खाएको छू। मेरो देश लाई सुन्दर ,समृद्ध र शान्तिपूर्ण बनाउन अवस्य देश फर्किने छु। 🇳🇵💓",IDS,Regular_video_comments_Filtered,code_mixed,nepali_english,68,3,substantive_keyword,देश
d2350dad4469,Bro timle man jiteu yaar ❤❤,IDS,Regular_video_comments_Filtered,latin,english,5,2,kept_default,
d3b70255cbe9,don't worry bro take it easy ❤,IDS,Regular_video_comments_Filtered,latin,english,7,1,kept_default,
214331b6bc3c,"I am from a middle-class family. my father earns 25k to 30k per month, and my mom is a housewife. For my better future, my dad is sending me to college, whose monthly fee is 10k per month. My 12th grade is going to finish in 1.5 months. What should I do now? Stay in this country for the next 4 years? What after 4 years? If I were successful in the field I am in, I would earn a maximum of 50k to 2 lakh per month, which has very little chance. Is that sufficient? Okay, my dream is to get a car and buy a house. A house costs around 2.5 cr to 3 cr, which may take around 20 to 25 years for me to buy the house I want, and a car costs 20 to 30 lakhs, which may take 2 to 3 years for me. To complete my dream, it may take 25+ years. I am 18 years old, and at that age, I may be 40 to 45+ years. Will I be happy? Will my parents still be there to see the success they have been waiting for? I am scared of my life in this country.<br>My neighbor's son went to Dubai to work as a staff for 13 years and now has been promoted to manager and earns more than 10 lakhs. He built a beautiful home and owns a car. His parents have gold necklaces, bracelets, and rings. He is 31 years old, I guess, and has a good life. <br>Seeing all this, will I still like to live in this country? Of course not! Yes, I love my country, but can't forget the sacrifices my parents have done for me so far.",IDS,Regular_video_comments_Filtered,latin,english,297,0,substantive_keyword,dubai
618a209a26dd,You are right bro...emotional kura garera zindagi chaldaina...voli parents birami huda old agema medical treatment garauda ni hospital bills tirna ko lagi paisa chahinxa philosophical kurale zindagi chaldaina sadhai,IDS,Regular_video_comments_Filtered,latin,english,31,0,substantive_keyword,paisa
8e59cdd4391c,Recent situations of country try to say that you should leave the country.....,IDS,Regular_video_comments_Filtered,latin,english,13,0,kept_default,
94d9527fae0a,Maile ni 18 barsa dekhi kaam garey Nepal ma 8 barsa ani bidesh aaye vai...k garnu 8 barsa ma nakamako paisa 1 barsa nahudae kamainxa...,IDS,Regular_video_comments_Filtered,roman_nepali,nepali,26,0,substantive_keyword,bidesh
ff1a3f93ed19,Go to India<br>Lots of opportunities,IDS,Regular_video_comments_Filtered,latin,english,6,0,substantive_keyword,india
a03cb9594f21,It's completely your choice brother and we respect that. Tara Nepal Mai tyo 10 lakhs vanda badi kamaune ra tyo Vanda ramro lifestyle vayeko manxe haruko example Pani xa. Beauty lies in the eye of the beholder. Timle opportunity dekhdainau vandaima Yaha opportunity navayeko chai pakkai haina. All the best for your future.🎉,IDS,Regular_video_comments_Filtered,roman_nepali,nepali,54,1,substantive_keyword,kamaune
331a3e4a7b4c,"Inspiring video to them who are here, we will do here no matter what",IDS,Regular_video_comments_Filtered,latin,english,14,0,kept_default,
75ddf965d1cf,26:45...<br>Simple life....<br>सामाजिक सम्मान....<br>खानलाई पुगोस्<br>लाउनलाई पुगोस्<br>समस्या पर्दा समाधान गर्न सकुँ ।....<br>बस यति चाहन्छु।,IDS,Regular_video_comments_Filtered,code_mixed,nepali_english,19,0,kept_default,
5751e719fc52,म पनी,IDS,Regular_video_comments_Filtered,devanagari,nepali,2,0,kept_default,
437bcc3eaadf,Ani buwa aama le rin liyera padhayeko ko rin kasari tirxn t  sab ko family ek jasto hudaina,IDS,Regular_video_comments_Filtered,roman_nepali,nepali,18,0,substantive_keyword,family
40589c02d33c,Yo ta sabai ko chahana nai hunchha tara baddo umer ra baddo jimmebari le afno lagi bhanda ni aru ko lagi bachne garaidinchha sir,IDS,Regular_video_comments_Filtered,roman_nepali,nepali,24,0,kept_default,
5cc51ac794e6,"Google a term ""Hierarchy of needs""",IDS,Regular_video_comments_Filtered,latin,english,6,0,kept_default,
55cee14cfaee,"24:34 <br><br>""""""बाबु, अब तिम्रो साथी त हामीलाई<br>एक्लै छाडेर जाने भयो। यो गएसी हाम्रो छोरा भन्नु नै तिमी नै हौ, यसो कहिले के उ नाहुँदा पनि आउँदै गर्नु है। """"""<br>This line hits ❤",IDS,Regular_video_comments_Filtered,code_mixed,nepali_english,33,1,kept_default,
094e47d24ef1,"Currently, I am government job holder whereas most of my friends are in US, Australia and other European countries. They are earning a lot of money in comparison to me. Truely speaking, I havent take any money from our service taker. But the vision of our people towards government job holder is really negative which constantly motive me to resign from the job 😢<br>This video is encouraging me to stay here and serve nation and seek future , no matter what!!! Thank you so much !!",IDS,Regular_video_comments_Filtered,latin,english,84,1,substantive_keyword,europe
74433de368b9,same here sir👏,IDS,Regular_video_comments_Filtered,latin,english,3,1,kept_default,
868ef58d2510,Same here sir! Australia apply garau ki bhanne soch thiyo!🥲,IDS,Regular_video_comments_Filtered,roman_nepali,nepali,10,1,substantive_keyword,australia
6411fbcc4d1f,"As someone who stayed abroad for almost a decade and currently in Nepal, my view points on why Youths are leaving (and will continue to leave):<br>1) Pressure from family and society. Aruko chora chori le esto garyo testo kinyo etc. People here feel discouraged.<br>2) To much talk only about politics jata gaye pani. Blaming Netas for everything while not realizing how corrupt we have become. Corruption in rampant in this country. <br>3) Blame game, j ni arulai dos layo. <br>4) Country cant just survive on IT sector ko ali ali jobs, we need to create niche exports for long-term to create jobs outside IT.  <br>5) People need to stop being individualistic and work for greater good. <br><br>6) Solid Development roadmaps.<br><br>I am still bullish on Nepal and will continue to work here till its possible to sustain livelihood.",IDS,Regular_video_comments_Filtered,roman_nepali,nepali,141,0,substantive_keyword,abroad
f16812199476,1 no chahi ekdam malai ni relatable bhayo hau nepal mai basera khi garchu government job nai garchu bhanda pani kahilay selection huncha tyati kamai ley k huncha bhanera dimag kharab gardinu huncha relative family neighbor ley😢,IDS,Regular_video_comments_Filtered,roman_nepali,nepali,37,1,substantive_keyword,kamai
819b3deb8b6e,Bahera bata paisa kamayara aaune ane nepal aayara thulo kura garne,IDS,Regular_video_comments_Filtered,latin,english,11,0,substantive_keyword,paisa
7171a90dd3ba,​@chandratamang2487 gharbata bidesh gainas vanera lyang lyang garxan yaar.,IDS,Regular_video_comments_Filtered,latin,english,8,0,substantive_keyword,bidesh
b158e864353a,​@chandratamang2487 Same malae pani,IDS,Regular_video_comments_Filtered,roman_nepali,nepali,3,0,kept_default,
83bb7a95eb8e,1 no. Line relates to me 😢also,IDS,Regular_video_comments_Filtered,latin,english,7,1,kept_default,
4d1480da1770,"After finishing my MBA, I find myself in Kathmandu, preparing for the IELTS to pursue my dreams of following in my uncle's footsteps to the USA. However, my deep love for my country keeps pulling me back, making it difficult to leave. I'm torn between my aspirations and my affection for home, unsure how long I can resist the urge to stay.😭😭",IDS,Regular_video_comments_Filtered,latin,english,64,2,substantive_keyword,pr
ab9300de86d1,"Same here, just graduated in civil engineering, and looking for assistantship of USA. Moreover, I couldn't get something worthy on freelancing for us.😭",IDS,Regular_video_comments_Filtered,latin,english,24,1,substantive_keyword,usa
d1e5cd2011d9,Bro I am also an MBA graduate but there's lack of good opportunities for us here.,IDS,Regular_video_comments_Filtered,latin,english,17,0,kept_default,
e1927e78ddb8,Same here bro<br>.. Freelancing,IDS,Regular_video_comments_Filtered,latin,english,4,0,kept_default,
b5ac52506377,"i am crying right now ,<br>mero sathiharu and relatives almost sabai bidesh gayeka xan ,malai pani bidesh jau bhanera dherai choti bhaniyo but i am stydying Bsc CSIT in nepal right now and i want a better nepal by investing myself in my own country ,<br><br>dhanyabadd dai yo video le yedi yeuta matra 12th pass gareko student lai nepal mai basna prerit garxa bhane pani Nepal lai faida hune xa",IDS,Regular_video_comments_Filtered,roman_nepali,nepali,70,0,substantive_keyword,bidesh
2d84f8f29f4e,Afno khusi k ma xaw kehi garnush aru lai taw prove gararaw dakhauni ho,IDS,Regular_video_comments_Filtered,roman_nepali,nepali,14,0,substantive_keyword,pr
b7d6736b998e,Only channel who deserves millions of views and subscribers ❤<br>म अहिले civil engineering दोस्रो वर्ष अध्यन गर्दै छु। मेरो पहिले बाट नै आफ्नो देश मा केहि गर्छु भन्न्यो धारणा थ्यो र हुने पनि छ।यो विडियो हेर्दा झन् म भित्र बाटै यही केही गर्नेछु भन्ने भावना पलायो।,IDS,Regular_video_comments_Filtered,code_mixed,nepali_english,46,1,substantive_keyword,देश
22b98df7e722,15k salary 😂😂,IDS,Regular_video_comments_Filtered,latin,english,2,2,substantive_keyword,salary
0b7cf347eedc,Thag thaag nagari ta kamai huna garo hola. Hope and good luck bro,IDS,Regular_video_comments_Filtered,roman_nepali,nepali,13,0,substantive_keyword,kamai
bf042d15f1d4,3 main things for me :<br>1. Health <br>2. Wealth<br>3. Relationship❤,IDS,Regular_video_comments_Filtered,latin,english,11,1,kept_default,
e56aefe3de39,M t sure bhae dai yo video hrda hrdai sure aba + 2 paxi yehi basxu <br>I will try j soche xu tq u for the vdo <br>Hope my cmt to motivate u to make content guyz wish me a luck for upcoming days 💪🏾💪🏾,IDS,Regular_video_comments_Filtered,roman_nepali,nepali,43,4,kept_default,
77cc165156db,"well for me, its been already 10 years living with my wife in australia and finally we reach in conclusion of returning back to our motherland as we are already prepared before and make a initial mindset to return back in nepal anyhow....<br>It doesnt matter what other says but rather follow your guts that doesnt make you regret<br>its us making our life challenging for 3 basic thing: food, shelter and clothing<br>yo short life ko lagi yeti saharai struggle kina jaba ki after 2nd generation pa6i tmi ko ho and tmro identity nai yo sansar ma pani thiyeu bhane tmro nati natini le pani birsisakeko hun6a so i would say enjoy your life<br>Be serious but dont make life too complicated<br>Because gora haru ko hamro jati love attachment hudaina and last ma kamayera basna jane old orphanage (age care) plus mortgage debt trap ma fasne ta ho jindagi bhari nai<br>Note<br>aba marera lanu nai k 6a ra jindagi ma<br>ek6in dukha garnu target plan banaunu 10 yrs 15 yrs tespa6i afu pani 35 40 plus hun6a baki 15 yrs old age tesai katihal6a<br>Plus you will interact with your neighbourhood, your relatives and your loved ones in your own country<br>At least you are fulfiling your respects towards your own country <br>And another thing, you dont have to be soldier to protect country so returning back and serving as retire would be also count as u are doing your responsibility and serving your country<br>Thats my opinion<br>And everyone has their own perception <br>Thank u and sorry if u dont accept my views",IDS,Regular_video_comments_Filtered,roman_nepali,nepali,267,0,substantive_keyword,pr
e015569b533f,well said brother.. even my brother has same thought like you who is currently at Australia,IDS,Regular_video_comments_Filtered,latin,english,16,0,substantive_keyword,australia
7c58b4394657,Dai tapai po aus bata paisa kamayara kai business garne soch hola hame jasto nepal mai baserako hora,IDS,Regular_video_comments_Filtered,roman_nepali,nepali,18,0,substantive_keyword,paisa
606952c01af4,Thanks for this video. It's very difficult time here in Nepal but there is the light at the end of the tunnel ..  Ma pni aashabadi xu❤❤ 🇳🇵🇳🇵🇳🇵🇳🇵 Jay Nepal,IDS,Regular_video_comments_Filtered,latin,english,29,10,kept_default,
b210d0df1c19,Fact & statistics based content with no beraucratic & self serving opinion.<br>This is indeed the Best content I have ever watched in my lifetime.<br>I understand how much you & your team toiled to make this content.<br>Huge respect to the IDS team  ❤,IDS,Regular_video_comments_Filtered,latin,english,41,1,kept_default,
c005f57fdc91,"indepth story, Nepali comment , Project kura , misguided Nepal le Nepali youth haru lai sahi guide ra motivate gariraheko ma dhanyabad",IDS,Regular_video_comments_Filtered,latin,english,20,0,substantive_keyword,pr
457057c14fbc,dai dai dai k vannun  you really made a masterclass video totally related sab youths mha !!!!<br>respect📈📈❤💯,IDS,Regular_video_comments_Filtered,roman_nepali,nepali,17,4,kept_default,
86a8bce72bcc,This should be watched by every individual❤ ... Jay Nepal❤,IDS,Regular_video_comments_Filtered,latin,english,9,2,kept_default,
26b15143c99b,You are the change makers of the society 🙏 😊,IDS,Regular_video_comments_Filtered,latin,english,8,2,kept_default,
afdac126a16a,We are,IDS,Regular_video_comments_Filtered,latin,english,2,0,kept_default,
84e214e43429,21 years old guy Watching from KHADI at 2 AM 🙂,IDS,Regular_video_comments_Filtered,latin,english,10,1,kept_default,
73dbf3ec10d8,most confusing and worst choice 😢 ❤️ Thank you for making video on most awaited and relatable topic -your regular viewer and subscriber Pratik Neupane vlogs..,IDS,Regular_video_comments_Filtered,latin,english,24,2,substantive_keyword,pr
b30e376b2d55,"देशमा त कसरी बस्ने , दिनभरी काम गरेर  दुई छाक टार्न नै गारो छ! Truth kelaunu vayeko man paro.<br>Support me Guys❤.",IDS,Regular_video_comments_Filtered,code_mixed,nepali_english,21,1,substantive_keyword,देश
492c1c746371,After watching this video many youth including me will be back to Nepal and fight for our existence no matter how hard it will be. Thank you IDS for this wonderful content.,IDS,Regular_video_comments_Filtered,latin,english,32,0,kept_default,
b75b6e4d2508,म 18 बर्ष  को भए देशमै केही गर्छु भन्ने पनि केही छैन र बिदेशमा गएर केही गर्छु भन्ने हो भने बिदेशमै मान्छे दिनहुँ दिन मरिरहेका छन् आखिर हामी नेपाली जाने का होत 😢😩,IDS,Regular_video_comments_Filtered,devanagari,nepali,32,2,substantive_keyword,देश
ed6f2effc743,पुरै स्पिचलेस भएँ। यत्तिको भिडियो ऐले सम्म नेपाली कृयटरले बनाएको देखेको थिन्। धन्यबाद IDS 🙏❤,IDS,Regular_video_comments_Filtered,code_mixed,nepali_english,14,2,kept_default,
d0c1dfaf1107,Yama Buddha Once Said<br>एक दिनमा बन्दैन देश<br>म सधैँ सङ्घर्ष गर्छु<br>Jay Nepal<br>Jay Gurkha❤,IDS,Regular_video_comments_Filtered,code_mixed,nepali_english,16,1,substantive_keyword,घर
416c150b4670,आजको episode ले कता कता मन छोयो ❤,IDS,Regular_video_comments_Filtered,code_mixed,nepali_english,7,1,kept_default,
1f787433fe9b,अब बिदेश भाग छिठो😁,IDS,Regular_video_comments_Filtered,devanagari,nepali,4,1,substantive_keyword,देश
00f540008934,"बिदेश नजाने सोचले नै, नेपालमा job गरेर बसेको छु 😊",IDS,Regular_video_comments_Filtered,code_mixed,nepali_english,9,1,substantive_keyword,देश
44f9e27ba879,Mero jastai story raixhaa.. maa public health professional ho Tara ahile job xoderaa kapda ko business gardai chu new road maa.. I love my passion  being businessman ....❤,IDS,Regular_video_comments_Filtered,roman_nepali,nepali,27,1,substantive_keyword,pr
d4e91a05925c,"What a content. One of the best content creater. Literally,I almost cried.",IDS,Regular_video_comments_Filtered,latin,english,13,0,kept_default,
ab1c603d4978,"The best video uploaded in this channel. Dui tin ota line le man yesko choyo, aakha nai rasayo. Thank you for ur contribution. Much love n respect to u ❤️❤️❤️",IDS,Regular_video_comments_Filtered,roman_nepali,nepali,29,3,kept_default,
818519b0b372,"i cried. I really hope dawn after a decade will be filled with happiness and smily faces, where family reunite for forever.",IDS,Regular_video_comments_Filtered,latin,english,22,0,substantive_keyword,family
c532fb9e6062,Overall video nikai ramro lagyo😊<br>Remote job ko concept ahile dherai nai chali rako xa maile yesko growth 2014 dekhi nai dekheko hu. Govt le yesma support garne ho ra enough skilled manpower hune ho bhane Nepal ma outsource company ko thulo future xa🙏🏻🙏🏻,IDS,Regular_video_comments_Filtered,roman_nepali,nepali,44,5,substantive_keyword,manpower
40de0bf2b92b,Right..i also work remotely and  I'm making good income 😊,IDS,Regular_video_comments_Filtered,latin,english,11,1,substantive_keyword,work
5f5670e639a1,"Maan ko kura vandinu vayo, thank you so much bhai ❤",IDS,Regular_video_comments_Filtered,roman_nepali,nepali,10,1,kept_default,
c917632f4795,"As a content creator and holding a business with good salary at my own, Yes, Money management kahile pani school ra clz ma detail study vayena…<br>After my 10+2 i never thought of travelling abroad.. bur Rn only one thing determines…. Future(Yaha jati kamauxu tesla nata malai pugi rako cha , Pariwar ta tada) 50-30-20 rules kasaile sikayenan just afno freedom passion ra needs lai focus garxam…<br>Now personally i think… i need to migrate just ( Leave )<br>Middle class family j garam yaha 1 core nei kamam ya udam<br>Just auta word hits ( Pariwar budo hudai chan and they regret yaha basera paisa chinena nata sangat baira jau yo yaha udyobtyo tyaha cha tah screen ma matra sabaiko lagi ramro hamro agadi we know how you are)<br>That thing really hurts, i never had have thought about moving abroad<br>Feri arko kura ( pariwar le vaneko sahi ho aru josukei le j sukei vanun)<br>Jaba apply garxam ( reject )<br>And that’s hell part of story<br>However gardai xam garxam again and again but thanai xaina k gardai xam<br>Baira garda ni hudaina ya garda ni hudaina <br>Life is mess jasto jagcha at the age of 23<br>I wish i could have got right guidance <br>Ahile afno decision ra pariwar ko umer, ichya ra vawisyasochna parne cha<br>Hope everything goes right <br>Never stop studying<br>Never pause your passion <br>Go with flow<br>I’ll wait for my day<br>And you should <br>Time na aaie kei hunna yei garxu vaney ni baira garxu vaney ni<br>Patience is the key <br>Just enjoy, cheers to the life we got to live😃❤️<br>Go green☘️",IDS,Regular_video_comments_Filtered,roman_nepali,nepali,270,3,substantive_keyword,abroad
d90259603db9,"Who doesn't want to go out and study abroad? It is not Nepalese don't want to go abroad and study, it is just because they can't afford.",IDS,Regular_video_comments_Filtered,latin,english,30,0,substantive_keyword,abroad
e32fef80c75e,No there are still many people like me who are choosing to stay in Nepal. Sab Jana bidesh Jane Soch vako xainan.,IDS,Regular_video_comments_Filtered,latin,english,22,0,substantive_keyword,bidesh
fbd95eccc80b,My family can afford and wants me to go abroad...my sister is already in abroad but I don't want to go.,IDS,Regular_video_comments_Filtered,latin,english,23,0,substantive_keyword,abroad
36f69b7a1d98,Cloudfactory Nepal is one of the choice for Part time job in Nepal.,IDS,Regular_video_comments_Filtered,latin,english,13,0,substantive_keyword,job
1580c9c8e76d,म पनि नेपाल मा नै छु।तर  सबै साथी हरु विदेश जाँदा अनि तनाव हुँदा  बेला बेला म पनि गैदिम जस्तो लाग्छ। IDS काे यो भिडियो हेरे पछि म पनि आशावादी भएको छु।<br>यो भिडियो काे लागि धेरै धेरै धन्यवाद।❤,IDS,Regular_video_comments_Filtered,code_mixed,nepali_english,39,1,substantive_keyword,देश
22c942ac890f,"म पनि आशावादी छु।।<br>सके सम्म नेपाल मै।।<br>बिदेश गैएला तर कुनै पनि हालतमा देश त्याग्ने छैन।।<br>मेरो पुस्ताले भोगेको असुविधा मेरा पछिको पुस्ताले भोग्न नपरोस त्यस्का निम्ति आफुले सकेका हर प्रयास गर्ने छु।।<br>धनी गरिब हुन सक्छ तर गरिब कहिले गरिब हुदैन उ सङ्ग विकल्प मात्र धरी बन्ने हुन्छ।।<br><br>सुदिप भाइ सुवेदी लगायत टिम लाई मनै देखि धन्यवाद सोच अनुरुप कुरा मिले आउने भविष्यमा तपाईंहरु लगायत सजककर्ता हरुलाइ भौतिक र अभौतिक सम्मान पक्कै पनि गर्ने छ पुस्ताले।।<br>अन्ततःसमाजमा रहेका मिथिया बेथिती,गलत संप्रेषणको चिरफार गर्दै समाधान वा विकल्प सहित थप जानकारी फैलाउदै जान हार्दिक अनुरोध गर्दछु।।<br>#स्वर्गकोपहिचाननेपाल<br>#मेरोकेहियोगदानराष्टनिर्माणमा",IDS,Regular_video_comments_Filtered,devanagari,nepali,99,0,substantive_keyword,देश
b7d9b29fb4b3,One of the best video on this morning thank you mero Bhai ....!!!,IDS,Regular_video_comments_Filtered,roman_nepali,nepali,12,0,kept_default,
dd96b3c82c53,Throughout the video I felt a ray of hope and my man the way you portrayed the story I just want to clap one time for this content writing I didn't feel for a sec to skip the video I was totally engaged to it <br>Love your work wishing the best for you❤,IDS,Regular_video_comments_Filtered,latin,english,54,1,substantive_keyword,work
9aba3a62f783,Thank you so much for this inspiring video. Keep growing !!,IDS,Regular_video_comments_Filtered,latin,english,10,0,kept_default,
b52b0d1f8d04,"Really insightful video brother. I was waiting for someone to share how massive opportunities are there in FREELANCING since I have been doing and teaching it for almost 7 years now.<br><br>The main problem is the lack of payment receiving methods in Nepal. We live in an era where everything is digital around us but we as a country has been pushed away to access the huge potential of digitalization.<br><br>A huge number of freelancers are arising in Nepal these days and more will be in future. If more laws are made in the favor for Freelancers then yes more people will prefer to stay in Nepal rather than going abroad leaving their friends, family and country.<br><br>More power to you guys.<br><br>Cheers!",IDS,Regular_video_comments_Filtered,latin,english,123,0,substantive_keyword,abroad
833ec1dc11fd,म नेपाल मै केही गर्छु भनेर १ वर्ष सम्म नेपाल मा start-up सुरु गर्छ भनेर बस्यको मान्छे अहिले ielts को तयारीमा छु। विदेश मा केही सिकेर फेरि नेपाल आउने छु यो देश को माया को कारणले ।<br>देश छोड्नु हजार कारण होलान् तर देश मै बस्ने १ ओटै कारण माया ❤,IDS,Regular_video_comments_Filtered,code_mixed,nepali_english,51,1,substantive_keyword,देश
0b0994cafd0b,At this time you are the real hero. Thank you for spreading some light on such big problem. <br><br>❤,IDS,Regular_video_comments_Filtered,latin,english,18,1,substantive_keyword,pr
f5ed22ce6060,One of the most powerful content creator of Nepal. You spoke my each and every thought. Thank you brother for such kind of content. Appreciated your work.,IDS,Regular_video_comments_Filtered,latin,english,27,0,substantive_keyword,pr
cd83a066a18d,Thanks for the content filled with so much positivity and facts. Great Content as always. KUDOS  to IDS team... keep growing. Thank you❤,IDS,Regular_video_comments_Filtered,latin,english,23,1,kept_default,
f7a5341a2756,Everything happens happens for good.<br>Nice video and one of your regular viewer😊 keep it up....,IDS,Regular_video_comments_Filtered,latin,english,16,1,kept_default,
e083de49c0f2,"युट्युब साथीहरू आउनुहोस्, एक अर्कालाई समर्थन गरौं. 🎉❤❤❤",IDS,Regular_video_comments_Filtered,devanagari,nepali,7,4,kept_default,
cabc8c775a29,@naurajchannel7013 ok lets go buddy.Back na auda unsubscribe ni garincha no problem.,IDS,Regular_video_comments_Filtered,latin,english,12,0,substantive_keyword,pr
564b83a199c7,"स्वराेजगारीकाे अवसर नभएकाे हैन, कुरूप राजनीतिले अभिशप्त बनाएकाे मात्र हाे । यदि युवावर्गहरूमा राष्ट्रप्रेमकाे भाव भए देशकाे मुहार यथाशीघ्र परिवर्तन हुनेछ । जय देश । जय मातृभूमि । जय नेपाल ।",IDS,Regular_video_comments_Filtered,devanagari,nepali,31,0,substantive_keyword,राजनीति
fbadeceddf52,I'm hopeful that this video will change peoples' perspective. ✨,IDS,Regular_video_comments_Filtered,latin,english,10,1,kept_default,
55521a64e035,Respecting your hard work 💯❤,IDS,Regular_video_comments_Filtered,latin,english,4,2,substantive_keyword,work
ddd720205c89,This 23 years old guy is doing very well with proper research on the fact and I'm 22 years old guy watching from UAE 🇦🇪,IDS,Regular_video_comments_Filtered,latin,english,25,2,substantive_keyword,pr
49a1a059e13f,Basic salary nai 13k hunxa ani teslai 30k bhanau nu 30 yrs laghxa .ani ko basxata Nepal .bidesh nai better xa  boru .,IDS,Regular_video_comments_Filtered,roman_nepali,nepali,22,0,substantive_keyword,bidesh
8b6fb914465f,Teita not fair with low salary,IDS,Regular_video_comments_Filtered,latin,english,6,0,substantive_keyword,salary
87afba2db251,Thank you for motivating me. Degree sakayera baseko aba kehi opportunities aaula ki vanne aasha ma chu❤,IDS,Regular_video_comments_Filtered,latin,english,17,1,kept_default,
b2b8acf47632,don't wait.. audaina....  try yourself.,IDS,Regular_video_comments_Filtered,latin,english,6,0,kept_default,
e5e3ac82db94,Tyo wait garda gardai 10 barsa lagxa ani 10 barsa chai k garne aba?....maile desh xodnu parxa vaneko hoina mero afai conflict vairakhxa gharma abroad nagayera because my parents desperately want to send me to abroad but ma gako xaina. Tara jasko video herera ni jasko kura ni sunera emotional huney bani ramro hoina jun 95% nepalese haruko xa...afai socham afai logic lagam yo video wala le just afno optimistic side dekhako ho usko hope ko kura ho...voli arko manxe le dami facts sahit bidesh jana kina jaruri xa vanera video banaidela ani k garnu hunxa?,IDS,Regular_video_comments_Filtered,roman_nepali,nepali,99,0,substantive_keyword,bidesh
d3c66884e2a3,@rakshyapokharel516 afnu afnu perspective ho . Badhyata ra rahar(freedom) le ni matter garcha .. cheers to life,IDS,Regular_video_comments_Filtered,roman_nepali,nepali,15,0,kept_default,
4fe5602298f1,Great video. Reality of Nepal. Aasha xa Hamro desh Ramro hunxa ❤,IDS,Regular_video_comments_Filtered,roman_nepali,nepali,11,1,substantive_keyword,desh
fb9ce60848f4,Sanchai aaja tapaiko man ko kura bhannubhayo dai. Kassam manai chhoyo!,IDS,Regular_video_comments_Filtered,roman_nepali,nepali,11,0,kept_default,
e2d65d76ab83,you make us emotional and responsible indeed. indepth story thank you for showing positive hope.,IDS,Regular_video_comments_Filtered,latin,english,15,0,kept_default,
9354944fd218,"Congratulations to entire team for this great content, jai nepal",IDS,Regular_video_comments_Filtered,latin,english,10,0,kept_default,
53b3af81a3a0,Wow! What a beautiful video. Aankha rasayo. Sochey jasto deshma bhaye bidisthina hola🥹,IDS,Regular_video_comments_Filtered,roman_nepali,nepali,13,1,substantive_keyword,desh
20ba133951eb,Currently I am watching your video from Australia. I have never missed your videos. Thank you for such a beautiful video. 🙏🙏,IDS,Regular_video_comments_Filtered,latin,english,21,2,substantive_keyword,australia
3196c41690ad,Hats off to you guys for this amazing content with factual data,IDS,Regular_video_comments_Filtered,latin,english,12,0,kept_default,
cd7276f78935,Touch my heart ❤ keep up brother ❤❤❤ we need more content like this ☺️,IDS,Regular_video_comments_Filtered,latin,english,12,5,kept_default,
fed0c18cb426,"Ahti ramro 🙏 kasto sakaratmak,sattya kura uthaunu vayo 🙏dhandewad",IDS,Regular_video_comments_Filtered,roman_nepali,nepali,9,2,kept_default,
be3c625a0640,"This is among the most asked question at present context. Idk how much people will take this, but this has to pass through every youngster ears at least once.",IDS,Regular_video_comments_Filtered,latin,english,29,0,substantive_keyword,pr
8732e8165ba4,100 %true,IDS,Regular_video_comments_Filtered,latin,english,2,0,kept_default,
1abb970e49a0,Good one bhai. This is quite emotional for someone like me watching from abroad. I am the one who is as positive as you. Nepal will rise from the darkness.,IDS,Regular_video_comments_Filtered,roman_nepali,nepali,30,0,substantive_keyword,abroad
5d571b3fadcc,"Mero sathiko husband Ktm ma IT company ma monthly 1,80,000 kamauxa tei ni he chose to go Australia 🇦🇺 leaving Nepal 🇳🇵",IDS,Regular_video_comments_Filtered,roman_nepali,nepali,22,4,substantive_keyword,australia
6dd5f5657fb3,​@MonaLisa-sv7cm bro foreign is more doomed and expensive than nepal 😂<br>Alik sansar hern paryo,IDS,Regular_video_comments_Filtered,latin,english,14,1,substantive_keyword,foreign
e8625ef6d847,Malai neh basam basam lagna thalyo. K garnu visa aaisakyo 😂,IDS,Regular_video_comments_Filtered,roman_nepali,nepali,10,1,substantive_keyword,visa
5b676ac5b719,😂 jau jau kaam xaina😂,IDS,Regular_video_comments_Filtered,latin,english,4,2,substantive_keyword,kaam
618527eb2282,Oh my god! Hands down best video till date❤,IDS,Regular_video_comments_Filtered,latin,english,9,1,kept_default,
2f008b8685b7,Yo video ahile samma kai uttam video ho IDS ko. This topic was highly needed thank you ❤,IDS,Regular_video_comments_Filtered,roman_nepali,nepali,17,1,kept_default,
4a31c86122ca,Hami ja sukai gaye pani afnu desh lai bhulna chai hunna. Jati nai samaye lagos afnu desh chai farkinu nai parxa jasto lagxa.,IDS,Regular_video_comments_Filtered,roman_nepali,nepali,23,0,substantive_keyword,uk
0ef763986653,Bichara मेरो देश 🥺,IDS,Regular_video_comments_Filtered,code_mixed,nepali_english,3,1,substantive_keyword,देश
34e48f4ad95e,Wow! This has to be your best work till date my friend ! You have now really set the bar high in Nepali YouTube space. Awesome research and a super analysis on such a hot topic ! Great job 👏,IDS,Regular_video_comments_Filtered,latin,english,37,1,substantive_keyword,job
2c31e7619229,i think every problem have solution be patience and work hard,IDS,Regular_video_comments_Filtered,latin,english,11,0,substantive_keyword,pr
ab68b9b20b69,50% goes due to family problem<br>50% goes for show off,IDS,Regular_video_comments_Filtered,latin,english,11,0,substantive_keyword,pr
3c824f2bba83,Yeah those greedy fuckers.<br>They would even sell their children to show off.,IDS,Regular_video_comments_Filtered,latin,english,13,0,kept_default,
bd8bddf98da3,Nepalai narahe songs is suitable in this situation,IDS,Regular_video_comments_Filtered,latin,english,8,0,kept_default,
9b575105c9f6,Live your life as you wish. You don't owe this country anything nor does this country owe you anything. It's up to you where you want to create a meaningful life.,IDS,Regular_video_comments_Filtered,latin,english,33,0,kept_default,
12f025b3529b,#सुदिपभाइसुवेदी<br>धेरै वटा प्रतिकृया हरु पढे अधिकाङ्सको सोचनै दरिद्रता पुर्ण छ।।<br><br>उम केही केही विदेशमा पुगेर यो गरे त्यो गरे नेपाल मा केही छैन भन्दै निरासावादित्त्व पनि ओकली रहेका रहेछ्न जाने बितिकै बिदेशी दलाल भै सकेका नेपालका निम्ति कलङ्क हरु।।<br><br><br>४०% आसावादी र जिम्मेवारपुर्ण पनि रहेछ्न।।नेपाली हरु नेपाल का निम्ती।।,IDS,Regular_video_comments_Filtered,devanagari,nepali,50,0,substantive_keyword,देश
0c01060adadb,"The content is not just well researched, but it also made me think deeply about the subject matter. It truly captures the current situation of our country and the potential it holds for the future 🇳🇵🇳🇵",IDS,Regular_video_comments_Filtered,latin,english,35,4,substantive_keyword,future
5eaf35dad999,I like  that conclusion part of this video giving hope to the people who chose to stay in Nepal . ♥️,IDS,Regular_video_comments_Filtered,latin,english,19,1,kept_default,
572780636650,"Please continue creating this type of content. I hope it reaches every Nepali who has left their country so that when they open YouTube, your content appears on their feeds. Even if only 10 percent of viewers are inspired to think about returning and contributing to their homeland, it would be a significant achievement. I know it's challenging in Nepal right now, but change is possible. One day, people who left might start coming back. Keep making this kind of content—motivating even a small percentage means you've made a big impact.",IDS,Regular_video_comments_Filtered,latin,english,94,0,kept_default,
f1a243ea123d,"Literally amazing ,thykkai match khayo mero mentality sanga ,hope it goes well ....part time jobs ko kura chai ekdam  lagu hunu prxa Nepal ma , as a result bideshine dar dherai ghatxa 😢",IDS,Regular_video_comments_Filtered,roman_nepali,nepali,31,1,substantive_keyword,bidesh
36a15e6993b8,"मलाई त तरकारी मा नी भबिष्य छ जस्तो लाग्छ नेपाल मा यो साल मात्रै करडौ करोड को इलैची, टमाटर, लसुन, अदुवा इंडिया लाइ बेचेका छन नेपालीहरुले तर सरकारले अझै नगदे बालिहरुलाई बढुवा दिनु जरुरी छ. सम्भावना नभाको होइन नगर्ने मान्छे भएर पछि परेको हो",IDS,Regular_video_comments_Filtered,devanagari,nepali,44,0,substantive_keyword,सरकार
55a1a0ae1afc,"Awesome content, i have been working in the IT industry since 12 years and have started creating awareness on Remote work, IT jobs and career path since few years.",IDS,Regular_video_comments_Filtered,latin,english,29,0,substantive_keyword,job
ebb6ecff27d8,"Very sad. Come back home, all my friends.",IDS,Regular_video_comments_Filtered,latin,english,8,0,kept_default,
cc7e48db52cb,हजुर को खोज मेहनत अनि नेपाली समाजमा दिराख्नु भएको चेतना को लागि हजुर लाई धन्यवाद तपाईं हाम्रो लागि लोकप्रिय हुनुहुन्छ हजुर को हरेक भिडियो एकदम प्राभावकारी हुन्छ🇳🇵 🙏,IDS,Regular_video_comments_Filtered,devanagari,nepali,27,3,kept_default,
3582397f5809,Heart Touching Video... Thank you IDS...<br>I finally Found my Answer❤,IDS,Regular_video_comments_Filtered,latin,english,11,1,kept_default,
72790dfb5870,mon xoyo dai hjr ko kura le..<br>Tara bidesh janu bahyek kunai option xaina...🥺🥺,IDS,Regular_video_comments_Filtered,roman_nepali,nepali,14,2,substantive_keyword,bidesh
a0d2cfe07af0,"देशको माया लागेर के गर्नु गरिबि,भोको पेट र रित्तो गोजिले  सताए पछि 😢😢😢म१९ वर्ष मा विदेशिएको हु",IDS,Regular_video_comments_Filtered,devanagari,nepali,18,3,substantive_keyword,देश
c5513603872f,"तपाईं अाफ्नाे स्थान बाट सुरु गर्नुहाेस्, म अाफ्नाे स्थानबाट गर्छु । उठाै र जागाै अनि बनाअाै नेपाल देशलाई ❤ 🇳🇵",IDS,Regular_video_comments_Filtered,devanagari,nepali,18,3,substantive_keyword,देश
c95594aad91f,Wow You’re age of 23 and you’re doing great job by staying Nepal.Good quality of information.I became more fan of you ❤,IDS,Regular_video_comments_Filtered,latin,english,25,1,substantive_keyword,job
2b4f07c27790,समसामयिक विषयको धेरै जानकारीमूलक र विश्लेषणात्मक भिडियो।अति राम्रो लाग्यो। देशलाई  नेपाली भएर जन्मनुमा गरिरहन मिल्ने बनाउने जिम्मेवारी हामी नेपाली युवामै भएको बोध गरिएको छ।🇳🇵,IDS,Regular_video_comments_Filtered,devanagari,nepali,24,2,substantive_keyword,देश
a84cc53f50f9,आज देशमा कोहि बस्न चाहदैनन्  । किन कि  देशमा न राम्रो रोजगार छ  । न रोजगार अनुसार गुजारा गर्न सकिन्छ । त्यो भन्दा डर लाग्दो कुरा  जनता को  मानसिकता नै अलि सक्षम भए बिदेशिने चाहे  आर्थिक रूपमा होस   चाहे शैक्षिक रूपमा होस ।  हुदा हुदा अब त देशमा  कि त कर ले बस्छ कि त बाध्यता ले बस्छ । यस बाट यस्तो स्थिति आइ सक्यो देशमा र घरमा रहेका वृद्ध बा आमा हरु केही गरि बिरामी परे औषधि ख्वाउने र मृत्यु भए सदगत गर्नु परे आर्यघाट मा  छोराछोरी अमेरिका युरोप र खाडि बाट आउँछ भनी मुर्दा घरमा राखी  पर्खेर बस्नु बाहेक अर्को विकल्प  छैन  । राज्य जति जनता बिदेशियो  उति रेमिट्यान्स आउँछ भनी दरिद्र मानसिकता ग्रस्त छ ।,IDS,Regular_video_comments_Filtered,devanagari,nepali,118,0,substantive_keyword,रोजगार
8ca88cda3593,"Flawless presentation, best storytelling, full of positive vibes❤<br>Appreciated bro, MAYA❤",IDS,Regular_video_comments_Filtered,latin,english,11,2,substantive_keyword,pr
52b69d4db7e8,Video ma dherai words ko spelling wrong dekhe please next time dekhi dhyan dinu hola...,IDS,Regular_video_comments_Filtered,roman_nepali,nepali,15,0,kept_default,
fcfcb55b2ce9,Nice analysis. 100% agree on your points. Stay positive. Peace and ❤,IDS,Regular_video_comments_Filtered,latin,english,11,1,kept_default,
9aefd83622cc,This side of youtube ❤❤ Really appreciated your legacy and hardwork.,IDS,Regular_video_comments_Filtered,latin,english,10,2,substantive_keyword,pr
c62f8c5b81ce,जे शुकै होश नेपाल मै मर्ने हो,IDS,Regular_video_comments_Filtered,devanagari,nepali,7,0,kept_default,
a3237d49d39e,"This is an eye opening content. Ma afu pani 2023 april ma Australia rejected ra asti varkhar march 20 ma Canada reject vayera basirako chu. <br><br>Mero bidesh jane sapana uta gayera settle hunu haina. Ma marne belasamma afno Motherland Nepal ko lagi 1% vayeni contribution dina paun vanne mero soch ho. Bas dimag ma soch yeti thyo ki maile chayeko kura Nepal ma vanda bidesh ma chito pura hunxa।<br><br>प्यारी नेपाल आमा, मैले आमा काे माया राम्रो सँग नपाएनी हजुर ले मलाई धेरै माया गर्नु भएको छ। मैले आफ्नो जीवन मा चएको सबै कुरा त पाएको छैन तर जति पाएको छू त्यति पाउन को लागि पनि धेरै भाग्यमानी हुनुपर्छ। नेपाल काे विकास मा केइ न केइ योगदान दिएरै मर्नेछु। ❤️🕉️<br>जय जन्मभूमि🇳🇵🇳🇵🇳🇵🇳🇵",IDS,Regular_video_comments_Filtered,code_mixed,nepali_english,121,10,substantive_keyword,bidesh
4d3474552ff7,MA TA DESH MAI BASNE HO SAATHIII!!:)❤,IDS,Regular_video_comments_Filtered,roman_nepali,nepali,7,1,substantive_keyword,basne
dc5bb144aa3c,Aaile desh vitrai basne haru ko love ta secure hudaina 😢,IDS,Regular_video_comments_Filtered,latin,english,10,1,substantive_keyword,basne
97d6a43d5d84,Sai hooo Daiiii 💗💗,IDS,Regular_video_comments_Filtered,latin,english,3,2,kept_default,
567e1938977b,सबै बिदेश गयर ५/१० लाख जनता मात्रै बसे भने पनि  आफू त देशमै बसिन्छ।,IDS,Regular_video_comments_Filtered,devanagari,nepali,15,0,substantive_keyword,देश
d7d66a52af6d,You are always right in your all videos bro always with you ❤❤❤❤,IDS,Regular_video_comments_Filtered,latin,english,12,4,kept_default,
28a029179334,"Thank you for making this video........आजको दिनमा बाहिर जाने च्यालेन्ज होइन , नेपालमा बस्ने च्यालेन्ज हो।।।nepal ma nai basne decision ajha justify garidinu bhayeko ma thank you",IDS,Regular_video_comments_Filtered,code_mixed,nepali_english,27,0,substantive_keyword,basne
1cdf350edcec,"असहज परिस्थितिमा सुविधा खोज्दै देश त्यागेका हरु,जस्ले नागरिकता त्यागे,नेपाली ढुकुटी रित्याउन मात्र सहयोग गरे भविष्यमा ती हर लाई नेपाल घुम्न आउन पनि बन्देज गरिने छ।।",IDS,Regular_video_comments_Filtered,devanagari,nepali,27,0,substantive_keyword,देश
92d75681e7e7,८०% बिदेश बाटै हेर्दै होलान् यो भिडियो।,IDS,Regular_video_comments_Filtered,devanagari,nepali,7,0,substantive_keyword,देश
13ec6fea8aa3,लोकसेवा मज्जा ले पढ्ने नाम निकाल्ने। परिवारको खुसी र आमा भन्दा ठूलो कोही हैन।😊 Thank you Dai,IDS,Regular_video_comments_Filtered,code_mixed,nepali_english,17,1,substantive_keyword,परिवार
c94a72b93df5,"तपाईंको videoले मन छोयो, आफ्नो देश प्रतिको मोह र माया अझै बढायो, म नेपालमै सानो Business गरि बसिरहेको छु र कहिले business न चलेर साच्चिकै पलायन हुने मन बनि हाल्छ तर अब नेपालमै बस्नुपर्छ भनि लाग्यो 🇳🇵",IDS,Regular_video_comments_Filtered,code_mixed,nepali_english,36,2,substantive_keyword,देश
86d4d39974c3,This video is life-changing. Thank you for sharing it.❤❤❤❤❤,IDS,Regular_video_comments_Filtered,latin,english,10,5,kept_default,
56573a03f033,Yo video ma mention huna xuteko ra arko bidesh jani karan vaneko aajkal even afno parents haru lai waha haru le bhogeko kura haru le garda nai afno xora chori haru lai yo desh ma rakhna xaina hamro age ko youth le chahi future ma desh ma opportunity dekhexam hola tara dherai jasto  parents haru ko najar ma sirf challenges ra obstacle xa tesaile waha haru le afno xora xori haru lai jasai bidesh pathaunu parxa vanni soch xa,IDS,Regular_video_comments_Filtered,roman_nepali,nepali,79,0,substantive_keyword,bidesh
6d3f3ac81823,I'm 15 yrs old and watching your videos made me realize many things  i wouldnt realize even after 10 years I'm grateful that you are inspiring youths like us and I'm grateful to be in this side of social media and someday our country will shine if we are try to be like you and I hope someday i can meet you and pay my respect for you😄anyways a lot of respect and support for you dai!!!,IDS,Regular_video_comments_Filtered,roman_nepali,nepali,81,1,kept_default,
2adfbed54c7d,Bro I believe that one day we will be Nepal 🇳🇵 day <br>One day all will Happy and proud for our country <br>One day we will make our country better than other's <br>We will do it together One day,IDS,Regular_video_comments_Filtered,latin,english,39,2,substantive_keyword,pr
3fbbfc1cbef0,You have so much positivity at the end. Love you man!!,IDS,Regular_video_comments_Filtered,latin,english,11,0,kept_default,
d48de45d525c,"I was confused whether i need to go abroad or be in Nepal. Due to that I was so much distrubed. After watching this video, now I am pretty much clear and know what to do in my life. I have able to find out the difficult question of my life. I am really really motivated from this video. So, for now I would like to say thank you so much in advance.",IDS,Regular_video_comments_Filtered,latin,english,73,0,substantive_keyword,abroad
f5a17eece1f3,I was born in Nepal and I will die in Nepal coz i love my contry no matter what❤❤❤❤,IDS,Regular_video_comments_Filtered,latin,english,19,4,kept_default,
08f4e257f4e1,Good video <br>Keep spreading such a positive message and awarness to youths which seems too urgent to inspire  them for staying in nepal,IDS,Regular_video_comments_Filtered,latin,english,23,0,substantive_keyword,pr
7799fbafbc9c,"Hats off to the team for the research, dedication and efforts to gather and present information. A serious issue like this needed our attention. Bitter truth sad reality much to be done.",IDS,Regular_video_comments_Filtered,latin,english,32,0,substantive_keyword,pr
5cafd4882d5d,Thank You IDS for such a informative Video.❤appreciate it❤❤,IDS,Regular_video_comments_Filtered,latin,english,10,3,substantive_keyword,pr
a0bfda2d515b,Yo sabai Nepal sarkar ko karan le garda ho. Auta kura thaxa dai bahirako deshko pm harule hami kasari aafno desh ko yuwa haru lai ramro sip dine kasari janata haru lai sip diyera aafno desh ko bikas garne sochxan ani hamro deshko beta haruko tap hero nahh ta social media haru lai ramro garda nata yako yuwa haru lai ramro sip ra sixya dine garxa. Aile herne ho vane nepalma harek yuwa ra harek Bachcha Jo school college m padxan sabai ko soch vaneko bahia desh janu nei xa...,IDS,Regular_video_comments_Filtered,roman_nepali,nepali,90,0,substantive_keyword,janu
b3269b8d46ef,नेपाल तिमी रहौला कहा नेपाली नरहे !,IDS,Regular_video_comments_Filtered,devanagari,nepali,6,0,kept_default,
504c42234bc3,"That line hit me ""what do you want ?""",IDS,Regular_video_comments_Filtered,latin,english,8,0,kept_default,
42d69bcd9429,Ahile eaklo mahasus Vai sako bro 😢😊,IDS,Regular_video_comments_Filtered,latin,english,6,2,kept_default,
6b93cc3ebe0c,Thank you so much for this awesome video ❤❤ keep it up ❤,IDS,Regular_video_comments_Filtered,latin,english,11,3,kept_default,
b31b73f7b343,"No matter how many people left Nepal they will sill connect with various ways to Nepal ,so there is still a chance we can generate income from them as various businesses will rise 😄 lets search for it 😁",IDS,Regular_video_comments_Filtered,latin,english,37,2,kept_default,
aaef97f29e9b,Zakir khan gave that Masterclass 💜,IDS,Regular_video_comments_Filtered,latin,english,5,1,kept_default,
a72fef801493,Very much true...well said..,IDS,Regular_video_comments_Filtered,latin,english,5,0,kept_default,
88556d3780b6,"भाइलाई Hope रैछ नेपाल बन्ने तर मलाई छैन , गफ दिएर भिडियो बनाउन सजिलो छ Reality फरक छ । यो देश कम्तीमा मेरो पाला सम्म चाहिँ बन्दैन भन्नेमा म ढुक्क छु ।",IDS,Regular_video_comments_Filtered,code_mixed,nepali_english,31,0,substantive_keyword,देश
b5499723ae28,"Maybe it can be helpful for somebody, especially for students, just don't give your full time to course book. Read and learn about share market, content creating, can learn barista, driving, cooking, even go for the labour job, discuss with friends about ideas and business. For now, you may not make money but you will know lots of thing like investing ideas, communication skills, personal budgeting, how to deal with people and of course will be more confident. <br><br>And life is all about selling yourself and you need to know how to sell to get the best price.😊😊<br><br>Good luck for everyone. Cheers",IDS,Regular_video_comments_Filtered,latin,english,104,2,substantive_keyword,pr
5e71d0a86492,Right Remote jobs is the future for Nepal..i also work remotely and  I'm making really good income 😊,IDS,Regular_video_comments_Filtered,latin,english,19,1,substantive_keyword,future
054772e60780,आज  धेरैमा ७ वर्षको लागि देश छाड्ने अनि फर्की आउने उदेश्यका साथ नेपाल छाड्दौ छु <br>हाल मात्र १८ वर्षको छु <br>फर्की आउने छु <br>नत्र पाप लाग्न सक्छ जन्मभुमि को😢😢😢😢😢😢😢,IDS,Regular_video_comments_Filtered,devanagari,nepali,29,7,substantive_keyword,देश
13a9734ad1d5,Now make a video on ‘why to leave Nepal as soon as possible’.,IDS,Regular_video_comments_Filtered,latin,english,13,0,kept_default,
82785036f2f9,Bro the job you talking about will soon take over by AI,IDS,Regular_video_comments_Filtered,latin,english,12,0,substantive_keyword,job
bf5ff8d41fec,"bitter truth: yo desh ma basne vaneko  bidesh jana nasakeko,  bahira gayera settle huna nasakne matra ho. Ani freelancing garera 4-5 lakhs Nepal mai kamaune vaneko 1000 jana ma 10 jana matra ho. Jaba samma desh banauxu vanne mansaye vayeka 2,3 wota political party haru aaudainan taba samma yei desh ma vabisye banla vanne aasai nagarum. 1, 2 jana le matra desh banauxu vanera politics ma ayeka haru lai k k vai ra xa, kati tira bata khutta tanne haru aauxan sabai lai thaha nai xa.",IDS,Regular_video_comments_Filtered,roman_nepali,nepali,88,0,substantive_keyword,bidesh
6dfb1bbbea87,Khoe Nepal mai garnu parxa vaner 2020 dekhi Nepal mai business garn thaliyo. 2023 ma aayer Survived garn garo hun lagyo .. finally 2024 ma des xodn fully ready vaye,IDS,Regular_video_comments_Filtered,roman_nepali,nepali,29,0,kept_default,
44e4dadf6f11,Moh ewta artist ho dhunga bata banauchu monthly 50 60 kaile 70 ni hunchh tarw ooni pugeko choina nepal ma last option baira nei dekhira chu rw chitoi jadei poni chu😊😊😊,IDS,Regular_video_comments_Filtered,roman_nepali,nepali,31,3,kept_default,
4305a6ddc81e,you should use more nepali words because when we share this to our older parents they could easily understand.,IDS,Regular_video_comments_Filtered,latin,english,19,0,substantive_keyword,parents
d7cc5c70ba3d,मैले पनि 2023 मा देश छोडेको हाल कुवैत को खाडी बाट😢,IDS,Regular_video_comments_Filtered,devanagari,nepali,11,1,substantive_keyword,देश
629d6d795157,"Euta home renovation ko kaam liyeko thiye, ghar ma dui jana 70+ ko aama buwa matrai hununthyo. Chora chori sabai jana bides ma, utai settle vaisaknu vayeko raicha. Work suru gareko first day, kaam sakera site bata niskinu aghi aama le mero hath samaudai vannu vayo ""Hamro chora chori j vane pani babu nai hunu vayo aba, afnai ghar samjhera gardinu hai, hami buda vayeu, kei garna sakdainau, garo cha hamilai. Babu le chai afno aama buwa lai kailei chodera najanu hai"". Akha rasayo. Aja pani tyo aama ko kura samjhida akha rasaucha.",IDS,Regular_video_comments_Filtered,roman_nepali,nepali,93,0,substantive_keyword,janu
e143b4cf7dce,"""You're parents aren't against you're passion, they just don't wanna see their child starving"" don't know but it hit different",IDS,Regular_video_comments_Filtered,latin,english,25,0,substantive_keyword,parents
5a1c84bca8b7,baru Nepal mai garna sakne business ke ho bhanera bhannu na,IDS,Regular_video_comments_Filtered,roman_nepali,nepali,11,0,kept_default,
bba392aa6047,"When I grow up, I want to study Paleontology(Dinosaur and prehistoric life fossils)but im worried that it wont work here in Nepal. So what i am planning to do is:<br><br>Pass Bachelors, Go abroad, still have Nepali citizenship and passport. Study Paleontology. In my last year of being abroad. Consult with locals. Find out how they turned Their country good. Come to Nepal, spread awareness.Or anything to change Nepal.Hopefully",IDS,Regular_video_comments_Filtered,latin,english,73,0,substantive_keyword,abroad
1c250443c24e,siringai vayo guee nai dai,IDS,Regular_video_comments_Filtered,roman_nepali,nepali,5,0,kept_default,
e0a598e37fb3,नेपाललाइ इसाई देश बनाए सबै समाधान हुन्छ,IDS,Regular_video_comments_Filtered,devanagari,nepali,7,0,substantive_keyword,देश
f4635489812d,Bolna payo vandaima j payo tei nabol hai fatah,IDS,Regular_video_comments_Filtered,roman_nepali,nepali,9,0,kept_default,
95947e4edc69,कुनै समय गांउबाट १ जना बिदेश जादा मन भारी लाग्थ्यो अहिले आफै परदेश आइपुगेको छु। मायाले मात्र नपुग्ने जिन्दगी चलाउनलाई।😢,IDS,Regular_video_comments_Filtered,devanagari,nepali,20,1,substantive_keyword,देश
c315c3f3d44b,Watch more then 10 time❤🫠,IDS,Regular_video_comments_Filtered,latin,english,5,2,kept_default,
cbc7eb6473dc,Well ask those who just completed their +2 study who are middle class. <br>How difficult to  get job and complete family dream😢😢,IDS,Regular_video_comments_Filtered,latin,english,22,2,substantive_keyword,family
2739dbc0d72a,America ma thiye aaile nepal mai kei garxu vanera 17 barsa pachi aaye ...aaile geda jasto vayo,IDS,Regular_video_comments_Filtered,roman_nepali,nepali,17,0,substantive_keyword,america
c5794a83a348,नेपालमा बसेर कम्तिमा मेडल क्लास परिवार कमाउन सकिन्छ  ?<br>आफ्नै पैसाले बिहे गर्न सकिन्छ ? <br>के हामी हाम्रो हजुरबुबा जस्तै सम्पत्ति किन्न सक्छौं? <br>के हामी भारतीय जस्तै कार किन्न सक्छौं?,IDS,Regular_video_comments_Filtered,devanagari,nepali,28,0,substantive_keyword,पैसा
5415c840a5bc,Part time job really needed,IDS,Regular_video_comments_Filtered,latin,english,5,0,substantive_keyword,job
bbb4b07064a7,"As a recently +2 graduated guy who is sick of thinking abroad or Nepal , this video changed my point of view and  now i think i know what to do, loved your video ❤",IDS,Regular_video_comments_Filtered,latin,english,33,1,substantive_keyword,abroad
3fc9301f0acc,Same bro,IDS,Regular_video_comments_Filtered,latin,english,2,0,kept_default,
15eeeddf80d7,25 rs ko chiya khane paisa hudina aafu saga kam  khojyo vani ne ramro pauna garo xa  dhearai kamauna neta ko source chayo ani aafu sagai padeako sathi lea gako 1.5/2 barsa ma 50lakh dheaki 2cr samman kamaye vabda hami pagal matrai huna Baki xum,IDS,Regular_video_comments_Filtered,roman_nepali,nepali,47,0,substantive_keyword,paisa
be55a374d22d,1 subscriber 10 marks❤😅,IDS,Regular_video_comments_Filtered,latin,english,4,2,kept_default,
302eaf958848,South Sudan Nepal bhanda garib ho vane ki tya jagir pauxa Nepal ma paudaina 😂😂😂😂😂😂nepis,IDS,Regular_video_comments_Filtered,roman_nepali,nepali,15,6,kept_default,
2a16d87354a3,I live in Australia. Akhir kei nai rahyo Nepal ma mero lagi. <br><br>Tyo samaj jasle ma khelda sano ma malai bigreko kta vani Tag lagayo.<br><br>Tyo samaj jasle malai SLC ma kasko chorera pass vais vanyo.<br><br>Tyo samaj jas le malai kaile ijjat garena<br><br>Tyo samaj jasma mero dady lai dukha ko ghadi ma help garna koi ayena.<br><br>Tyo samaj jaha khutta tanne manxe haru ghar ghar ma basya xan<br><br>Maile dukha bahek kei nai payena.<br><br>Tara aja awastha ferieko xa<br>Jaba ma saga pr vayo paisa vayo<br><br>Aja ma saga sathi huna sap khojxan<br>Kaile nasuneko Afanta haru le mero xora xori bolauna paro eta uti vandai bolxan<br>Suddenly jo manxe le malai reject garya thi aja biha garum vanxa<br><br><br>Nepal lai maya garxu but Nepali soch lai gardina. Australia le mero harek dukha ko ghadi ma abhiwahak sara maya gareko xa<br><br>Nepali hu but Australian pani. Dubai mero mutu ko tukda hun <br><br><br>Tehi sama,IDS,Regular_video_comments_Filtered,roman_nepali,nepali,156,0,substantive_keyword,gayo
98c54588ad79,"अब को १० बर्ष पछि नेपाल धनी हुन्छ। म चाहिँ १० बर्ष सम्म World Travel गरेर नेपाल फर्किन्छु। 😅😅😅  Yes ma ni freelance & online business ko through earn garchu so, IT sector ta सदाबहार हुने नै भयो, पछि Roads & Transportation को सबै सुबिधा भएसी Organic agricultural & Farming in hilly regions,  Religious Tourism (mainly Hindu& Buddhist tourist from India & China etc countries) & Spiritual Tourism(yoga, medidation, retreat centre, spa etc), & tourism connected with nature(mountain climbing, hiking etc ). Yehi ho nepal को कमाउने आधार।",IDS,Regular_video_comments_Filtered,code_mixed,nepali_english,82,3,substantive_keyword,india
72c13b9a1c97,10 Reasons SOONER or LATER Everyone will Left 🇳🇵Nepal 😢 😪 <br>https://youtu.be/AlcahONiYOc<br>Either It's For Further Studies or Work,IDS,Regular_video_comments_Filtered,latin,english,17,4,substantive_keyword,work
1e6381ed8977,"15"" /20 वर्षपछी नेपालमा खाडी जाने पुस्ता नभए देश कसरी चल्ला??? point to be noted",IDS,Regular_video_comments_Filtered,code_mixed,nepali_english,15,0,substantive_keyword,देश
6f578047e589,I’m living in abroad right now. <br>I’am sure many Nepali like me wants to go back to Nepal at certain point. <br>But there is only one question that’s stopping Nepali youth from coming back. <br>FARKERA K GARNI ??? <br>You also know that positive news about Nepal rarely comes out. <br>Could you please make a video regarding stuffs that people can do  after coming back to Nepal and their chances of success.,IDS,Regular_video_comments_Filtered,latin,english,73,0,substantive_keyword,abroad
2bacd34297fd,"Mero concern yehi ho!<br>World scenario etee bela third world ko dhoka ma ubheeko cha, ra sansar bhari War front khuli raheka cha, jastae Russia v/s  Ukrain  (U. S) Nato Israel vs hamas iran, Pakistan vs Taliban Iran china vs Taiwan Armenia Ajarbejaan!<br>Bholi ko din ma afania desh kaam laagne ho!",IDS,Regular_video_comments_Filtered,roman_nepali,nepali,53,0,substantive_keyword,israel
f94564dc561b,"ma ayo vedio bidesh (portugal)  mae basarh hirako xu , at first ma nepal ma huda pani bidash nae saab thak jasto lagthyoh but after when i came abroad, things are not like what i think in nepal.  hola nepal vanda ali bade income ta hola but eha kharcha pani tastie hunxa. like you said maya. yes thats really matter i miss every things of nepal, eha ayrh tha vayoh ke ateh mahant garni baru nepal mae garako vayah i will be more happy. i want happiness in my life so ava ko 1 or 2 years mah i will be returning my country nepal.  <br>from my side what i suggest is bidesh ghumnu parxa ,thawu dakhnu parxa but j vayah pani afno thawu vanko afnie hunxa ayoh kura bideash gayah paxe tha hunxa kasto hunxa afno manxey haru ko najik rahada.",IDS,Regular_video_comments_Filtered,roman_nepali,nepali,141,0,substantive_keyword,bidesh
0ee4e1cfe4a5,"23 barsa mai bachelor sakkaunu vayexa Nepal ma basera pani....sure bideshi university hola, bideshi university na vaye TU chai pakkai haina hola 😂😂😂",IDS,Regular_video_comments_Filtered,roman_nepali,nepali,23,3,substantive_keyword,bidesh
0ba07ab391ce,Bidesh jane because no nepali school certificate value😢,IDS,Regular_video_comments_Filtered,latin,english,8,1,substantive_keyword,bidesh
2e31c4986f51,"Nepalese society jamider cha ahile,<br>Mero chora ya chori lai bidesh pathaunu parcha. <br>Tei society ko manche haru corrupted politician lai vote dinchan,<br>Doctor or Engineer padnu parcha hai arubpadera kam chaina vaane yaiyat mindset society<br>Aru pani factor haru chaan.",IDS,Regular_video_comments_Filtered,roman_nepali,nepali,41,0,substantive_keyword,bidesh
217e70d5acb6,Yes I agree with you bro,IDS,Regular_video_comments_Filtered,latin,english,6,0,kept_default,
80a6b8f9a4af,Everyone: Nepal mai basau ki bidesh jau..<br>Me: ek choti bidesh gayera paisa kamayera Nepal mai chill garxu 😅❤,IDS,Regular_video_comments_Filtered,latin,english,18,2,substantive_keyword,bidesh
9a3f571f8537,Can I use some of your video clips to share with my friend and family?,IDS,Regular_video_comments_Filtered,latin,english,15,0,substantive_keyword,family
a12af9729adc,"You dont owe the country anything.. you also dont have to feel responsible for the nation future. Desh establish garne ko pariwaar lai ta public le nikali dio , who are you? Follow and do what is best for your family and you. Hoping and waiting for Nepal to transform is just being delusional.. if you want to live in Nepal great enjoy.. just dont keep telling yourself 10 barsa pacchi ramro huncha.. be preprared to live in Nepal of today not in the imaginary ideal Nepal.",IDS,Regular_video_comments_Filtered,roman_nepali,nepali,86,0,substantive_keyword,pr
1144ac997d94,Akhir katin jeel tyo aash ma basni??,IDS,Regular_video_comments_Filtered,roman_nepali,nepali,7,0,kept_default,
48d12ae38ad4,Europ ko sabai vnda grib desh ho Romania 🇷🇴,IDS,Regular_video_comments_Filtered,roman_nepali,nepali,8,2,substantive_keyword,romania
753280c8be76,195 desh vako sansar ma 205 ota desh gaidinxan nepali haru🤣,IDS,Regular_video_comments_Filtered,latin,english,11,1,substantive_keyword,desh
f312afca9a49,जुन दिन देश छाडेको थिए । तेई दिन कसम खाको थीए एक दिन फर्केर केहि गर्छु भनेर र म फर्किन्छु मलाई म माथि बिस्वास छ 🙂,IDS,Regular_video_comments_Filtered,devanagari,nepali,25,1,substantive_keyword,देश
d6b2f0501721,फर्किनु पर्छ सर।।<br>पुर्खाको भुमी बिगार्ने कि बनाउने हाम्रै हातमा छ।।<br>हामी पछिको पुस्ताको निम्ति अलि ज्यादा मिहेनत गरौन।।,IDS,Regular_video_comments_Filtered,devanagari,nepali,19,0,kept_default,
7f95f36cfb8b,आखिर कैले सम्म चै भाग्ने र सर 🙏,IDS,Regular_video_comments_Filtered,devanagari,nepali,7,1,kept_default,
366646cb5287,"We must leave nepal because whatever is important for a Nepali citizen to get better life or rich life, it is banned<br>For example; crypto banned in nepal",IDS,Regular_video_comments_Filtered,latin,english,28,0,kept_default,
997971909d48,Nepal ma aba nepali hoina neta ra teska jhole karyakarta matarai huneyxa,IDS,Regular_video_comments_Filtered,roman_nepali,nepali,12,0,substantive_keyword,neta
d66b05a88632,"Mailey ni paila janxu bhaneko. Paxi dherei ghatana haru dekhey, afno pariwar sanga time bitauna sakina bhaney jindagi jiuna ko maja k xa rw jhai lagyo. Ayiley padhdei xu yetei. Mero lakshya bhaneko kehi ramro garera yetei pariwar sanga time spend garney majaley. But yesto dar ni xa, paxi kehi na bhayera bahira po jana parlaa ki.. rin lera padhdei gareko, paxi tirna na sakera bahirei jana parxa ki?... Nepal maa ramro garxu bhanney ko kaam xaina, sayad mero ni hunxa jasto ni lagdeina✨🖤",IDS,Regular_video_comments_Filtered,roman_nepali,nepali,84,2,substantive_keyword,kaam
0a96169c324a,"But dhukka chai bhaye, IT student hu ramrei khalko❤",IDS,Regular_video_comments_Filtered,roman_nepali,nepali,9,1,substantive_keyword,uk
260b1c322fff,What about AI,IDS,Regular_video_comments_Filtered,latin,english,3,0,kept_default,
6dff0ab21023,"What about people who don't want to be IT professionals? What if someone wants to be a teacher or a doctor, an astronaut, a Biologist, a Maritime professional etc etc. It will always be better for them to get a great  residency in more developed countries as they will get more facilities than working in a government school or government hospital and many jobs don't even have a sector in our country<br>The entire country cannot develop with just IT professionals<br>You blame the youth for leaving the country, avoiding learning skills, and being unpatriotic while you suggest a selfish approach that benefits only the people interested in IT",IDS,Regular_video_comments_Filtered,latin,english,111,0,substantive_keyword,pr
5fdc6c1d7af8,"Kehi mahina ma iPhone, Mac computer, ghar ra gadi huncha bhannu chai ekdum galat ho. Ma bideshiyeko 20 yrs bhayo. Tara euta ghar, gadi, iPhone, Mac laptop kinnu kati dukha garey malai matra thaha cha. Esto fictional info nadiyeko best hola. Esto nachahiney bhram failaunu uchitt hunna. Kehi mahina ma gadi ra ghar jodhca bhannu jasto galat info dinu tapai haru ko jasto channel lai suhaudeina. Ajha whole family lai iPhone pathaucha arey. Esto hasauney kura nagarnu best hola",IDS,Regular_video_comments_Filtered,roman_nepali,nepali,79,0,substantive_keyword,bidesh
332d9f015945,Bidesh Jane,IDS,Regular_video_comments_Filtered,latin,english,2,0,substantive_keyword,bidesh
eb68f4a8d2c6,Nepal mai basinxa😊,IDS,Regular_video_comments_Filtered,latin,english,3,1,kept_default,
3a55212128a2,"+2 ko result paxi mero family le nai malai Australia jaana malai suggestions diyo, maile tyo bela vaneko yaad aauxa desh mai hurkiye desh kai hawa maa saas fere ek choti prayas nagari nai xadna ta milena ni <br>Ani ahile 2 barsa huna laagda ma tyo decision katai galat ta vayena vanera sochxu <br>Ahile 3 ota degree sang sangai pursue gardai xu nepal mai, CA, ACCA ra BBS gardai xu <br>Paisa kharcha vairaaxa<br>Mero school ko class maa ahile ma matra nai hola jo kita bidesh gaako xaina wa jasko process chaliraaxaina bidesh jaane <br>Sathi haru le pragati ta garinai raaxan tara ek choti prayas nagari ta ma yettikai desh ko maya marne waala xaina <br>Euata matrai cheez chaiya xa haamilai ra tyo ho CHANGE <br>Euata matrai change ani this country will be a land of opportunity<br>Atti pani ta atti nai vaisakyo nita kati sahanu vanya <br>Kunai na kunai din ta change aaulanita <br>I am optimistic about this and i can smell a lot of opportunities waiting for us <br>Nepal kai hawa maa saas ferna paaw, nepali mai khulera bolna paaw, nepal xadna man xaina ra jaba samma naramro sanga mero yo biswas vachidaina taba samma yo desh xadne wala xaina <br>Bidesh jaane ho tara ghumna <br>Aba ta change holani vanera aasawadu xu <br>Tara bidesh jaane haru ko pani pida bujxu ra dar laagxa ki kunai din tyo vid maa mani huneta hoina <br>J hos ahile lai nepal mai khushi xu",IDS,Regular_video_comments_Filtered,roman_nepali,nepali,242,0,substantive_keyword,bidesh
9f943f95a2f0,"@Laxmisharmaa26  it's unbelievable how these 7 months changed my mind. I couldn't even believe i used to think like this 7 months ago😅<br>A lot has happened in the last 7 months. I have been fatigued mentally, physically and emotionally.<br>I have currently shifted my sole focus on acca and i am leaving this country by next year. <br>To live in this place for a guy of my age, everyday frustration gets added and it gets difficult to not get bothered by them. <br>I am not saying Nepal maa kehi garna sakidaina cuz there are many people who are doing so well in Nepal. But for me, Nepal maa basera i can't achieve what i want.",IDS,Regular_video_comments_Filtered,latin,english,118,1,kept_default,
d4851a503104,"Hey!! I belong to nepal, but I do live now in Australia. What made me stay in Australia is everything. Literally, I am able to make my family happy and myself. Even if you have no experience, you will earn 1 month of nepal salary in 1 shift, I.e. 5 hours. That means 1 day in Australia equals 2 months in nepal. Whatever I earn in 1 year is equivalent to ?? You know the answer now.",IDS,Regular_video_comments_Filtered,latin,english,77,0,substantive_keyword,family
f4fe04f860d8,We know that your house mortgage cost 3 lakhs per month <br>Glossaries iteam + clothes 1 lkahs per month <br> insurance 1lakhs per month <br>Just for living ko lagi ho bidesh jani  <br>Hamra ni manxe xaan bidesh and we know how chutiya are they haha😅😅😅<br>Money life vana but happy life naw vanam😊<br>Many more hai bidesh jani paisa kamauni ani nepal aaera chill mah basni tyo chai better hola,IDS,Regular_video_comments_Filtered,roman_nepali,nepali,68,4,substantive_keyword,bidesh
1667d5b0bf49,Genuine saving kati samma hunx uta,IDS,Regular_video_comments_Filtered,roman_nepali,nepali,6,0,kept_default,
b475aa29b0a7,Loan ma churlummba dubya xas dhak lauxas 😂,IDS,Regular_video_comments_Filtered,latin,english,7,1,kept_default,
4cb5ee35301c,आशावादी ।,IDS,Regular_video_comments_Filtered,devanagari,nepali,2,0,kept_default,
41cdb1b03618,अब हाम्रो शिक्षा प्रणाली सिपमूलक<br> बनाउनुपर्छ,IDS,Regular_video_comments_Filtered,devanagari,nepali,6,0,kept_default,
edccf899ef8c,Nepal will rise again 🇳🇵,IDS,Regular_video_comments_Filtered,latin,english,4,2,kept_default,
ecf2c19dd37c,This video must be shared in every schools & colleges in Nepal.,IDS,Regular_video_comments_Filtered,latin,english,11,0,kept_default,
08027882b108,आशा राखौँ केहि त गर्न सकिन्छ<br>गर्नु पनि पर्छ!!🇳🇵,IDS,Regular_video_comments_Filtered,devanagari,nepali,9,2,kept_default,
d4f6c12174b3,मलाइ विदेश काे भूत न चड्नुको कारण यही आशावादी सोच हो । थाहा छैन ठीक हो कि गलत ❤,IDS,Regular_video_comments_Filtered,devanagari,nepali,18,1,substantive_keyword,देश
00e40e255421,आखा भरी आँसु तील्मीलायो सारै मन मा लाग्ने भिडियो ।।।,IDS,Regular_video_comments_Filtered,devanagari,nepali,10,0,kept_default,
e31cf2ed32e8,You are doing great bro. As a civil engineering student this means a lot to me. keep up the good work.,IDS,Regular_video_comments_Filtered,latin,english,21,0,substantive_keyword,work
2dd3700e6f72,Whaa Mero dai ❤❤Kya soch Jay Nepal ❤❤❤🎉🎉same mindset,IDS,Regular_video_comments_Filtered,roman_nepali,nepali,9,7,kept_default,
744177a9bb70,सुन्दा एकदमै मजा आयो 🙏 नेपालको यथार्थ 😢,IDS,Regular_video_comments_Filtered,devanagari,nepali,6,2,kept_default,
4108330206c8,Thankyou so much sir for informative and motivative video.❤ 🇳🇵,IDS,Regular_video_comments_Filtered,latin,english,9,3,kept_default,
13aebde879a1,Very powerful words all the best for youth of nepal🇳🇵 ❤🇮🇳,IDS,Regular_video_comments_Filtered,latin,english,10,5,kept_default,
296b97849e0c,"Some heros does not wear cape and you guys are one of them. Thanking your team for this positive effort. As a concerned citizen of Nepal, I request your team to create a video addressing the issue of online toxicity among youth. This behavior, prevalent in social media and online gaming, reflects negatively on our society's youth mentality. I urge you to raise awareness about this issue and its detrimental effects on our future. Thank you for considering this request.",IDS,Regular_video_comments_Filtered,latin,english,81,0,substantive_keyword,pr
73539d3a3aa1,नेपाल बाट नेपाली जनता लखेट्ने नालायक नेताकार्यकर्ता हरु प्रती हार्दिक श्रद्धाञ्जली,IDS,Regular_video_comments_Filtered,devanagari,nepali,11,0,substantive_keyword,नेता
727ed6fe37d2,"BALEN, HARKA, GOPAL HAMAl <br>  जस्ता नेताहरु को अझै धेरै खाचो छ 🇳🇵💕",IDS,Regular_video_comments_Filtered,code_mixed,nepali_english,11,3,substantive_keyword,नेता
92840558daf5,धन्यवाद बाबू अति राम्रो सन्देश 🌺❤️🌹,IDS,Regular_video_comments_Filtered,devanagari,nepali,5,3,substantive_keyword,देश
db43460182df,देश त छोडियो तर छोरा छोरीलाई नेपालमै बस्ने वातावरण होस नेपाल सरकार 🙏,IDS,Regular_video_comments_Filtered,devanagari,nepali,12,1,substantive_keyword,सरकार
04fa56076eb7,"Desh Ko Maya Cha🇳🇵. Tara. VRASTCHARI Haru Lai , Maya Garera Hudaina.. 🔥",IDS,Regular_video_comments_Filtered,roman_nepali,nepali,11,3,substantive_keyword,desh
4daaf5078991,20:03 was so wholesome. It feels so nice!!,IDS,Regular_video_comments_Filtered,latin,english,9,0,kept_default,
ea0f1493f2ea,"Truly, what a master piece. As, a recent plus 2 graduate I am really impressed by this video one of the most worthy video changed my vision",IDS,Regular_video_comments_Filtered,latin,english,27,0,substantive_keyword,pr
5cc48c9550f9,Last ma ta goosebumps aayo hau❤,IDS,Regular_video_comments_Filtered,latin,english,6,1,kept_default,
333f5578df98,Salute To Your work big bro ❤️,IDS,Regular_video_comments_Filtered,latin,english,6,1,substantive_keyword,work
58eec6690d5d,"Nice, content and analysis. God bless Nepal. May we see our nation prosper with full of opportunities, developments and happiness soon in upcoming days..",IDS,Regular_video_comments_Filtered,latin,english,24,0,substantive_keyword,pr
09b6bdf689b6,Lastai babal video guysss!! Thorai video aayos tara atti babal matra aayos!!,IDS,Regular_video_comments_Filtered,roman_nepali,nepali,12,0,kept_default,
8037259520aa,❤ Bidesh ma basera Yo video herdai Garda jhan badhi emotional ra Ashabadi vaye. can’t wait to return to my Land someday …🇳🇵,IDS,Regular_video_comments_Filtered,roman_nepali,nepali,22,3,substantive_keyword,bidesh
b80c890e5b68,"नमस्ते सर धन्यवाद 🎉 हृदय बाटै आभार, ज्ञानवर्धक अनि आशातित विषयवस्तुका लागि।",IDS,Regular_video_comments_Filtered,devanagari,nepali,11,1,kept_default,
35f914bf6c20,This channel should be millions subscribers ❤️,IDS,Regular_video_comments_Filtered,latin,english,6,1,kept_default,
471027e4b928,We're really proud to have you. Thank you for everything. Lots of love.<br>#ILoveMyNepal.,IDS,Regular_video_comments_Filtered,latin,english,14,0,substantive_keyword,pr
035f7142e42b,"न छाड्ने आउटै कारण छ ""माया"" ❤🎉",IDS,Regular_video_comments_Filtered,devanagari,nepali,6,2,kept_default,
b50e6052040d,You just expressed my feelings ❤,IDS,Regular_video_comments_Filtered,latin,english,5,1,substantive_keyword,pr
975354a87ab7,My love for my country=Then now and forever.❤jai nepal,IDS,Regular_video_comments_Filtered,latin,english,11,1,kept_default,
711c5b562fa6,"Your content is fire, keep inspiring the young minds!",IDS,Regular_video_comments_Filtered,latin,english,9,0,kept_default,
b21727655fdd,This video should be watched by everyone who is planning to go abroad or is already there yuwa nai desh ko future ho hami nai narahe desh ka rahanxa.,IDS,Regular_video_comments_Filtered,roman_nepali,nepali,29,0,substantive_keyword,abroad
0fdfdfde4b74,This video really provided the conclusion to me. Thank you IDS bro 🙂<br>We Will rock in NEPAL🇳🇵💕💕,IDS,Regular_video_comments_Filtered,latin,english,17,5,substantive_keyword,pr
6299d7c09aed,I hope youtube’s algorithm takes this to all the nepali youths . Jati dherai uti uccha,IDS,Regular_video_comments_Filtered,roman_nepali,nepali,16,0,kept_default,
2f2871b795d7,"So much positivity, which I needed and I believe that the country will change for good and I will be the one of the citizen among them , who stays in Nepal and the changes 😊",IDS,Regular_video_comments_Filtered,latin,english,34,1,kept_default,
c9a242156bac,"Really impressed bro yaar, sth with real facts and numbers will make things more realistic and tesko bare ma gambhir bhayera sochincha. I really want to get back home in my village and start a new NEPALI  life yaar 🙏🙏",IDS,Regular_video_comments_Filtered,latin,english,39,2,substantive_keyword,pr
1e90d0801125,Garo xa hou Nepal ma hami jastai lai😢😢 hope your words become reality ❤❤❤❤,IDS,Regular_video_comments_Filtered,roman_nepali,nepali,13,6,kept_default,
a803a9550179,It's a great presentation of your it's all time great presentation it's create hope and motivated our youth and all of us Thank you so much afno desh ma ni kei na kei ramro abashya garna sakinxa thank you so much for your team and you @indepthstory keep it up the good work 😊❤️🙏🙏,IDS,Regular_video_comments_Filtered,roman_nepali,nepali,55,4,substantive_keyword,pr
99dbc6dbaeb4,"What a video bro what a video🙏🙏 hats off to you the way express each and every topic🙏 just wow❤️ its been more than 2 years in kuwait i really miss my family, friends and environment of my country❤️❤️😭",IDS,Regular_video_comments_Filtered,latin,english,39,7,substantive_keyword,pr
a6f4df815ccb,One of the best vedio i ever watched ❤ full of goosebumps 🫡 . Keep it up 👍…. Keep going!!,IDS,Regular_video_comments_Filtered,latin,english,16,3,kept_default,
f8ef366090a3,"Hearty Respect Sir 🙏👏<br><br>I am really proud to be this man aaba chii nepal ma pani country ko economy, education system and nepal ko resent time ko setuation ko knowledgeable ra youth li clear garawune khalko Youtuber and social media influencers ko udyha hudai xa 😊<br><br>Thank you so much for this extra ordinary explain  salute sir ❤",IDS,Regular_video_comments_Filtered,roman_nepali,nepali,56,4,substantive_keyword,pr
9ac0766a1631,One and only historic you tube channel based on nation,IDS,Regular_video_comments_Filtered,latin,english,10,0,kept_default,
48d2522066a3,धेरै राम्रो भिडियो content  also you are creating your revenue. Very nice.,IDS,Regular_video_comments_Filtered,code_mixed,nepali_english,12,0,kept_default,
558d8fa230d9,Thank you brother yadi sabai creator haru le yasari nai yastai content banaidine ho vane sabai lai desh mai basna motivate garna sakinxa,IDS,Regular_video_comments_Filtered,roman_nepali,nepali,23,0,substantive_keyword,desh
ad317e61dba9,Thankyou dai your video gave something special and cambiando.🙏🤝See you after 15yrs Dhanyabad🇳🇵.,IDS,Regular_video_comments_Filtered,roman_nepali,nepali,14,4,kept_default,
be05e50f1b1e,Thank you for all this information In Depth story. Haami pheri ek hune chau🇳🇵🤝,IDS,Regular_video_comments_Filtered,latin,english,14,3,kept_default,
f52f70f270fb,Really brother... This video gave me a hope and dream of being myself❤❤,IDS,Regular_video_comments_Filtered,latin,english,13,2,kept_default,
a8799719faf2,Comments have more stories. Thank you for making this kind of videos.,IDS,Regular_video_comments_Filtered,latin,english,12,0,kept_default,
e6e3c28918bb,Interesting video!  Makes you think about the tough choices young people in Nepal face.,IDS,Regular_video_comments_Filtered,latin,english,14,0,kept_default,
af716441a371,"The way you are providing information is very very impressive , much appreciation to you",IDS,Regular_video_comments_Filtered,latin,english,14,0,substantive_keyword,pr
67e9a1b43ab5,Thank you for your optimistic information showing rays of hope towards our country’s future and motivating us .This video is really very emotional as I have never imagine leaving the country and my old parents.😢,IDS,Regular_video_comments_Filtered,latin,english,36,1,substantive_keyword,future
1531c5881d85,Very nice content and wonderful thought brother you will do great in future 🙏🙏<br>Thank you so much brother and your entire team 🙏🙏❣️,IDS,Regular_video_comments_Filtered,latin,english,22,5,substantive_keyword,future
6e8722786a95,Man i love your content the way you bring the fact truth you saw is good❤❤❤❤,IDS,Regular_video_comments_Filtered,latin,english,16,4,kept_default,
ab96a3e57961,Hello Sudip Bhai! It just made me smile positively. :) love what you doing... :) sending wishes from Canada :),IDS,Regular_video_comments_Filtered,roman_nepali,nepali,17,0,substantive_keyword,canada
f14fbdc388f8,Aaja samma  0 sec pani skip nagari mailey  watched gareko yo first video ho ❤❤ very great massage for youth ❤,IDS,Regular_video_comments_Filtered,roman_nepali,nepali,19,3,kept_default,
da39e065e294,Thank you so much for your motivation to help many nepali to stay in Nepal 🙏,IDS,Regular_video_comments_Filtered,latin,english,15,1,kept_default,
fa279aa9fb34,Thanks brother. A rollercoaster of emotions and a hopeful conclusion for the future.,IDS,Regular_video_comments_Filtered,latin,english,13,0,substantive_keyword,future
95d5b38c9db9,"Love you brother ❤️❤️,for your positive view towards nepal",IDS,Regular_video_comments_Filtered,latin,english,9,2,kept_default,
d7732648ad60,Dherai gar na sakin cha Nepal mai. Let's unite for better Nepal,IDS,Regular_video_comments_Filtered,roman_nepali,nepali,13,0,kept_default,
52d296af246b,Very nice video thanks a lot.  You have done many research and created this wonderful content in here.,IDS,Regular_video_comments_Filtered,latin,english,18,0,kept_default,
0f57b77f2ba1,Just blow out my mind.<br>I am 19 yr old thinking same as  you or every Nepalese rn.<br>Loved ur content creation❤just magic to the mind .<br>Ur single video change my pov abt going aboard for a time,IDS,Regular_video_comments_Filtered,latin,english,39,1,kept_default,
e7ef5dbbfb70,Keep going dai u r doing great work.....i hope badhi bhnda bdhi nepali hru le dekhos ani thapaos hmro nepal ko barema,IDS,Regular_video_comments_Filtered,roman_nepali,nepali,23,0,substantive_keyword,work
dddfbc55ce22,"Hello In-Depth Team! Just watched your video and really enjoyed the insights you shared. It's great to see topics like these getting the spotlight. I noticed that the core idea of this video aligns closely with an article written by a friend of mine (Subash Basnet) . Citing sources, especially insightful articles, not only adds credibility to your content but also respects the original creator's hard work. It’s a small step that can foster a positive and respectful community, steering clear from any misunderstandings or negativity. Let's show the world the rich culture of respect and acknowledgment that Nepali values embody. Looking forward to more of your content!",IDS,Regular_video_comments_Filtered,latin,english,112,0,substantive_keyword,basne
94109479103e,Thank you Bhai for this depth analysis video...hats of for your research and effort ❤❤,IDS,Regular_video_comments_Filtered,roman_nepali,nepali,15,2,kept_default,
91234c305c77,"""Great video! I’m inspired to become a content creator or video editor myself. Thanks for sharing!""",IDS,Regular_video_comments_Filtered,latin,english,17,0,kept_default,
1559db2e3112,"I think this 30-minute video will help many Nepalese students, including myself, to stay in Nepal. Thank you for giving me a reason to remain in my own country.",IDS,Regular_video_comments_Filtered,latin,english,30,0,substantive_keyword,student
5e618d8eb3d4,Amazing work dude…maile ta desh chodisake tara ekdin auchu better manche vayera,IDS,Regular_video_comments_Filtered,roman_nepali,nepali,13,0,substantive_keyword,desh
ae6453bd64a4,Thanks for the much needed motivation bhai! Nepal nai basincha :D,IDS,Regular_video_comments_Filtered,roman_nepali,nepali,11,0,kept_default,
78a82fb6183a,As an inspiring to be an bureaucrats  in Nepal this gave me more hope and yes we will change and will change the country. hatsoff to this video i am inspired . Desh ko maya sabaila xa tara parsithiti ho tara am clear about that now.,IDS,Regular_video_comments_Filtered,roman_nepali,nepali,45,0,substantive_keyword,desh
f7bf205a1c7b,Thank you so much for this beautiful video. let's hope for the best. ajhai dherai yuwa le harisakeko chainan.,IDS,Regular_video_comments_Filtered,roman_nepali,nepali,20,0,kept_default,
9227e0ccc27f,"One of the best documentary i hav ever seen. This might not change the situation of people who want to go abroad, but will affect their perspective directly or indirectly",IDS,Regular_video_comments_Filtered,latin,english,30,0,substantive_keyword,abroad
00fd003a2544,Hjr ko yo video ra bichar dharale man xoyo sir  <br>Sabai janaale  yo video share gardiu <br>Guys,IDS,Regular_video_comments_Filtered,roman_nepali,nepali,17,0,kept_default,
fa3c2e488cd7,Kati ramro video. Saraee mann chune words.. really i am touched,IDS,Regular_video_comments_Filtered,roman_nepali,nepali,11,0,kept_default,
d27c9bae2dda,"Dherai ramro content, ma paaani yo kurama aasabadi chhu ❤",IDS,Regular_video_comments_Filtered,roman_nepali,nepali,9,1,kept_default,
abb539115180,"Each person's path is unique, shaped by circumstances and aspirations, go abroad or keep  hanging on therefore better days will come. Go hard fam 💪🏼",IDS,Regular_video_comments_Filtered,latin,english,25,2,substantive_keyword,abroad
ae1f3b9441fc,"Thank you for good video, please more made to keep hopeful video dear Sir❤",IDS,Regular_video_comments_Filtered,latin,english,14,1,kept_default,
77ba93e10d62,timro ra mero soch eautai raicha brother ❤,IDS,Regular_video_comments_Filtered,roman_nepali,nepali,7,1,kept_default,
3c1733face32,Beautifully analysed…and wonderfully presented the burning issue of the country…,IDS,Regular_video_comments_Filtered,latin,english,11,0,substantive_keyword,pr
a88f6398bfbe,You raised the most problematic topic with full of positivity <br>Keep motivating keep spreading hope brother❤️,IDS,Regular_video_comments_Filtered,latin,english,16,1,substantive_keyword,pr
4e598d43bf94,Beautifully and thoughtful presented ❤️ it's helping lots ho youths,IDS,Regular_video_comments_Filtered,roman_nepali,nepali,10,1,substantive_keyword,pr
e1d94c5d7bc6,I think everyone are crying by seeing this video content appreciated it hugely and salute to you .Like if you cry 😢😢😢,IDS,Regular_video_comments_Filtered,latin,english,21,3,substantive_keyword,pr
403d2b434953,Thanks bro tapaiko video herera bidesh jana mann lagyo,IDS,Regular_video_comments_Filtered,latin,english,9,0,substantive_keyword,bidesh
d89a3fe29117,hait ! yo ni content ! kasto dami yar.. full video herisak paxi. dherai asha palayo...,IDS,Regular_video_comments_Filtered,roman_nepali,nepali,14,0,kept_default,
21efadffbd76,Brilliantly cover garyau bro sabai topic really loved the content keep up the good work. More power to you man.,IDS,Regular_video_comments_Filtered,roman_nepali,nepali,20,0,substantive_keyword,work
607b4ccbdc7a,you are doing great job brother i use to see your every videos..Big heart to you❤❤❤❤❤,IDS,Regular_video_comments_Filtered,latin,english,17,5,substantive_keyword,job
08a675b1c488,Huge respect 🙏🏼 to them who wants to stay in Nepal 🇳🇵,IDS,Regular_video_comments_Filtered,latin,english,10,4,kept_default,
0f6b6f0bdc82,Great job<br>Everybody loves happy ending😊,IDS,Regular_video_comments_Filtered,latin,english,6,1,substantive_keyword,job
65ab43845fb3,"Samay Sandharbik content, great job bro! I like it",IDS,Regular_video_comments_Filtered,latin,english,9,0,substantive_keyword,job
5ec967de77c0,"This was a good one, brother. Honest and true. Keep up the good work.",IDS,Regular_video_comments_Filtered,latin,english,14,0,substantive_keyword,work
d686ca61d17e,"yes! being positive is the only way. at start of the video i felt so hopeless, bt i got the hope at the end! thank god!",IDS,Regular_video_comments_Filtered,latin,english,26,0,kept_default,
847c309364b2,"Malae chahi tapae ko video here pachhi ramro, khusi ra alik  dukka mahsus vo thank you.",IDS,Regular_video_comments_Filtered,roman_nepali,nepali,16,0,substantive_keyword,uk
fc0b6aad7c95,Thank you your videos help me thank you i will stay in our country 💖💖💖 and try to make it better,IDS,Regular_video_comments_Filtered,latin,english,20,3,kept_default,
2728f98b7937,"Babaal content  lagyo - little bit touching, emotional, knowledgeable, and fact-filled now I have no regrets about choosing the IT sector here in Nepal. After watching the video, I have decided to continue living here ;)",IDS,Regular_video_comments_Filtered,latin,english,35,0,kept_default,
82b479d29bcc,Worthy watching it.,IDS,Regular_video_comments_Filtered,latin,english,3,0,kept_default,
18217fcbb18a,Family la internet bata foran county ko <br>Video hara ra vacha tara aafno dream ra work idea fa rak cha . 🇳🇵 Hajur ko video hare pache nepal ma ke garna sacha vane yog cha❤❤,IDS,Regular_video_comments_Filtered,roman_nepali,nepali,33,4,substantive_keyword,family
30c7e15a8c7b,Hamro future k huney ho thaha xaina😢😢😢,IDS,Regular_video_comments_Filtered,roman_nepali,nepali,7,3,substantive_keyword,future
2f74b620b476,Wow great video dear brother Thankyou for your great effort m motivated.,IDS,Regular_video_comments_Filtered,latin,english,12,0,kept_default,
aaf31ade2dd2,This is why I have subscribed  you.<br>Quality content after a while.,IDS,Regular_video_comments_Filtered,latin,english,12,0,kept_default,
4483826371c9,This man is really talented at the age of 23 Hatts of man💖💖💖,IDS,Regular_video_comments_Filtered,latin,english,13,3,kept_default,
5a25af7f0427,Brother tapai ko content lastai ramro xa and still thank u from different part of Nepal  from raising the concern about this topic.,IDS,Regular_video_comments_Filtered,roman_nepali,nepali,23,0,kept_default,
24f1c6374003,Precised video. Spitting the truth!,IDS,Regular_video_comments_Filtered,latin,english,5,0,substantive_keyword,pr
2f8852ba58d8,Best of the best  video ever on this channel ❤️❤️ thanks for everything ❤,IDS,Regular_video_comments_Filtered,latin,english,12,3,kept_default,
32a500204941,kosle kosle yo video herda sunda khushi ko sathai dukha ko current khayo🙋<br>Really inspired by your 20-30 min Clip bro keep it up ❤️👍,IDS,Regular_video_comments_Filtered,roman_nepali,nepali,25,3,substantive_keyword,uk
71a81b5357cd,Ekdum Man Chhoyo. Saathi haru sabai bahirida aafulai eklai eklo mahasus gareko chhu,IDS,Regular_video_comments_Filtered,roman_nepali,nepali,13,0,kept_default,
c6e53d19bd8f,"Everyone want to see nepal in the name of developed country but due to political unstable, corruption unemployment etc. no one want to stay in Nepal. Everyone need to feed stomach . Only nationl love isn't enough to feed hunger, i am also facing frustrating and anxiety about my future ❤ desh ko maya tw dherai xa ke garnu",IDS,Regular_video_comments_Filtered,roman_nepali,nepali,58,1,substantive_keyword,future
02cca64d19fe,"What a presentation teams, remarkable. 💯",IDS,Regular_video_comments_Filtered,latin,english,5,1,substantive_keyword,pr
36dfc38512f3,"Man! you are a genius, Your dedication towards quality content regarding situations happening in Nepal is extra ordinary . All of your videos makes us concern about the moment. hats off to you brother, Thank you for visualizing necessary chances of better Nepal. Let's hope for the best.",IDS,Regular_video_comments_Filtered,latin,english,48,0,kept_default,
3b6353c06095,"What a great content. You showed the both aspect, hope many youth will take decision on staying in NEPAL because somewhere they are little bit sensitive and Emotional ❤️🙌",IDS,Regular_video_comments_Filtered,latin,english,28,2,kept_default,
de7f356c644e,Your every words and statement blessed my ear and mind❤,IDS,Regular_video_comments_Filtered,latin,english,10,1,kept_default,
a497e74ebc6e,One of the best video that I’ve ever watched😍.. After watching your video it makes me easier to take a decision . Thankyou brother & keep growing ❤️,IDS,Regular_video_comments_Filtered,latin,english,26,2,kept_default,
f4ac5014b7eb,"Let hope for good,nd positive.do something for our beautiful  country nepal🤔🇳🇵👍",IDS,Regular_video_comments_Filtered,latin,english,13,4,kept_default,
3560325ad19b,Nicely Projected 😮<br>J garxau aafnai deshma garxau,IDS,Regular_video_comments_Filtered,latin,english,7,1,substantive_keyword,pr
c6fd6d834d14,Loved this❤,IDS,Regular_video_comments_Filtered,latin,english,2,1,kept_default,
410b96c3abc0,This is too good ☺️☺️ <br>Well explained <br>Very informative <br>Very helpful ❤,IDS,Regular_video_comments_Filtered,latin,english,10,3,kept_default,
3482f13aae62,Jo pani yo video herdai hununxa yo channel lai subscribe garnuhos as u know or felt that this video was simply amazing and so relatable,IDS,Regular_video_comments_Filtered,roman_nepali,nepali,25,0,kept_default,
6ebdcd354316,thanks alot dai its a right finally i realise what to do 😇,IDS,Regular_video_comments_Filtered,roman_nepali,nepali,12,1,kept_default,
ba2b5e2e1c1e,carect dear ❤  मन मा खुशी लग्यो ! हाम्रो देशमा देखेको राजनीति र नेता हरु देश को लागि होइन भन्छु म त ! मैले बुझेको certificate होइन कि काम को स्किल हुनु पर्छ भन्ने पनि मै हु त र समाज हस्छ क्या ! त र तपाई ले मेरो मन को कुरो गर्यो मेरो मन खुसी भयो ! र याती दुई थुलो देश मा हामी कसरी गरिब हुने त ! त्यसै ले नेपाली हरुले बच्चा हरु लाई आइले आजै बाट फाल्तु पैसा खर्छ भन्दा स्किल को काम सिकाये राम्रो हुन्छ ! बोर्डिङ मा भन्दा सरकारी स्कुलमा पढाउ र बोर्डिङ मा पढौने पैसा ले बच्चा हरु को इन्स्योरेन्स खोले राम्रो होला र ठूलो हुदा या दस कक्षा सम्मा पढदा त्यो पैसा ले राम्रो राम्रो काम स्किल सिक्ना सक्छ भन्छु म त ! बच्चा मान्छे लाई त अछर फुटौने चिनाउने मात्रा हो पढ्ने बच्चा हरु त ढंग त अझै पछि खुल्छ त ! दस पछि पढने लाई जमा गरेको इन्स्योरेन्स ले पढ्ना मिल्छ ! सिक्नु पर्यो नेपाली ले बच्चा <br> लाई राम्ररी लगानी गर्नु पर्यो ! मान्दै मान्दैन भन्दै जिन्दगी मजाक मजाक मा बित्छ फेरि पछुतो ले केही हुदैन भन्छु म त 😁😁😁🙏,IDS,Regular_video_comments_Filtered,code_mixed,nepali_english,177,5,substantive_keyword,सरकार
492f3dace74b,What a nice content man good job 👍 ❤,IDS,Regular_video_comments_Filtered,latin,english,7,2,substantive_keyword,job
a0e7362f735b,What a explanation Hats off❤❤❤,IDS,Regular_video_comments_Filtered,latin,english,5,3,kept_default,
99fe99e38316,"Nikai ramro video xa samaya upayogi.❤❤❤❤❤aasha,utsaha,kehi na kehi khusi dekhauni 😊",IDS,Regular_video_comments_Filtered,roman_nepali,nepali,13,6,kept_default,
6d841b07159c,Well said at the end. I couldn't disagree anymore.,IDS,Regular_video_comments_Filtered,latin,english,10,0,kept_default,
e4f8b6f6eeb5,"I have just subscribed to your channel because I wanted to support your effort of In Depth information.<br>However, while watching this documentary I am intrigued to comment.<br>All the data you have provided are very impressive and easy to understand. Totally understand the reality. And there are good examples of returnee carrying out good projects and activities.<br>I hope in your next research you will also include the investment that Nepalese living abroad has carried out in Nepal.<br>The way I have seen is, some Nepalese living abroad at the end when they have secured their financial status they have invested in charity and carrying out small projects for their village and community development. <br>It might be insignificance on the vast statistics of reality but change and development is a very slow process and key player like yourselves create awareness and open paths for changes.",IDS,Regular_video_comments_Filtered,latin,english,146,0,substantive_keyword,abroad
1ca09539ed64,"The video is only half an hour long, but it erases the feeling of a lifetime.",IDS,Regular_video_comments_Filtered,latin,english,16,0,kept_default,
e6de578b75c6,Good content bro.❤ gave me a good motivation to,IDS,Regular_video_comments_Filtered,latin,english,9,1,kept_default,
e8b4fb53dbae,Bhai I really like the content you make<br>Hat’s off to you <br>I really hope you continue making them <br>Dherai popularity gather garera pachi RABI LAMICCHANE chai kahile nahunu la,IDS,Regular_video_comments_Filtered,roman_nepali,nepali,31,0,kept_default,
31762fe57f36,Thank you Bhai yo video banayeko ma. Chhana ta ma pani bidesh mai xu. Tara yo video le nepal mai basna ramro protsahan garne chha aune pustalai. Mero tarfa ta thank you back timilai yo video banayeko ma..,IDS,Regular_video_comments_Filtered,roman_nepali,nepali,38,0,substantive_keyword,bidesh
c7e516b4c370,बहुत ही बढ़िया एपिसोड।,IDS,Regular_video_comments_Filtered,devanagari,nepali,4,0,kept_default,
468c23dcfe2f,First malai dar lagyo desh ko halat dekhera 😢tera  tera last ma dai ko motivation 🔥😂,IDS,Regular_video_comments_Filtered,roman_nepali,nepali,15,3,substantive_keyword,desh
9932d7fcd3a6,मलाई आशा छ कि परिस्थितिले तपाईलाई यति कडा प्रहार गर्ने छैन कि तपाई पनि काउन्टी छोड्ने सोच्न थाल्नुहुन्छ।<br>BTW excellent video.<br>Love from morang.,IDS,Regular_video_comments_Filtered,code_mixed,nepali_english,24,0,kept_default,
49f2a9f8b256,"Heart touching video bro, Jo jaha gayeni bro ma ta Nepal mai basne xu, ra Nepal mai k garne xu.",IDS,Regular_video_comments_Filtered,latin,english,20,0,substantive_keyword,gaye
7adc337c3c12,Damn man this was emotional,IDS,Regular_video_comments_Filtered,latin,english,5,0,kept_default,
6e54a34f72cc,yestai soch bhayeko yuvaharu ko khancho cha desh lai ❤,IDS,Regular_video_comments_Filtered,roman_nepali,nepali,9,1,substantive_keyword,desh
9627645e73e4,एकदम समय सान्दर्भिक बिषय  😔😊,IDS,Regular_video_comments_Filtered,devanagari,nepali,4,2,kept_default,
0f88e2a48926,14;00 minute ko line bro. 💯,IDS,Regular_video_comments_Filtered,latin,english,6,1,kept_default,
ff5e1a4e8e4b,I usually don't subscribe... But for u bro❤ keep creating.,IDS,Regular_video_comments_Filtered,latin,english,11,1,kept_default,
b6187eddd8e7,Appreciate your effort bro😊,IDS,Regular_video_comments_Filtered,latin,english,4,1,substantive_keyword,pr
b9f169125db0,Very intelligent man💗,IDS,Regular_video_comments_Filtered,latin,english,3,1,kept_default,
2367a8a38bef,Why I am so emotional yar 😢😢😢 ?<br>Too much reality in this video,IDS,Regular_video_comments_Filtered,latin,english,12,3,kept_default,
c60dbd4190d1,"Ooo 23 barsethito ,yo timro sabai bhanda ramro khoj ho yar , thank you ma ta ruye yar❤❤❤❤❤,off topic haina bhaiiii nature misiyeko ho ,timile dekheko ani timro GDP ,data Kai haina yo nature Ra love ho desh prati and deshko maya ,love youuuuuu😢😢da",IDS,Regular_video_comments_Filtered,roman_nepali,nepali,45,7,substantive_keyword,pr
98372fe09875,अब छिट्टै म पनि देशको ठूलै youtuber बन्ने कुरामा आशाबादी छु!❤🎉,IDS,Regular_video_comments_Filtered,code_mixed,nepali_english,11,2,substantive_keyword,देश
48cbb3adc50e,Loved it❤,IDS,Regular_video_comments_Filtered,latin,english,2,1,kept_default,
bea58ea0cdb5,"Yo sabai nepali youths harule bujhnu parx 10,15 barsama des bandaina khi time lagla keep passions hamile noi des banaune ho hami nai desma basenw vane aru ko aayerw banaidinx rw samasya dekhi nwvagau sabai nepali milerw aafno ability rw aafno skills ko sadupayog garau ek aarkalai support garau khi samaye garo hola tara hami hamro rw aagami pusta ko sunaulo bhabisye banaune kosis garau.........🇳🇵❤🤘",IDS,Regular_video_comments_Filtered,roman_nepali,nepali,66,4,kept_default,
5efaff94ce1e,Skill is more important than education 💯,IDS,Regular_video_comments_Filtered,latin,english,6,1,kept_default,
a0ded5efd02f,"Dai, you are a gem ❣️",IDS,Regular_video_comments_Filtered,roman_nepali,nepali,5,1,kept_default,
29eb8ed713b4,loved this,IDS,Regular_video_comments_Filtered,latin,english,2,0,kept_default,
3d6ce9302868,Hope so 😇,IDS,Regular_video_comments_Filtered,latin,english,2,1,kept_default,
ce59dad75ef1,You are damn true <br>This video is like my opnions about leave country or not,IDS,Regular_video_comments_Filtered,latin,english,15,0,kept_default,
92fe72bbe6c0,Last ko part atii nai babal lagyo daii❤️,IDS,Regular_video_comments_Filtered,roman_nepali,nepali,8,1,kept_default,
5507f2f70804,"Well, we will see you soon💙😢 brother",IDS,Regular_video_comments_Filtered,latin,english,7,2,kept_default,
c77b05defb78,very very thankyou hjr aauta 16 barsa ko manxa lai bato dekhauna ko lagi,IDS,Regular_video_comments_Filtered,latin,english,14,0,kept_default,
90257d8d8c66,made me emotional man .,IDS,Regular_video_comments_Filtered,latin,english,4,0,kept_default,
14e555136ee5,"Thankyou dai for giving me hope to stay here in Nepal with my family doing stg.Not much bigger dream just a simple life,making parents happy and self proud.hope to get myself there in coming years!!",IDS,Regular_video_comments_Filtered,roman_nepali,nepali,38,0,substantive_keyword,pr
670d1db87f5b,True and right 😢,IDS,Regular_video_comments_Filtered,latin,english,3,1,kept_default,
4ba6ac3ed0d0,great dai<br>tapai jstai le desh change garne xaa.,IDS,Regular_video_comments_Filtered,roman_nepali,nepali,9,0,substantive_keyword,desh
63ad4663d495,"I really like the video and appreciate kany things you said. Kudos to team behind this. But here is my suggestion about the video, Your channel is growing so so fast just because you have had an amazing content but pl, go with full nepali language, Couple of time i realised that you spoke deep English meaning words. Be careful with it. Les go for 300k subscribers.<br><br>Love from Pokhara ❤",IDS,Regular_video_comments_Filtered,latin,english,70,1,substantive_keyword,pr
77a839b31ac7,"I really like the video and appreciate many things you said. Kudos to team behind this. But here is my suggestion about the video, Your channel is growing so so fast just because you have had an amazing content but pl, go with full nepali language, Couple of time i realised that you spoke deep English meaning words. Be careful with it. Les go for 300k subscribers.<br><br>Love from Pokhara ❤",IDS,Regular_video_comments_Filtered,latin,english,70,1,substantive_keyword,pr
ecdceda3953d,Dada tapai ko video Malai ramro lagxa dherai interesting xa euta IT  ko barema video chaiyo .. please,IDS,Regular_video_comments_Filtered,roman_nepali,nepali,17,0,kept_default,
a494b4e9a3b1,so heart touching dai,IDS,Regular_video_comments_Filtered,roman_nepali,nepali,4,0,kept_default,
2bc55dc620d4,always optimistic,IDS,Regular_video_comments_Filtered,latin,english,2,0,kept_default,
60495471030b,"To all youths thinking to bring change in Nepal, let's connect and make a group and do sth.",IDS,Regular_video_comments_Filtered,latin,english,19,0,kept_default,
43d67a644865,And we are proud nepali,IDS,Regular_video_comments_Filtered,latin,english,5,0,substantive_keyword,pr
71a66aea25d4,Great video ❤ . Please make video in problem of open boarder of Nepal with India.,IDS,Regular_video_comments_Filtered,latin,english,14,1,substantive_keyword,pr
2b22f65f2802,"point to be noted , When there is lot's of problems , there might be opportunities as well , just we have to observe our surrounding ...",IDS,Regular_video_comments_Filtered,latin,english,24,0,substantive_keyword,pr
7adc800cdbfc,"Very good analysis. Tapailai j lagxa malai ni tehi lagxa,,,",IDS,Regular_video_comments_Filtered,roman_nepali,nepali,10,0,kept_default,
231f72686039,First part of the video was quite good but it diverts from its content from there and fades little bit. Good try. God luck,IDS,Regular_video_comments_Filtered,latin,english,24,0,kept_default,
2ebfefba27c8,So touching and reality now im goin to dump my plan for abroad will go to do smtg here in my country 🇳🇵🇳🇵🇳🇵🇳🇵🇳🇵🇳🇵,IDS,Regular_video_comments_Filtered,latin,english,22,12,substantive_keyword,abroad
4a3b7712c7f9,Thank you <br>Aafno Thinking ma believe garaye ko ma,IDS,Regular_video_comments_Filtered,latin,english,9,0,kept_default,
5eb05bba8884,wonderful video... really impressed and motivated.... ma ta bidesh mai permanently basne kura ta sochna pani sakdina. tapaile jasari youths hareu le sochera himmat dekhayera system sanga ladna sake kati ramro hunthio hamro desh.... bidesine youth le socheko khojeko jastai banne thio hola,IDS,Regular_video_comments_Filtered,roman_nepali,nepali,43,0,substantive_keyword,bidesh
2d070c4c9d28,"What a wonderful video! Nepali lai Nepal ko maya navayekk haina tara desh ko awastha le nai bidesh puryayeko chha tara malai yeutai soch le rokeko chha ki  ""Savai baira gaye pachhi ghar kasle herchha?"" Nepal ghar ho hamro, Nepal banaune jimma hamro ho. Sakey Nepal mai garne nasakey Nepal mai marne athod le Napal mai chhu ma jasta kayeu ajhai chhau hola. Kasto nasikiyela ra aafnai ghar samhalna.",IDS,Regular_video_comments_Filtered,roman_nepali,nepali,69,0,substantive_keyword,bidesh
577c7d697dfd,Maile sochay ko haru vanyo😊❤,IDS,Regular_video_comments_Filtered,latin,english,5,2,kept_default,
1c58390bede5,"Your videos need to reach more audiences of every age everywhere, and keep up with these help.<br><br><br>( You watch one piece?)",IDS,Regular_video_comments_Filtered,latin,english,21,0,kept_default,
ec087f23ca06,Mann xoyo.. Dhannai aasu aayo. Hami ek din awasya thokinexau.,IDS,Regular_video_comments_Filtered,roman_nepali,nepali,10,0,kept_default,
1b83fda6805d,Ma Nepal mai baschu ❤ जय मातृभुमि,IDS,Regular_video_comments_Filtered,code_mixed,nepali_english,6,1,kept_default,
30fd1526d12a,Content ta ramro lagyo jaba samma nepal ma bhrastachaar.  Lai.   Jaba samam control garna sakidainani. Deshma.   Baliyo sarkar bandaina taba samma  deshma rojgaar ko.  Aadhar bandaina,IDS,Regular_video_comments_Filtered,roman_nepali,nepali,26,0,substantive_keyword,bhrasta
ff73b5d93780,Your guse 🤔 10 years good change <br><br>I also agree ..,IDS,Regular_video_comments_Filtered,latin,english,9,1,kept_default,
1bfabaa3b9a8,I feel emotional at the end 😞❤️🫂,IDS,Regular_video_comments_Filtered,latin,english,6,3,kept_default,
256f5d3bd144,"That why I am commited not to leave this country, primary reason is family and secondary is scope.<br>Hat's off for this motivated fabulous relevant content.",IDS,Regular_video_comments_Filtered,latin,english,27,0,substantive_keyword,pr
9b22de878e18,"Yes, we will be the ones to change the system (paddhati) of this country so we can accommodate our friends back in the country. ❤❤❤",IDS,Regular_video_comments_Filtered,latin,english,24,3,substantive_keyword,system
7c6b4435a580,Touched by the video but hope I’ll be back to my own home country 😢,IDS,Regular_video_comments_Filtered,latin,english,15,1,kept_default,
ef5d4c2dad29,Truth is always bitter 😔,IDS,Regular_video_comments_Filtered,latin,english,4,1,kept_default,
40af865bd0b6,You got new subscriber.,IDS,Regular_video_comments_Filtered,latin,english,4,0,kept_default,
5c08070bb5a0,Well explained,IDS,Regular_video_comments_Filtered,latin,english,2,0,kept_default,
a50936b1edf5,U are and your content😢❤ i am currently doing part time digital marketing but i am not leaving this country ☝️💪,IDS,Regular_video_comments_Filtered,latin,english,20,4,kept_default,
b34409c9a0d2,मलाइ त यो video मा देखाउन खोजेको सबै चिज मन पर्यो | तपाई राम्रो content choose गर्नु हुने रहेछ | विदेश जाउ की नेपाल मै बसु भनेर दोधारे भएका युवा लाइ राम्रो संदेश दिनुभएको छ | म फेरी सोच माग्न भए - विदेश जाउ की यतै बसम .......,IDS,Regular_video_comments_Filtered,code_mixed,nepali_english,43,0,substantive_keyword,देश
a83248fc6c37,i think i would be happy to stay in Nepal ❤,IDS,Regular_video_comments_Filtered,latin,english,10,1,kept_default,
78d8ad7d8776,"ma chai Kei Expertise layera farkina parcha vanne Soch ma chu, Taba sama man ko kura man mai !! But really appreciate your efforts and skills Brother and your Team! from Canada.🪡",IDS,Regular_video_comments_Filtered,latin,english,31,1,substantive_keyword,pr
dddba050ab1c,changing the traditional education system into practical educational  system nepal can somehow change the situations.,IDS,Regular_video_comments_Filtered,latin,english,15,0,substantive_keyword,pr
c9480365fdaa,Well said,IDS,Regular_video_comments_Filtered,latin,english,2,0,kept_default,
51cfdf53a3e6,"Music ra movie haru le dherai inspire garna sakinxa saabailai desh premi banna ra desh ma basna lai tyei vayera b grade movie banaunu ko satta alik logical ra desh premi movie bannu paryo, ani maya prem ra depresaive geet ko saath saathai desh ko barema geet bananu parxa, artists ra art dherai matter garxa deah bannu ma, yesle dherai contribute garxa desh banna, bbakwash kura gareko jasto lagna sakxa tara dherai country haru xa yesko example, main example is india",IDS,Regular_video_comments_Filtered,roman_nepali,nepali,81,0,substantive_keyword,pr
70937980dcba,Yo video aaile samma kai best video ho mero lagi,IDS,Regular_video_comments_Filtered,roman_nepali,nepali,10,0,kept_default,
edaa1266ea0b,"Though I am also studying outside of Nepal. ""With the help of my passion, educational background and opportunity I have had. I will promise to contribute for the betterment of my country no matter what. And work hard everyday.I refuse to die without helping my country ""Nepal""  that gave me everytthhiinnggg.",IDS,Regular_video_comments_Filtered,latin,english,52,0,substantive_keyword,pr
6a2ff6dda22e,This is the greatest opportunity. As everyone is moving out there's a vaccum in country. I see people with exceptional skills and entrepreneurship will excel in Nepal within a couple decades.,IDS,Regular_video_comments_Filtered,latin,english,32,0,substantive_keyword,pr
ac2e0ab30ee2,I am a Student Currently Studying In Bachelors This video has 100% nailed it in this one,IDS,Regular_video_comments_Filtered,latin,english,17,0,substantive_keyword,study
51642547ff26,I am currently studying in class 11. This content is way more effective for me. Now I can make decisions either live in Nepal or leave it. Thank you sir from this student.,IDS,Regular_video_comments_Filtered,latin,english,33,0,substantive_keyword,study
1af039451ea5,"For some reason, I'm crying so hard while watching this video",IDS,Regular_video_comments_Filtered,latin,english,12,0,kept_default,
675639d5ad58,Ni ce research,IDS,Regular_video_comments_Filtered,latin,english,3,0,kept_default,
126d73ba3661,Good job,IDS,Regular_video_comments_Filtered,latin,english,2,0,substantive_keyword,job
90811a346058,Last part just make me sad 😭,IDS,Regular_video_comments_Filtered,latin,english,6,1,kept_default,
9b6a5ea235bf,Huna ta ho yo desh mai baseyra khe garxu vanee haru lai bachnai garo xa🤞💗 <br><br>Tyhe vayara sabai ko sapana nai jasare vaya pane bidesh janu nai ho😥,IDS,Regular_video_comments_Filtered,roman_nepali,nepali,28,3,substantive_keyword,bidesh
0b007f77d73e,Tq ganatantra,IDS,Regular_video_comments_Filtered,latin,english,2,0,kept_default,
e697efd3db29,😢😢😢no words.,IDS,Regular_video_comments_Filtered,latin,english,2,3,kept_default,
fb455c827c7a,Hjur ko yo video herera alikati  chai asabadi vaye ma 😢,IDS,Regular_video_comments_Filtered,roman_nepali,nepali,10,1,kept_default,
e3ca5c49fdfa,that the last things which you says <br>kosis gareko ho dherai  j garda ni nepal ko job ko income ley ghar ma afu lai palina garo huney afu chayako yauta bike kinna ta sakidaina ghar ko aaama buwa bihe vaya si ko kurai xutai ani arko kura system <br>system paila nepal ko change vaya si i iwill be back ani garxu nepal ma nai kei <br>    yaoua job ko lagi neta haru ko afno amney hunu parxa ya thulo padh ma afno koi manxe natra hami jasto ley job pauna ta khoi<br>    thanks hajur ko kura ley sarai chitta bughyo,IDS,Regular_video_comments_Filtered,roman_nepali,nepali,99,0,substantive_keyword,system
9168b11d430f,"2081-01-01 ma m yo video herdai chhu, after 10 years I'll be back here I hope the goal I've decided to achieve will definitely be there in 2091 thank you so much for your information ❤",IDS,Regular_video_comments_Filtered,roman_nepali,nepali,39,1,kept_default,
98ddef7c6ef4,hajur le yo video tw banaunu bhayo sabbai hernu pani heryo <br>                          tara power ma bhako manxe haru le yo sabai ignore garxan bhanne ki desh lai sabhya garna man nabhako ho<br>Awaj uthyo dabaune ma matra soch xan.................. k garnu <br>                                                 Aba kehi barsha paxi jagarukh uwa haru ko udaiya hune xa government choose garna sakne hunne xa ............<br>aba aaunne chhunau ma hernu parxa hamro bhawisya k hunne xa....<br>                        hernu parxa nepal ko naya uwa le kaslai choose garne xa aafno leader ko roop ma.....,IDS,Regular_video_comments_Filtered,roman_nepali,nepali,84,0,substantive_keyword,uk
d0eb32b4f951,Nepal ma ta abaw janawor pani baachna gaaro vaisakyo maanxe ko ta kurai  xaadau sakiyo Nepal sab vrastchaar ra garibile khaisakyo,IDS,Regular_video_comments_Filtered,roman_nepali,nepali,21,0,substantive_keyword,garibi
58112b61e529,"competition kaam hune wala kura; jaba population nai ghati rako xa vani services,business chaine ni ghatni nai ho ani aile jasto dherai loksewa, or such service ko lagi khulni seats ni less nai hune ho competition matra haina teo related opportunity ni ghatxa",IDS,Regular_video_comments_Filtered,roman_nepali,nepali,44,0,substantive_keyword,kaam
fd82c1d67ecd,"Daju,""hajur kw video la saraii naii mann laii choioo",IDS,Regular_video_comments_Filtered,latin,english,10,0,kept_default,
1aca41be2972,You are best content creator.i am very interested with your video. How you make this type of videos as a content creator.can you tell me for motivated for me.....,IDS,Regular_video_comments_Filtered,latin,english,31,0,kept_default,
bf4df8cd3adc,"I used to have the same potential of doing and staying in my own country. Although i was working in the government sector. I left the government job, and  I went Australia for higher study and better future. I don't have any regret coming to Australia, sometimes I realised life used to  be simple, better in Nepal. I have faced the hardest moments of being far from the family, country, and struggling life here. It's all how, where you take your life. However, if you have determination and patience to your dream, you can reach your goal wherever you live.",IDS,Regular_video_comments_Filtered,latin,english,102,0,substantive_keyword,future
0370e6533258,Yo video kp ba parchanda and sher bahadur lai puryanusta ❤ balen is top ❤😢😢😢,IDS,Regular_video_comments_Filtered,roman_nepali,nepali,13,5,kept_default,
d0b115fcd0e4,Nepal mai basne le like garnu hola ✅,IDS,Regular_video_comments_Filtered,roman_nepali,nepali,7,1,substantive_keyword,basne
994106b606bf,"Yes ! IT sector ma skills gain garyo vane. ramro hunxa. No college degree, no tension !",IDS,Regular_video_comments_Filtered,roman_nepali,nepali,15,0,kept_default,
0cfc738a69c0,"Nepal really needs to follow ‘The Mahendra Path’ for stabilisation anyatha kunai baad ya kunai bideshi tantra le desh sakkauna bahek aru kehi gardaina.<br>Sabai jana ek bhayera aafno aafno thau bata garne ho bhane asambhab kei panj chhaina.<br>Jaya Nepal , Jaya Desh🇳🇵🕉️",IDS,Regular_video_comments_Filtered,roman_nepali,nepali,43,3,substantive_keyword,bidesh
f239b8ff6676,Timestamps (Powered by Merlin AI)<br>00:04 - Consideration to stay or leave Nepal<br>04:27 - Discussion on staying or leaving Nepal<br>08:19 - The video discusses the decision to stay or leave Nepal.<br>12:16 - Discussion on staying or leaving Nepal<br>16:15 - Earning in dollars and spending in rupees is fascinating<br>19:44 - Consider staying in Nepal for its cultural richness.<br>23:04 - Debate on staying or leaving Nepal<br>26:25 - Decision to stay or leave Nepal,IDS,Regular_video_comments_Filtered,latin,english,78,0,substantive_keyword,dollar
d04aa5a020c7,"The thing about competition is, if the number of competitor is less then the quality of competition is degraded as well.",IDS,Regular_video_comments_Filtered,latin,english,21,0,kept_default,
6c2042fc5fb1,"Dheraii naii ramrro fact vannu vayo daii,so ahile moh India ma kaam gardai Xu Ani mero aafno sochai nii testai xa kii 1 din moh aafnai desh ma farkerw jane Xu rw yaha kamayako paisale kehi business garxu aafulai knowledge vayako sector ma.i love my country 🇳🇵🇳🇵🇳🇵🇳🇵",IDS,Regular_video_comments_Filtered,roman_nepali,nepali,48,8,substantive_keyword,india
f2c227e9d525,as a class 12 pasout just now I am also in such a dilemma for my future,IDS,Regular_video_comments_Filtered,latin,english,17,0,substantive_keyword,future
c99db142b29e,मैले यो कमेन्ट छाडेको छु । म नेपालमै बसेर केहि गर्नेछु मेरो परिवारको लागि ❤ । अब केहि बर्षपछि यो विडियो र कमेन्टको सम्झनाको लागि #nepal,IDS,Regular_video_comments_Filtered,code_mixed,nepali_english,24,1,substantive_keyword,परिवार
ae8bae739fbe,Leaving this shit,IDS,Regular_video_comments_Filtered,latin,english,3,0,kept_default,
4c9c7d8bf6fc,What a scary truth😢,IDS,Regular_video_comments_Filtered,latin,english,4,1,kept_default,
4c8252357c93,भाइले भिडियो को अन्तयतिर भनेको भनाईले सारै भावुक बनायो र आशआदी पनि बनायो,IDS,Regular_video_comments_Filtered,devanagari,nepali,13,0,kept_default,
0f3b7b920898,जय देश 🇳🇵❤,IDS,Regular_video_comments_Filtered,devanagari,nepali,2,3,substantive_keyword,देश
78430bd085fe,"Bro, I am also going abroad.❤❤",IDS,Regular_video_comments_Filtered,latin,english,6,2,substantive_keyword,abroad
828d29f8a337,Boom Boom 💥,IDS,Regular_video_comments_Filtered,latin,english,2,1,kept_default,
c45c47875bf9,Ma jun kuraley nepal bsnw chahanxu tei kura tapaile bhnubhayo❤.<br>Asa xa ekdin maile bidesh batw  bhitraye ko dollar ley mro desh kai naharaos rw rahirahos❤😢.,IDS,Regular_video_comments_Filtered,roman_nepali,nepali,26,3,substantive_keyword,bidesh
da7e05e034fc,i  also think same,IDS,Regular_video_comments_Filtered,latin,english,4,0,kept_default,
c295029832df,"They're looking for saviour, you look for safety ❤",IDS,Regular_video_comments_Filtered,latin,english,9,1,kept_default,
6ef24aba97b5,Tai Kura lay nai ho ma pani back to Nepal vako kaie garnu xa afaienai desh ma ❤❤❤,IDS,Regular_video_comments_Filtered,roman_nepali,nepali,17,3,substantive_keyword,desh
6c4e78094fa8,"It’s a harrowing data and almost an apocalyptic situation we are in today.  A dire situation as if South Vietnamese people desperately living Hanoi in 60s to evade the North Vietnamese communist attacks.  Today no family, household or community is immune from their near and dear working abroad.  Instead of as to how we can encourage them or facilitate their safe return  to the country our politicians such as Lal Babu Pundit and many others are up in arms with their idiotic rhetorics.  We must bring sensible changes to balance this one way traffic now or face the ruins.",IDS,Regular_video_comments_Filtered,latin,english,100,0,substantive_keyword,abroad
401cbb424ae8,Mailey yo video just time pass ko lagi click gare but this video..... 😮😮😮😮😮😮😮😮,IDS,Regular_video_comments_Filtered,roman_nepali,nepali,13,8,kept_default,
c6fd73ff9c7b,I am commenting this from “bidesh”. I never wanted to come. I was a nurse but after by bachelor i lost my hope. Jo pani yo video nepal bata heri rakhnu vako cha i hope you guys get courage to stay in nepal and be a change factor. I couldn’t do that because IT vahek pani dherai profession cha that needs change.,IDS,Regular_video_comments_Filtered,roman_nepali,nepali,63,0,substantive_keyword,bidesh
c785637c859c,I wanna be that kanxa dai❤,IDS,Regular_video_comments_Filtered,roman_nepali,nepali,6,1,kept_default,
18e53d89a448,"Haami afno desh lai recover garney soch ma leuna parcha.<br>Ek huna parcha. Balen Shah le ma matrai antim saas ho vanera daabi lagayesi man ekdam siringa vayeko thyo. <br>Politically fight gardai cha, kina vaney, waha Nepalkai youngest leader ma parincha. The youth wants changes. Tara hernus, ahile pani kati jhamela ma fasai rahecha garchu vanne haru lai. <br>Adik huney samaya ai raheko cha,jasari aghi India ko e.g diye jasari. <br>I want to return and do smthg in Nepal, sikchya chettra ma. Kina vane malai desh ko maya ra vavishya ko laagi asha vayekole garda ho.<br>Ma Nepal bata ho vanera garba saath aaja pani, bidesh mai vaye pani ma vandai ayeko chu. Desh ko awastha ahile j sukai hos, Loyalty ko laagi kina hos, afu Nepali nai ho vanera chinauna ma pachi hatney chaina.<br>Lastly, this channel needs more subscriber.",IDS,Regular_video_comments_Filtered,roman_nepali,nepali,143,0,substantive_keyword,bidesh
33cb4a5d4171,Nice deshmai kai garna parxa vanni sooch xa but economically struggling family,IDS,Regular_video_comments_Filtered,roman_nepali,nepali,12,0,substantive_keyword,family
5d2907754b42,"At least , firstly try to stay here in nepal , i am one of them ..... ❤ padey lekhey ko Youth vaye po desh banxa , kam nalagdo system change hunxa ....",IDS,Regular_video_comments_Filtered,roman_nepali,nepali,27,1,substantive_keyword,system
838bfc8f23af,Aako vedio man bata man paryo,IDS,Regular_video_comments_Filtered,latin,english,6,0,kept_default,
8df8d669efd5,नया youtube साथिले एक अर्कालाइ सपोर्ट गरौ है🎉🎉🎉🎉🎉,IDS,Regular_video_comments_Filtered,code_mixed,nepali_english,8,5,kept_default,
f4d6b25cbfcd,Feri Nepal aau (yaha dherai job pauna milxa aba ) 👍👍👍😍😍,IDS,Regular_video_comments_Filtered,roman_nepali,nepali,9,5,substantive_keyword,job
8860adae0328,"एउटै मन कतिपटक जित्छौ भाई यार॥<br>सबै ठीक छ । “भौतिक सुविधाको मात्र पछि लागेर मात्र जीन्दगीमा शान्ति मिल्दैन” भन्ने कुरो थपिदिएको भए सुनमा सुगन्ध हुनेथियो। अनि नेपालमा IT मात्र होइन, tourism business मा पनि राम्रो सम्भावना छ है॥",IDS,Regular_video_comments_Filtered,code_mixed,nepali_english,39,0,kept_default,
f690ee00ef81,Dai omini scandal ma vedio banaunus na.big fan ❤,IDS,Regular_video_comments_Filtered,roman_nepali,nepali,9,1,kept_default,
93e786b9edbd,mero ni abo 12 sake xi plan tei thiyo tara plan change garum jasto lago ❤️,IDS,Regular_video_comments_Filtered,roman_nepali,nepali,15,1,kept_default,
b7178c873315,"if leaving country increase rapidly day by day , in certain time , country face huge , economic cricis and youth !!",IDS,Regular_video_comments_Filtered,latin,english,18,0,kept_default,
b994c08aa4c2,१५ वर्ष अगाडी मैले पनि यही सोचेको थिए ! आज सम्म कठै मेरो देश । अब तपाईको video ले अझै पनि म आशा गर्दछु । But again I dont think with this kind of situation we should stay still in Nepal 🤔,IDS,Regular_video_comments_Filtered,code_mixed,nepali_english,40,1,substantive_keyword,देश
6cf85c1eab7b,sai hoo,IDS,Regular_video_comments_Filtered,latin,english,2,0,kept_default,
86f72abfec8e,"Tapaile bhnu bhayo ni video graphic, editing,content creation kunai private scl ley afai koi rmro professional lai hier garerw suru gryo bhne jslai padhmw man xaina tniharule tyo apdhxan rw bahirw gayerw hos wah nepal ma baserw kei grxu bhne majale grnw skxan❤hope anybody will strt it up.",IDS,Regular_video_comments_Filtered,roman_nepali,nepali,50,1,substantive_keyword,pr
09da47e6b6a4,For growth in IT sector in Nepal. The government should make international payment good and work to improve it because there are no any options to withdraw dollars in Rupees in our Local Bank.,IDS,Regular_video_comments_Filtered,latin,english,34,0,substantive_keyword,pr
0d1815da2a14,"Simple cha, Jobs haru create garnu paryo, government le create garnu pardaina jobs, buisness garney anukul environment, policy ra system matrai banayo bhaney manchey haru afai le Jobs create garchan.",IDS,Regular_video_comments_Filtered,roman_nepali,nepali,30,0,substantive_keyword,uk
a59ee3b1d795,I am crying with this .. sold my nationality for happiness. After a decade..i think I left that happiness behind in my own country ❤,IDS,Regular_video_comments_Filtered,latin,english,24,1,kept_default,
43d3c05be2a3,Dubai ma basera yo video herda ta kaile nepal farkim vayo ho😢❤,IDS,Regular_video_comments_Filtered,roman_nepali,nepali,12,2,substantive_keyword,dubai
fd171549110c,Being a modern slave in foreign which will take off our own experience for living and fooding expenses soo we should focus on Nepal condition jay Nepal 🇳🇵🫶,IDS,Regular_video_comments_Filtered,latin,english,27,3,substantive_keyword,foreign
2282fc87b359,Comment  section is more 😢sad than the video it’s so saddening to see a reality of our country nobody like to leave their home country I bet everyone but we have the financial responsibilities after all. Money matter to survive in this expensive world and marring is realising love is not enough to survive but money is,IDS,Regular_video_comments_Filtered,latin,english,58,1,kept_default,
f478789f86ea,Bro lea vedio lea chai maan ma keai chai banuxa,IDS,Regular_video_comments_Filtered,latin,english,10,0,kept_default,
13b26f60874e,Videsh bro,IDS,Regular_video_comments_Filtered,latin,english,2,0,substantive_keyword,videsh
be0c2b3ab0b0,"Euta major factor chai Health security pani ho. Loan, emi ani basic expenses ramrari afford garna nasakeko bela it's certainly hard to afford  major health issue to any of the family members.",IDS,Regular_video_comments_Filtered,roman_nepali,nepali,33,0,substantive_keyword,family
2d517f16ced7,It sector ley india lai dharai positive grow gari sakyo aaba nepal ko palo ❤ sabai kura ko expired date hunxaw hamley nepal bandha loadsheeding jasto thulo issues bata mukti pai Sakim nepal will change soon we have to change it ❤ ids and 90% social media influencer knows how to dimotivated youth sushant pradhan ko recent video properly explain gariyako xaw kasari nepal change huni wala xaw❤,IDS,Regular_video_comments_Filtered,roman_nepali,nepali,66,3,substantive_keyword,pr
e04cd64e0120,please make a content on fixed ma paisa rakhera basne ra aseet ma invest garnu satta materials ma paisa invest garne trend,IDS,Regular_video_comments_Filtered,roman_nepali,nepali,22,0,substantive_keyword,basne
62ddc7346de9,Ma pani usa  jana lageko xu hai.ma pani nepal tw farkidina hola,IDS,Regular_video_comments_Filtered,roman_nepali,nepali,13,0,substantive_keyword,usa
7ea5d1b2e092,Thank you for using the photo of my house's shutters without permission.,IDS,Regular_video_comments_Filtered,latin,english,13,0,kept_default,
425f63ccff7a,"I believe that most of the Nepali students who have been studying abroad will return back home and start working in the country with experience,  knowledge and skills as we all have a great plan to boost up Nepal and personal financial growth.<br>I believe young will return backs home. I will return too 😀",IDS,Regular_video_comments_Filtered,latin,english,54,1,substantive_keyword,abroad
e988b73f8792,Probability Ra reality to different things k huncha vandha ni ! self growth ma Manche ko focus huncha home country or foreign country is two choices we all Nepali  have desh bhakti won't make food on the table better career money makes food on  the table at last the question arise should we leave or should we stay 😢,IDS,Regular_video_comments_Filtered,roman_nepali,nepali,58,1,substantive_keyword,pr
32f4c2081a7f,"When issues like corruption, mismanagement, dirty politics, and transportation are resolved, we will certainly do our best to return to Nepal and contribute. Otherwise, it is too risky for us to come back and struggle with flawed systems, especially when we are accustomed to a higher quality of life abroad. We have seen how much Rabi Lamichhane and his family had to endure to bring about change, which I couldn't tolerate if I was in his place. (From someone doing a PhD abroad)",IDS,Regular_video_comments_Filtered,latin,english,84,0,substantive_keyword,abroad
60b7152c0fdf,Yo video ma college ko homework gardei suni raxu ...ma nih janxu bidesh due to ghar ko pressure,IDS,Regular_video_comments_Filtered,roman_nepali,nepali,18,0,substantive_keyword,bidesh
5d4d95748776,"Like others I left the country, but unlike others my goal is to bring not only money but my expertise and skills for my country. Hope everything goes as planned ✌️✌️",IDS,Regular_video_comments_Filtered,latin,english,30,2,kept_default,
826e5c13d30c,kura haru jati share garnu vayo sabai milyo ma seetw ani mero friend group ma manai ho bidesh janna vanni 4 jana ko group bata eklo basney wala xu... thanks it sector is best ho aaile ko nepal ko halat dekherw vanna lai.. mani it nai padhdai xu...tapai bahun vayerw hola kura haru yesto milirako theyo ki ashu nai aayo mero love relation ship seetw ni milyo ani sathi ko mami ko kura ani aru thuprai>>>>,IDS,Regular_video_comments_Filtered,roman_nepali,nepali,77,0,substantive_keyword,bidesh
bae121e67a3a,"31 yr old Nepali - (British national) -  In the UK and other global economies, the rapid advancement of AI and digital systems is transforming the job landscape, leading to significant shifts in employment. Roles traditionally reliant on human input, such as administrative coding, web development, IT administration, social media management, video editing, graphic design, accountancy, and even positions like purchasing managers and administrative staff, are increasingly being automated and AI. This trend has led to notable job reductions across various sectors; for instance, PwC has released 5,000 employees, Citigroup has reduced its workforce by 4,000 to 5,000, and similar actions have been taken by Barclays, HSBC, and numerous other firms within the accounting, technology, and communications industries. In response to these changes, professionals are encouraged to pivot towards careers that are more resistant to AI disruption, focusing on areas where human expertise and creativity remain irreplaceable.",IDS,Regular_video_comments_Filtered,latin,english,148,0,substantive_keyword,pr
f5b02e549440,Me watching this after the F1 US visa grant.,IDS,Regular_video_comments_Filtered,latin,english,9,0,substantive_keyword,visa
343c74eef6af,Mayale sansar thamosh nathamosh ….Nepali ra hamro desh Nepal sadhai hunuparcha! Nepal desh rahirahana tapai Hami sabai Ko utikkai dahityoo cha!,IDS,Regular_video_comments_Filtered,roman_nepali,nepali,21,0,substantive_keyword,desh
9f31a341eeb9,Go go that’s it that’s all,IDS,Regular_video_comments_Filtered,latin,english,8,0,kept_default,
47cb66805e15,Nepal ma education sath sathai skills pani provide hunu parxa ani education system ma ni farak lera aayo vane yesle huge change parna sakxa student ko mentality ni badalna sakinxa,IDS,Regular_video_comments_Filtered,roman_nepali,nepali,30,0,substantive_keyword,pr
da5de771a0d6,The main root is government. Government should provide system.,IDS,Regular_video_comments_Filtered,latin,english,9,0,substantive_keyword,pr
3e42cfa4df62,Lastai man chuyo <br>Aafno desh vanya aafno aafno desh ho<br>Janmavumi nepal<br>Karmavumi bahira vayo😢<br><br>Hope chardai nepal aayera basne environment create hos<br>Jasma maile ni kei garna sakum aafno desh Nepal ko lagi😢<br>Jay Nepal 🇳🇵,IDS,Regular_video_comments_Filtered,roman_nepali,nepali,36,4,substantive_keyword,basne
b732cac90477,"Dai the video the concept and the creation of hope was fabulous. But what you said about IT and outsourcing has some problems with it, the major problem lies in foreign currency direct transactions. Also I don't see government supporting outsourcing, example you gave of Indian economy, in india major part is covered by FDI(Foreign direct investment) and outsourcing, i don't see our government supporting this.",IDS,Regular_video_comments_Filtered,roman_nepali,nepali,69,0,substantive_keyword,pr
322e5a57923a,"A bit emotional😶<br>consumption गर्नु मात्र सफता हाेइन्। विदेश गएर मेराे जीवन त सुखि हाेला तर मेराे समाजमा कस्ताे असर पर्छ, देशमा कस्ताे असर पर्छ ध्यान दिन आवश्यक छ। प्राण भन्दा प्याराे मेराे देश ❤️❤️🇳🇵🇳🇵",IDS,Regular_video_comments_Filtered,code_mixed,nepali_english,34,7,substantive_keyword,देश
fc5b857fc069,Lasta mah tei maya pani poila hindinxa paisa na bhaye kura kura nai ho risk lina lai capital xa bhane nepal basney gujara garera matra life chaldaina ni hajur just job garera hudaina,IDS,Regular_video_comments_Filtered,roman_nepali,nepali,33,0,substantive_keyword,basne
e5e1484933bc,Nepali drubh rathee❤,IDS,Regular_video_comments_Filtered,latin,english,3,1,kept_default,
fd7ea828a45b,Sabai software engineer huna sambav xaen kei agricultural ra natural wise ma pani established priority hunuparyo,IDS,Regular_video_comments_Filtered,roman_nepali,nepali,16,0,substantive_keyword,pr
efb1c10e8f56,We can do it ma pani khi samaye paxi farkera  afnai desh ma khi garne xu rahara le hoina badataya le desh chodeko ho    love Nepal  my country my soil.💚❤️,IDS,Regular_video_comments_Filtered,roman_nepali,nepali,30,2,substantive_keyword,farkera
a3ffdab57e0b,"The data that you have presented in 2:20, the header of the document says Arrival and Departure of Nepali Citizens, can you also please highlight the column header that says ""Number of Departures"". So that the casual viewer (like me XD) can quickly spot the column is representing only Departures. Also in 3:04, the written text says 541, but the narrator says 1541, which is it?",IDS,Regular_video_comments_Filtered,latin,english,68,0,substantive_keyword,pr
3ebdbfc37a88,I'm IT students but i dont hava any idea 😍,IDS,Regular_video_comments_Filtered,latin,english,10,1,substantive_keyword,student
970b902835f5,माया मुजि मोह ले मात्र के गर्नु देश को माया त लाग्छ नि |,IDS,Regular_video_comments_Filtered,devanagari,nepali,13,0,substantive_keyword,देश
2d716c731a49,purai sunepaxi aakha vari aashu vayo🥺🥺desh kaha jadai xa tw..?,IDS,Regular_video_comments_Filtered,roman_nepali,nepali,11,2,substantive_keyword,desh
07d8c57f6669,"परिस्थितिले जन्मभुमिमा कर्म गर्न नसकेपनि, मर्न पाउ।",IDS,Regular_video_comments_Filtered,devanagari,nepali,7,0,kept_default,
718fffad4946,Mo ta so  lod bedes basne ho tanna kamaune ani bank ko interest khadai basne ho ani sano business garne ho,IDS,Regular_video_comments_Filtered,roman_nepali,nepali,21,0,substantive_keyword,kamaune
e966df48f791,Just think in this era money is everything.choice is ur what u do .i made my decision .,IDS,Regular_video_comments_Filtered,latin,english,18,0,kept_default,
b326bd595bc9,अबको १०० बर्षमा नेपाल शक्तिशालि देश मघ्येमा गनिनेछ,IDS,Regular_video_comments_Filtered,devanagari,nepali,8,0,substantive_keyword,देश
05f89b9d2980,"K garne family ko maya cha. Yha ta eat, sleep, play repeat,stuck in infinity loop bhai.😢 from-🇵🇸",IDS,Regular_video_comments_Filtered,roman_nepali,nepali,18,3,substantive_keyword,family
eb81c148dbc7,Aama Nepal 😭,IDS,Regular_video_comments_Filtered,latin,english,2,1,substantive_keyword,aama
d5fd17e162b0,Bro m chai raharle grda bidhes aayee harek nepali short timeko laghi bidesh aawnu nai parchh ..aamako Maya sanggai basda bujnu gharo hunchh bt pardhesh laghee pochi aamako Maya dhesh ko maya dhobbar badheraw janchh so,IDS,Regular_video_comments_Filtered,roman_nepali,nepali,36,0,substantive_keyword,bidesh
4fa4c7b333d8,यो देश छाड्ने हजारौं कारण छन् तर नेपालमा बस्ने एउटै कारण छ माया🤍🌷🇳🇵,IDS,Regular_video_comments_Filtered,devanagari,nepali,13,4,substantive_keyword,देश
3436514ad95b,Jhatta herda jindagi dami cha sabai thikxa hajur paisa kai kami cha... m age 35 not leaving country and never in future,IDS,Regular_video_comments_Filtered,roman_nepali,nepali,22,0,substantive_keyword,future
ed3d82e1ecb0,Tension vayara aayo,IDS,Regular_video_comments_Filtered,latin,english,3,0,kept_default,
7d253f55bb8a,अाँखा बाट अासु अायाे😥<br>के भयाे यस्तो देश😭,IDS,Regular_video_comments_Filtered,devanagari,nepali,8,2,substantive_keyword,देश
f5cd97534d1d,Ma pani aafni desh xodna ko laghi tayari gardai xu din rat na vani🙂,IDS,Regular_video_comments_Filtered,roman_nepali,nepali,14,1,substantive_keyword,desh
0d2785849bf5,"I have left my country, it's been 10 years. I agree and I don't and I have my own reason.",IDS,Regular_video_comments_Filtered,latin,english,22,0,kept_default,
98b65e612149,"Data scientist,IT,sector ma job garna interest pani hunu paryo ni.....Afnu interest talent pani evaluate garnu parxa...paisa bhandaima ahakha chimlera IT field choose nagareko ramro...",IDS,Regular_video_comments_Filtered,roman_nepali,nepali,28,0,substantive_keyword,job
5fc792a0917f,10 Yrs paxi yo comment herna lai xodeko xu..nice content bro,IDS,Regular_video_comments_Filtered,roman_nepali,nepali,12,0,kept_default,
f2a30734535e,Last ma ta dhannai royena 🥲,IDS,Regular_video_comments_Filtered,latin,english,5,1,kept_default,
a13a5faca88f,"म तेति जान्छुझै त लगदैना है साथी, तार येति भन्न चाइ मन थम्नै सकीन । <br>भावना 💖 ले मात्रै एकजुट अनी गलत गर्नबाट रोक्ने नै हो बाकी सबै कुरा भौतिक चिज हारुले नै चल्छ।",IDS,Regular_video_comments_Filtered,devanagari,nepali,33,1,kept_default,
546c13e784a6,Think me immature but leaving country is good for our family ❤,IDS,Regular_video_comments_Filtered,latin,english,11,1,substantive_keyword,family
07c00bf445f3,Ekai choti sabai sodesh farkera neta haru lai bhagauda kaso hola? Aru le desh banayepaxi farkinxu matra bhanna ta sajilai kura ho afai banauxu bhanne chahiyo.,IDS,Regular_video_comments_Filtered,roman_nepali,nepali,26,0,substantive_keyword,farkera
2dc6462502d5,नेपाल एक सति ले सरापेको देश हो। तेही भएर होला धमाधम विदेशिन बाध्य भएका,IDS,Regular_video_comments_Filtered,devanagari,nepali,14,0,substantive_keyword,देश
2b554732244a,"ok I understand your words.... tapaiko kura ni thik ho ... maile 2022 ma mero +2 sakkeya.... ma euta lower middle class bata belong garxu .. baba yo jyami kaile kam hunxa kaile hunna... thekdar ho.. but kam huda ni poisa time am aaunna... dd ni xa who is also studying... uh aaile BBA paddai xa jasto mimimum fee hami tiiri ra xam 4 lkh for 4years... tara house rent .. khana .. gadi vada.... ghar kharcha.. yeti le savings nai hunna... i have been working from grade 11 afno family ko problem dekhera .... ... maile apply gareko xu bidesh kinaki maile ya kei dekhina... family issue le garera maile ya kei join garne himmat nai aayena... i was good student ra uta full scholarship ma IT padhna paudai xu .... maile nepal ma dherai nai collages khoje kunai ma k vanxa kunai ma k .... maile ya pade vane yearly 6 lakhs samma ma full IT cource padauxu vanne collages haru vete but after scholarships... jaba ki yedi ma bidesh gaye vane free ma padxu ... jane kharcha matra ho... ani tya gara ni aafai kamara sustain garna sakxu ... ma sanga accountant ko experience xa ... ma writer ni ho.... ra Ielts ni padauxu ... but ya kamako poisa ta ussai sakkinxa,,..... ma monthly 25-30k kamauxu after +2 tara teti ho... ya maile garna try na gareko haina.... maile 1 year aafai kamara tirxu vanera ni join garan khojekoho.... tara gahr ma poisa dida ... dd ko fee.... sabbai garda afu lai ta na pugne raixa ,.. ani desh ra baba mumi ko maya na lagne haina tara bidesh na gai kei na na hune raixa... it may hurt but it is true ... uta nai ramro xxa...",IDS,Regular_video_comments_Filtered,roman_nepali,nepali,277,0,substantive_keyword,bidesh
56aae718ef40,Should we stay or leave ko  video ta banyo tara  hajur ley yeuta dedicated video banua nu na nepalmai basera kk garna sakinxa napla ma khulera garna sakine thau ra area haur kk xa kun field xa ra tyo thau ma hamiley aafno time ra effort diye anu sar kati ko income generation garna sakin xa tyo kura lai aajai kasari expand garna sakinxa ra international trade haru gare ra kasari economic growth ra development garna sakin xa aafno desh ko ??????? @IN-Depth Story,IDS,Regular_video_comments_Filtered,roman_nepali,nepali,83,0,substantive_keyword,desh
a643b97c72e6,"I work a tech job in Australia, If i can get a remote job with the same money in Nepal, I will definitely return.",IDS,Regular_video_comments_Filtered,latin,english,24,0,substantive_keyword,australia
71cccd1fd07c,Malai pani tei Kanxa dai huna ta mann xa tara k garnu 😢 badyeta xa k garnu,IDS,Regular_video_comments_Filtered,roman_nepali,nepali,16,1,kept_default,
1bb2cca5d38f,"Migration rokna nepal sarkar ra nepali janata ley even ghatauna sakena vaney, nepal ma basney ani buisness garney lai ekdam garo awasta auney xa . Bcoz business is direct related to population. Outside valley ko lai ta ahiley nai garo awasta aai sakeko xa .",IDS,Regular_video_comments_Filtered,roman_nepali,nepali,43,0,substantive_keyword,basne
930517ba9c6d,Nepal ma sabai mahagi ani kaam haru chhaina 10-12  kaam Garda family palnu sakdaina but Europe Australia tira student padhera Pani ramro kamayeko chha,IDS,Regular_video_comments_Filtered,roman_nepali,nepali,25,0,substantive_keyword,europe
b44be785a009,"नेपालमै बसेर डलर कमाउने चाहिँ अर्ध नेपाली हुन । सोझो हिसाबले हेर्दा उनिहरु नेपालमै बसेपनी, उनिहरुको श्रम र पसिना चाहिँ विदेशिकै लागि बगेको हुन्छ ।<br><br>म आफै यो काम यानिकी (Freelancing) मा सम्लग्न भएको अनुभवले भन्दैछु ।",IDS,Regular_video_comments_Filtered,code_mixed,nepali_english,37,0,substantive_keyword,देश
87fb0fa4c570,100 केजी सुन काण्डको बारेमा निकाल्न पर्यो शर,IDS,Regular_video_comments_Filtered,devanagari,nepali,8,0,kept_default,
a60071860b8f,8.15 off topic hoina bro maybe personal gayo jasto lagyo 😅😅,IDS,Regular_video_comments_Filtered,roman_nepali,nepali,11,2,substantive_keyword,gayo
46354d8ffaa6,Ekdam babal kura ki tara tapai k chahanu hunxa ?<br>Varkhar bachelor saknu vayeko chha <br>K garnu hunxa hajur?,IDS,Regular_video_comments_Filtered,roman_nepali,nepali,18,0,kept_default,
6739a5842dae,Kam xaina 100 jana ma janma 1-2 jana lay garera k hunxa ra desh ma aru 98 jana chai bidesh jana bahek option nai xaina,IDS,Regular_video_comments_Filtered,roman_nepali,nepali,26,0,substantive_keyword,bidesh
c23ebf4f08d5,In croatia Nepalese are largest migrants today.,IDS,Regular_video_comments_Filtered,latin,english,7,0,substantive_keyword,croatia
c0a15ecfc44a,rahar ley haina badhyata ley ho hajur 🥲,IDS,Regular_video_comments_Filtered,roman_nepali,nepali,7,1,kept_default,
620e4af9ccd2,hello i’m from india but i’m nepali i was think same 🥲,IDS,Regular_video_comments_Filtered,latin,english,13,1,substantive_keyword,india
c47a474af062,"काम गर्न देश वा गाँउ छोड्नु संसार भरिकै चलन हो , अहिलेको मात्र होइन पहिले देखिकै। अहिलेको डाटा र त्यही अनुसार आगामी दिनमा नेपालमा जटिलता उत्पन्न हुन सक्छ। हो त्यो 'हुन सक्छ' मात्रैको कुरा हो । अहिले जे देखिएको छ त्यही रही रहन्छ भन्नु गलत हुनसक्छ । परिवर्तन दुनियाको नियम हो ।",IDS,Regular_video_comments_Filtered,devanagari,nepali,51,0,substantive_keyword,देश
f10cc6317420,The light in the darkness 24:55,IDS,Regular_video_comments_Filtered,latin,english,7,0,kept_default,
ba063d9a2639,Romania dekhi portugal aako ma matra ho ki aaru ne cha let’s see❤️❤️,IDS,Regular_video_comments_Filtered,roman_nepali,nepali,14,2,substantive_keyword,romania
5de02d3ea910,Loksewa ko competition kaam hudaina bro loksewa ko seat nai ghaterw aaux.... Desh sanga arthatantra hunu paryo nii..,IDS,Regular_video_comments_Filtered,roman_nepali,nepali,18,0,substantive_keyword,kaam
e575a2867c29,0:40,IDS,Regular_video_comments_Filtered,other,other,2,0,kept_default,
949c8501c79b,😢😢Aba Nepal vanney desh nai huddaina sabbai ley xoderaaa 😢😢😢janxannn,IDS,Regular_video_comments_Filtered,roman_nepali,nepali,10,5,substantive_keyword,desh
749522da0898,LAST मा आएर भाबुक बनायो यार्😪😥,IDS,Regular_video_comments_Filtered,code_mixed,nepali_english,6,2,kept_default,
2eb50226eb2b,ए सुदिप भाइ नेपाल मा हिजो नेपाली नेपाली बिच प्रतिस्पर्धा(competition) थियो तर आज जसरी असरल्ल भारतिय हरुलाइ नागरिकता बाडिदै छ नि हो त्यसरी नागरिकता बाडिदै गर्दा नेपाल त रित्तो हुदैन तर नेपालमा नेपाली पनि हुदैनन् भन्ने मा चै म पक्का छु।त्यो एङ्गल बाट पनि सोच्नु जरुरी छ है सुदिप भाइ।<br>भोलि नेपालमा लोकसेवा मा नाम निकाल्ने भारतिय हुनेछन् जसले नेपाली नागरिकता सजिलै पाउदै जादैछन।,IDS,Regular_video_comments_Filtered,code_mixed,nepali_english,65,0,kept_default,
3a6dadf0c94e,Ma roye dinxu😢,IDS,Regular_video_comments_Filtered,latin,english,3,1,kept_default,
194a645fe008,Bhanda dhukha lagla astai huni ho vanay hami le hamro desh ya thyo vandai hamro chora chori lai map maa khojnu parxa😔😔😔😔,IDS,Regular_video_comments_Filtered,roman_nepali,nepali,22,4,substantive_keyword,uk
3cbf666ab3cf,Aaba 10 barsha ma desh ta change hola tara hajur ko umer pani rokidaina holani daju. What if the country became in more dangerous situation??,IDS,Regular_video_comments_Filtered,roman_nepali,nepali,25,0,substantive_keyword,desh
d3d4f1da9238,"Leave Nepal 🇳🇵 as soon as possible. Otherwise,there are only regration .time mai country India lai diyara sab nepali bahira jaam",IDS,Regular_video_comments_Filtered,latin,english,21,2,substantive_keyword,india
6eaceb859bfd,"hamro copies ko cover page ma lekheko hunx ni a place is only as good as the people in it tyo sacho ho. Dherai nations haru le nepal jasto difficult times bata gujreka xan. Taiwan,Singapore,Japan,South Korea,Botswana jasta countries haru pani Nepal jastai ek time ma developing thiye. Developing countries jastai US le ek time ma the great depression,Chine le Mao's famine ra hamro neighboring country India jun ahile world ko fastest growing economy baneko x ani dherai colonized bhayeka countries le aafno worst time face gareka xan. Tara tyaha ko janata na bhagera aafno desh banauna lagi rakhe tei bhayera ahile tyaha ko development dekhera hami attract hunxau. So I believe Nepal pani ek din testai developed hunx. I believe the fire of development has been lit but it will take time to turn into a blaze(but not forever). But we can only see it happen if we don't leave our country.<br>So everyone no matter what you choose to be in the future(doctor,engineer,microbiologist,teacher etc)you have my utmost respect if you choose to be a nepali",IDS,Regular_video_comments_Filtered,roman_nepali,nepali,189,0,substantive_keyword,korea
d53e9e8b78d8,2 din ko jindagi ho and what is passion anyways kasaiko kei passion vanne hunna ani arko ho part-time wala thik laayo maya le paisa didainaaa haat mukh jodna ni paryo,IDS,Regular_video_comments_Filtered,roman_nepali,nepali,32,0,substantive_keyword,uk
6ad37d0c8dc2,"सार्है घतलाग्दो अनुसन्धान, म स्वयम देशमै बसु केहि गरौ भनेर आजसम्म देश र परिवार छोड्न मन लागेन तर यही देशमा बसेर अहिलेसम्म मैले सोचेको जस्तो जीवनशैली हासिल गर्न सकेको छैन, महिनाभरि काम गर्यो तलब जति खर्च गरेर नै सकिन्छ, कहिलेकाही पहिले नै विदेश जानुपर्ने रहेछ भन्ने सोचले मन खिन्न हुन्छ, फेरि एक मनले हैन यही ठिक छु जस्तो लाग्छ, विदेश गएकाहरु सफल र देशमै बसेकाहरु असफल भन्ने विचारधाराले गर्दा नै होला कोही यहाँ बस्न चाहदैनन, देशमा यति धेरै सम्भावना हुँदा पनि यसको सदुपयोग गर्न सरकारी पद्धतिलाई नै दोष दिन चाहन्छु, कृषि, पर्यटन र हाईड्रोपावर क्षेत्रमा काम गर्न सहज मात्र हुने हो भने पनि देशले कोल्टे फेर्ने थियो, यी बिचमा कमिसन खानेले गर्दा नै हो कसैलाई काम गर्ने आट नआएको, नेपाली जति विदेश पलायन हुँदै गर्दा विदेशीहरु नेपालमा आएर यही घरघडेरी जोडेर बस्दै छन, देश रित्तिएको होइन यहाँ नागरिक संगै देश पनि बेचिईदै छ, अर्काको देशमा दोस्रो दर्जाको नागरिक सरह बाचेको जस्तै आफ्नै देशमा दोस्रो दर्जाको नागरिक भएर बाच्ने दिन नआओस, बिस्तारै भए पनि ठिक हुँदै जानेछ भन्नेमा आशावादि छु🙏 जय नेपाल🇳🇵",IDS,Regular_video_comments_Filtered,devanagari,nepali,171,3,substantive_keyword,सरकार
1a0bad266dbc,Last part ko kura ley maan nai choediyo,IDS,Regular_video_comments_Filtered,roman_nepali,nepali,8,0,kept_default,
9d6caf9ec7d2,Sabai kura Sahi Tara jamma world ma 195 country xan Ani 215 ota Des ma kasari gayexan Nepali 😊,IDS,Regular_video_comments_Filtered,roman_nepali,nepali,18,1,substantive_keyword,gaye
bf2e4b15ac31,I start working out of country 2015 as barista in cruise still i have no choice.,IDS,Regular_video_comments_Filtered,latin,english,16,0,substantive_keyword,work
5c68b9d03c6e,"Nepal aile bigreko karan chai eta ko  naagrik haru le democracy nabujhera athawa bujhna nakhojera ho jasto laagxa. I am in search of such a video jun le chai haamle as a citizen, protest haru nagarikana aafno dainik kriyakalaap maa ni hamper nahune gari kasari desh ko politics maa affect garna sakxam vanne kura sikauxa. Kina vane maile aile dekhya anusaar jolle maitighar mandalaa ma protest garuo usko kuraa sunxa sarkaar le. Haami jasto normal citizen ko chai sundaina kura. Haamlai tha nai chhaina kya how to be a responsible citizen vanera. Yo topic maa euta video banaune sakinxa tah brother?",IDS,Regular_video_comments_Filtered,roman_nepali,nepali,101,0,substantive_keyword,pr
98cbe5fb6862,"Ma chai Nepal farkidina....Aba manufacturing industry sector fastaune hoina reason no sea to export, sano ASHA hydro bechera komaula, medical herbs n tourism le Ali Ali international trade hola natra Kam xaina.",IDS,Regular_video_comments_Filtered,roman_nepali,nepali,33,0,kept_default,
f9d3505661ab,Hamro ta vabiswa andakar vayo...tara pani hami vanda tallo pidiko vabiswa ujwal rahos...,IDS,Regular_video_comments_Filtered,roman_nepali,nepali,14,0,kept_default,
86a71caea9c3,I want to join in depth story please mention me if there is something that I Can do,IDS,Regular_video_comments_Filtered,latin,english,18,0,kept_default,
6d1ca456e88f,"नो बडि गिभस् अ फ्लाईङ्ग फक ईफ यु स्टे अर लीभ नेपाल। title यउटा कुरा अर्को, मातोक्ने । बिदेस जाने भिसा मिलेको भए तँ मोरा ३२ दाँत उम्रनु अगाडि नै कुलेलम ठोकेर कुन देश पुगि सक्थिस्। प्रकाश भुजेल भन्ने झाँक्रिलाई देखाउनु एक चोटि देखाउनु, भिसा मिलि हाल्छ कि।<br>गुड लक भाई।",IDS,Regular_video_comments_Filtered,code_mixed,nepali_english,51,0,substantive_keyword,देश
07855f305f00,सबै विदेश जाऊ म पाउँछु opportunity। Kuro । विदेश जाने बाध्यता भन्दा नी compition चलेको छ।  कहिले काँही मलाई पनि यो compition भाग लिने मन लाग्छ।,IDS,Regular_video_comments_Filtered,code_mixed,nepali_english,26,0,substantive_keyword,देश
cea39e826292,Nepal ma jaba sama start up suru hunna.. taba sama hami nepali haru bidesh janu ma majbur huncham,IDS,Regular_video_comments_Filtered,roman_nepali,nepali,18,0,substantive_keyword,bidesh
a4d4606534d3,Ma saudi ma xu feri nepal gayar feri arko desh jane sochdai xu😢😢,IDS,Regular_video_comments_Filtered,latin,english,13,2,substantive_keyword,saudi
ed32d0e67968,Crying me who wanted to go abroad for more than 5 years saw this video.....<br>My parents kept me here... Now my life is living hell,IDS,Regular_video_comments_Filtered,latin,english,26,0,substantive_keyword,abroad
0d2a6402b43f,"म रोमानियाबाटै यो video हेरिराछु,<br>र सुरुको सेकेन्डमै म झसङ्ग भएँ!!😅🇦🇩🇦🇩🇦🇩🇦🇩🇦🇩🇦🇩🇦🇩🇦🇩",IDS,Regular_video_comments_Filtered,code_mixed,nepali_english,11,17,kept_default,
94bf14801586,Yeah major cities of nepal should be converted into 24 hours. Tokyo is the best example for it,IDS,Regular_video_comments_Filtered,latin,english,18,0,kept_default,
67527ff9ac7f,Maya moha ma aljinna vai...afu bache ta arulai bachaune ho....kehi changer hunewala xaina,IDS,Regular_video_comments_Filtered,roman_nepali,nepali,15,0,kept_default,
fed7d476f0c2,Mero ne din aaudai xa 😢😢,IDS,Regular_video_comments_Filtered,roman_nepali,nepali,5,2,kept_default,
df43069d8675,crypto earnings ni xa but thorai xa <br>at least dollar ma income ra rupees ma outgo vaye raxa,IDS,Regular_video_comments_Filtered,roman_nepali,nepali,18,0,substantive_keyword,dollar
a97362e88dc2,"ma Aauta Civil engineer ,Nepal Mai Basxu Bhanera Soch rakhya xu .. Mero lagi Khusi Pariwar sanga Samaya Bitaunu Nai ho ❤️",IDS,Regular_video_comments_Filtered,roman_nepali,nepali,20,1,kept_default,
05050148b8f7,I need freedom in my life .,IDS,Regular_video_comments_Filtered,latin,english,6,0,kept_default,
611f4921375d,"dai ma kassam 30 min ko video sochera mailey paila nahereko video aza herey. aasu jharyo, mutu ghochyo, saas fernu garo vayo ani soch aayo yahie kei garxu tara feri ek chap afno paristhiti yaad aayo",IDS,Regular_video_comments_Filtered,roman_nepali,nepali,36,0,kept_default,
6464e292c307,desh mai basne desh mai kai garne bhanera basiyeko xa aaile samma,IDS,Regular_video_comments_Filtered,roman_nepali,nepali,12,0,substantive_keyword,basne
9e653b553166,I got my US visa on 20th feb . Desh ma basera aafno baba mamu sanga meetho maseeno khara basni rahar theeyo tara din dinaie desh ko estithi ane aafno ghar ko reen lea garera badya vayeara jana lako ho. Desh ko yuva lea desh banauni vanxha tara banaunai thau naie didaina ane last option naie yeei hubxha☹️,IDS,Regular_video_comments_Filtered,roman_nepali,nepali,57,1,substantive_keyword,visa
089a2facb9cf,27:15 to 27:35 ❤❤❤,IDS,Regular_video_comments_Filtered,latin,english,5,3,kept_default,
1bb91f0d08fc,"मलाई थाहा छ हाम्रो देश केही कठिन समयबाट गुज्रिरहेको छ तर मलाई विश्वास छ कि हाम्रा नेपाली जनता धेरै मेहनती छन्, हामी निरन्तर बढिरहेका छौं। चाँडै नै त्यस्तो समय आउनेछ जब हामी राष्ट्रको रूपमा हिमालय जस्तै चम्किनेछौं।",IDS,Regular_video_comments_Filtered,devanagari,nepali,37,0,substantive_keyword,देश
172e1695c348,"You are earning good income through YouTube, no matter you stay here in Nepal or go abroad. Your are having well establish earning platform but most of the Nepalese students even doesn't getting paid a salary wages of 10k per month after their bachelor",IDS,Regular_video_comments_Filtered,latin,english,45,0,substantive_keyword,abroad
3bcc605c9bea,Bro hami jagga jamin nahune harulai tyo khali vako jagga 4/6 ana matra sarkarle diyeni yei basinthyo tara 4 aama jagga kinne paisa jogauna bidesh jana parxa,IDS,Regular_video_comments_Filtered,roman_nepali,nepali,28,0,substantive_keyword,bidesh
cc901bab8542,Mww aaile diploma in civil engineering complete garerw baseko xuu result nw aauda samma 2... 3 months ali ghum gham gare aani result aaya paxi loksewa tayari garne vanne ghr batw sujhab aaya paxi ktm aaya .. maile 12 15 din class liya paxi loksewa batw maan maryo... Mww diploma garda 1st year batw aafno filed ko software haru aani practical knowledge maa badhi dhyan diyhe aani study maa chahi pass vairakhthe testo ramro marks ko lagi vanda pani practical knowledge mai dhyan diya rww college ko sabai sathi harule teacher harule pani ramro xaa timle paxi ramro garxau vanthe... So loksewa xodeko kei din maa nai maile yeuta draftsman ko vacancy dekhe tesma apply gare aani interview ko lagi call aayo... Maile interview pani diya aani college maa gareko aafno sabai project haru dekhaya rww tyaha job pani fix vayo... Upto 3 months kaam garepaxi... Dherai thau batw privet job bekar hoo loksewa nai garnu parxa vanne aayo tarw malai tyo privet job maa testo kei tension pani vairako thiyan kaam pani maile ramro nai gareko thiya but family vanda pani social pressure vanne ki k vanne... Maile feri job xoderw loksewa maa lage aaile 1 year vayo... I can't explain kasto feel hunx....  20 barsa  matra vayo malai but tei pani ghr ko jetho xora vayarw hola dherai nai jimmedari aakko feel hunx mero family lee kaile pressure deko xain kunai kurako lagi tei pani....... Maile youtube channel maa  software haru ko tutorials upload garne gareko hunale aali network pani thikai xaa... Kaam pani halka fulka aauxa monthly basis maa... room batw nai upto 10 to 15k earn garnw sakne gari only making some plans elevation simple design haru batw aani ramro kaam garnu pare badhi nai charge garnw... Tarw aaile yo loksewa study lee garda tyo pani xode... Natw malai aafno study maa improve vayako feel hunx rww... Skill haru maa pani continue garna pako xain.... So yadi koi hunuhunx jasle kei suggest garna saknu hunx... Engineering field ko hunuhunx vane aajha better hunthyo... Cause jo pani sarkari maa paisa xain vrastachar tww garnai parxa vanxan... Yati mehenat garerw naam nikale paxi decent amount decent tarika lee kamaunw sakinna vane... Kinw garne yati mehenat ...,IDS,Regular_video_comments_Filtered,roman_nepali,nepali,367,0,substantive_keyword,pr
57a7709109d7,"16 barsa ki umer na malai hearing loss vako theyoo SLC diney bela .+2 join vaye  , college kahile kahie matra jantheya. Hearing loss ko jarann dherai jasoi gharmaie bastheya  . +2 paxi padhna xordiyaa ..  bdesh janu mero lagi paisa matra kamaunu vanda ni aafulai accept gari naya suruwat garnu thiyo... processing  vaie rako xa working visa ko lagi .tara malai thaaxain k garam bidesh jam ki nepal maie basam.?",IDS,Regular_video_comments_Filtered,roman_nepali,nepali,68,0,substantive_keyword,bidesh
546e1e5d66b2,yo video aja vanda 15year agadi aako vaye sayad mero life nai arkai huntheyo 😢😢😢,IDS,Regular_video_comments_Filtered,roman_nepali,nepali,14,3,kept_default,
55472f9b9477,"what if, I haven't figured out what my passion really is yet?",IDS,Regular_video_comments_Filtered,latin,english,13,0,kept_default,
73e7e00f67ee,I had the option to go abroad but i choose to stay in my home country and carry on with the business 😅,IDS,Regular_video_comments_Filtered,latin,english,22,1,substantive_keyword,abroad
d8f6b4bab473,Sabin karki- beest le vaneko kora yeed aako j garchu Nepal mai garchu nasake bidhesh janchu wala that point 😢,IDS,Regular_video_comments_Filtered,latin,english,19,1,kept_default,
0ceb949f7b70,Australia aija kta ho moj xa,IDS,Regular_video_comments_Filtered,roman_nepali,nepali,6,0,substantive_keyword,australia
444313dd14a3,Baseka pani visa nalagera baseka huna hami jastai😢,IDS,Regular_video_comments_Filtered,roman_nepali,nepali,8,1,substantive_keyword,visa
e3f7a995ab3a,Schools  bata  testo negitave habit aila dhaki xa fitcher ma. Kasto aushar  parxa,IDS,Regular_video_comments_Filtered,roman_nepali,nepali,13,0,kept_default,
fb28e8a4951d,garne ho nepal mai basera bebasaye dubyo rin le thamana sakiyena vane dubai qatar jane ani tirera ali ali new bebasaye lai pugne kamayera nepal mai basne,IDS,Regular_video_comments_Filtered,roman_nepali,nepali,27,0,substantive_keyword,dubai
556592054622,last ko 6 ota ma koi ga raina raicha janu parla jasto cha,IDS,Regular_video_comments_Filtered,roman_nepali,nepali,13,0,substantive_keyword,janu
977a6f2358c3,IT sector is in watchlist of this corrupt government on how to get more tax or benefits from them. What is sad and true is that which ever sector grows the government of nepal want to take advantage of that other than let them grow more….,IDS,Regular_video_comments_Filtered,latin,english,46,0,substantive_keyword,dv
20e430afca0e,Bides ma hunele pani cmnt garauna hau tapaiharuko perception,IDS,Regular_video_comments_Filtered,roman_nepali,nepali,9,0,substantive_keyword,uk
d5ea858fcf32,Who else recognize phosphenes 'yestai naie hola' 21:23 21:23,IDS,Regular_video_comments_Filtered,roman_nepali,nepali,11,0,kept_default,
9fc8a8699208,दाई मलाई पनि यस्तो लाग्छ यो अर्काको देशमा कामै गर्न मन छैन भनेमन पर्दैन मलाई।,IDS,Regular_video_comments_Filtered,devanagari,nepali,15,0,substantive_keyword,देश
c4948eeac6a7,I am steel on a delema <br>Des mai kehi ramro garnu parxa vanne ho herum,IDS,Regular_video_comments_Filtered,roman_nepali,nepali,15,0,kept_default,
e4f750858da5,dai ma aaila 1 year ko IT student ho ani aaja hami 5 jana  sathi basako bala aaba future ma k garna ho vana kura vako thayo mero 4 jana  sathi huru sab jana abroad nai jana ho vanxa sab jana IT ko student ho so sad,IDS,Regular_video_comments_Filtered,roman_nepali,nepali,47,0,substantive_keyword,abroad
a9b3ab662b20,Departure doesn’t means leaving own country permanently; people travels for many reasons. Generalising can mislead so many times. Anyway appreciate your effort to aware ppl but please keep vivid analysis on datas.,IDS,Regular_video_comments_Filtered,latin,english,33,0,substantive_keyword,pr
2216a4b87cab,Aus ako 10 barsha hunalaesakyo tara nepal farkane ani afu hurkeko thau kahile farkim jasto sadhai huncha.,IDS,Regular_video_comments_Filtered,roman_nepali,nepali,17,0,kept_default,
22c966eaa5f2,Bidesh rahar le hainaa badayta le jaanu paryaxa,IDS,Regular_video_comments_Filtered,latin,english,8,0,substantive_keyword,bidesh
daf60e9c031d,daju laptop kindiney poisa ley ta feri add garera bahira janu vanxan goverment bata aauney lai it hola ta,IDS,Regular_video_comments_Filtered,roman_nepali,nepali,19,0,substantive_keyword,janu
ad728bffc8f4,Aru testai ho 7/8 lakh kharcha garera 60/70k kamaunu naramro haina. Ekdam राम्रो ho nepal ma lagani garnu vanda.,IDS,Regular_video_comments_Filtered,code_mixed,nepali_english,21,0,kept_default,
57527c288adc,Timlai testo lageko matra ho bro sabai bideshi nepal aaye vaney tima haru kasailey job paudainau,IDS,Regular_video_comments_Filtered,roman_nepali,nepali,16,0,substantive_keyword,bidesh
e63cd25506e8,Khair testai vanera Nepal ma basera khe garxu vaneko paisa. Bina kata ejat dinxara...,IDS,Regular_video_comments_Filtered,latin,english,14,0,substantive_keyword,paisa
9804ca30525a,"Yaha quantity ko kura garam quality ko Haina . Competition ko kura garam sustainability ko Haina , Delusional perfection ma haina Reality ma auspicious bannu paryo .... Skeptical society and Governmental policies will and has been capricious so, believe on your self-confidence , self-belief and don't wait for your time .................. There will be no one in your failure and heaps of em on your success ...... It is a Era of globalization so , wherever you are you are connected to your country and family so, better think of you and not about Problem of country ...... IF koi here is patriotic them when will justice reach for Nirmala , when untill lower caste and upper , Till when corruption, Till when poverty , Till when Good Education, Till when basic transportation ..... My heart goes to kids who have to cross fast current water and walk miles to reach school and still to get low quality education............ Till when we will suffer ... it has been eternity since, I have seen depressed youth and expectation from family .....     Shree Krishna said "" You can't make everyone happy in your Life if you try to do so you will be lose faith or self-belief "" ................ Radhe Radhe ....",IDS,Regular_video_comments_Filtered,latin,english,197,0,substantive_keyword,poverty
611e15c227af,"@ To Give you an Overview Assessment on my Thoughts 💭. I have mentioned about Being Optimistic and Choosing your Career wisely . It’s Okay to Love your own Country but To live you need financial independence Which is not possible in This Country Therefore, My opinion is to Leave the country.",IDS,Regular_video_comments_Filtered,latin,english,50,1,kept_default,
113e34cc1ddd,bau ama lai chadi jane moma himmat chaina so i will try to do sth in ow home and 2nd option Bidesh,IDS,Regular_video_comments_Filtered,roman_nepali,nepali,22,0,substantive_keyword,bidesh
22736f0779ec,"maro dash maa brain drain vako xa meaning hamro dash ko skilled rw educated population dash xori gako xan this is a big problem for our economy, hamro dash maa bidashi company ko investment haru tanna sakhako xina jun ki only safe way ho aouta dash ko economy badaunu lai tara yaha ta business start garni jo garo xa, IT Sector ramro ho tara aouta pipe dream ni ho sabai youtuber banna sakdina so aba harnu hamro yaha dash xori jana culture vako xa aba kuni batdata vayana thanks to our country poor governments management, our  situation is sad but i hope for the better days, take care guys.",IDS,Regular_video_comments_Filtered,roman_nepali,nepali,109,0,substantive_keyword,pr
aee852a01909,yuwa unite  is necessary lets educate nepal as a youth i have been searching job for my financial situation after 12th but no one is giving me job lets hope for my job and i will donate all my money for my future chareity. jai nepal jai kirat.,IDS,Regular_video_comments_Filtered,latin,english,48,0,substantive_keyword,future
873fa06fe7d4,bro talent ta xa Tara certificate magxa ani k garne hola ta. Nepal is frustrating. but I don't wanna leave my country,IDS,Regular_video_comments_Filtered,roman_nepali,nepali,23,0,kept_default,
a5851d89bae5,I hope for my job if nepal cant provide me part time or full time I will leave for sure. lol,IDS,Regular_video_comments_Filtered,latin,english,21,0,substantive_keyword,pr
b59268837c48,"that is neccessary for my family financial situation, thanks Nepal for letting see a lot of things but full time job  ta paudaina part time ta k pauthiyo hola.",IDS,Regular_video_comments_Filtered,roman_nepali,nepali,29,0,substantive_keyword,family
77de23355cb8,as a youth I love Nepal but I think nepal don't love me. I was ready to do anything but no jobs was available.,IDS,Regular_video_comments_Filtered,latin,english,25,0,substantive_keyword,job
e733bec3c9ce,Jati bikas uti nai binas ho atti chai bujhau sabai le,IDS,Regular_video_comments_Filtered,roman_nepali,nepali,11,0,kept_default,
dd8dbdda6daf,नेपाल को भविष्य निकै कालो छ ।,IDS,Regular_video_comments_Filtered,devanagari,nepali,7,0,kept_default,
4060b6507449,खाडी गयकाहरु पनि बाहिर बाट apply गरेर युरोप जानीको संख्या पनि धेरै छ।,IDS,Regular_video_comments_Filtered,code_mixed,nepali_english,13,0,kept_default,
b58f63410eaf,"Three out of four of my children and their children are living in UK. One is in the US. They are all citizens of the respective countries. Me, a Britishko lahure, sold my house and land and am now living in UK with my children. I would like to go back to Nepal. Everybody knows what and who caused the exodus? After watching this video, I have tears in my eyes.",IDS,Regular_video_comments_Filtered,latin,english,71,0,substantive_keyword,lahur
a2f2bc93029d,Please Sapai Janna ajjai jaanoo. Hathbandi hataiidinoos and haamilai sasto maa jagga bechnoos. Thank you.,IDS,Regular_video_comments_Filtered,latin,english,15,0,kept_default,
51a5ad948416,No doubt UAE 🇦🇪 is the top destination for Nepalese 🙏,IDS,Regular_video_comments_Filtered,latin,english,9,3,substantive_keyword,uae
cabed10b2811,"Mailey pani bidesh jana process gari raxu esko main resaon jati hela, madheshi dhoti kaley, xua xoot, panauti jasta kura le hoo 😔",IDS,Regular_video_comments_Filtered,roman_nepali,nepali,22,1,substantive_keyword,bidesh
84893548fa58,Aru kei haina desh lai dosh didai monthly 1lakh mathi kamaune soch ho sabai ko ...,IDS,Regular_video_comments_Filtered,roman_nepali,nepali,15,0,substantive_keyword,kamaune
bdd6700e7b24,Yo country ma kohi pani nabase hunxa,IDS,Regular_video_comments_Filtered,roman_nepali,nepali,7,0,kept_default,
7911fe975f56,Ma Nepal Mai khe garxu vhanera agriculture garerako xu Nepal Mai 8 yrs vaisakyo 4yrs relationsgip vayo KT patiko le ktale kamaudaina vhanera KT KO arkai NRN sanga nai bihe vaisakyo ma eklo xu this is the reality #In depth story,IDS,Regular_video_comments_Filtered,roman_nepali,nepali,40,0,kept_default,
a1ce170db02b,we don't to bt our governments are make us too they don't give us any choice to stay in nepal and do something they are makeing us😢,IDS,Regular_video_comments_Filtered,latin,english,29,1,substantive_keyword,government
f3158aff5f6e,yo data le ta  kalantarma deshai ritto hola jasto xa. yo k bhaeko hola nirasha matrai dherai !!!,IDS,Regular_video_comments_Filtered,roman_nepali,nepali,17,0,substantive_keyword,desh
9fe678dd36b3,Bhai South Sudan ma UN Peacekeeping Mission ma army gako hola.yr..,IDS,Regular_video_comments_Filtered,roman_nepali,nepali,12,0,kept_default,
0a013a1eb863,Sir Sarkar Lai koly dimak auxa Ki bato banayra  matra days agadi huna dys ma ABA manufacturing company tira lag na par xa,IDS,Regular_video_comments_Filtered,roman_nepali,nepali,23,0,substantive_keyword,sarkar
dee07ce85652,Desh ko Chinta hamile matra garera K huncha!,IDS,Regular_video_comments_Filtered,roman_nepali,nepali,8,0,substantive_keyword,desh
2fb58b562ce6,Ma Yaha UK aako 7 mahina vo.  Rw Vanna chahanxu aafno deshko Maya k ho vanne Kura bahira gayer thaah paauxa.. Arkako desh Vanda aafnai deshma basnu ramro.. Yaha 1000 KO rup dekhna garho xa .. Tara Nepal ma 10000 ni herna paauthyo .hamro kamai dherai xa uta ..  160 gunnna kamaauney matra hoin kharch pni hunx.. Yaha 1000 kamauna garho xa .. rw tyahi 1000 kamayer 500 jati ta room rent nai janxa. Rw Baki 500 ma kehi garna sakina yata .. but Nepal ma 15 k kamaye 10k ma yati KO jasto jeewan bachna sakinxa . Rw 5k majale aafno saving garna sakinxa.. but yata tyasto xain .. hapta KO 400 kamauda 10 pound ni kharch garna kasto garho feel hunx aafu ma..,IDS,Regular_video_comments_Filtered,roman_nepali,nepali,119,0,substantive_keyword,kamai
a6f6e9b6fd5a,Emotional damage with motivation,IDS,Regular_video_comments_Filtered,latin,english,4,0,kept_default,
4ce14fe10990,"4 lakh ta vannu vayo salary per month IT ma, tara Nepal ko top IT company US based ma nai I have heard salary is Rs 80000 per month .So US based IT jobs or outsourcing ko ma pani video banaunus",IDS,Regular_video_comments_Filtered,roman_nepali,nepali,41,0,substantive_keyword,salary
fc8f9036d4db,God please  i manifest for my visa 🙏,IDS,Regular_video_comments_Filtered,latin,english,7,1,substantive_keyword,visa
c91f60ecc067,"Tara yei dollar ko tax badhako badhai chha, last year 1% thyo, aile 5%, next year probably 10% garne hola. Aile feri freelancer lai darta garnu parne bhanera dukha dina khojirako chha. Aile AI ko jamana ma software ko ni future long term chai dekhdina ma. Baru desh bhitra paisa lyaune sabai jobs haru lai taxfree gardinu parne ho. Tyo garyo bhane bidesi haru pani nepal aayera kaam garera desh ma paisa lyaune chance hunchha. Freelancer tax badheko ra tiktok jasto paisa kamaune app haru ban bhako le tax free or less tax country(like dubai or spain) tira gairako chhan. IT sector lai matra mukh takera basna chai sakinna, sarkar afai yo kura research garera sajilo freelancer haru lai gardinu parchha.",IDS,Regular_video_comments_Filtered,roman_nepali,nepali,122,0,substantive_keyword,dubai
f7a6e20fd1fc,"Jabba samma bahun hunxa sarkar ma Nepal kahelea , des yestai hunxa . SAB gaw ghar sukxa",IDS,Regular_video_comments_Filtered,latin,english,15,0,substantive_keyword,uk
a5b78e6f305d,म त नेपालमै बस्ने हो।<br>छोराछोरिलाई पनि बिदेश नपठाउने।<br>गाउँमै गएर बस्छु।,IDS,Regular_video_comments_Filtered,devanagari,nepali,12,0,substantive_keyword,देश
ae5a72465022,"देश छोडेको 17 बर्ष भयो ! बिच बिचमा आफ्नै देश घुम्न आए जसरी आउनु पर्या छ !! तर जब आफ्नो देश छोडेर फेरी कर्म देश फर्कनु पर्छ तब  मेरो देश लाई हरेक पटक गह भरी आशु छोडेर फर्किन्छु 😥 बाध्यता ,बिबशता, लाचारी र उज्ववल भबिस्य को बिचमा फसेको छ हामी नेपाली को जिन्दगी 😣😣",IDS,Regular_video_comments_Filtered,devanagari,nepali,50,3,substantive_keyword,देश
d39cd1c29cb5,Ma pani 4 barsa bidesh basera nepalma khi garxu vanne aateko xu,IDS,Regular_video_comments_Filtered,roman_nepali,nepali,12,0,substantive_keyword,bidesh
f1ee732905ce,In Nepali school teacher says padha babu nani haru aba ta 10 padheka ni bidesh jana paudainau 10 ramrari padha baru 12 ma 12 padhdai language padhdai garaula vannxan yo sab kura family ra school bata nai start hunxa na ta school ma vanxan Nepal ma kehi garna sakinxa nata ghar ka le last ma choice bidesh nai hunxa so hamlai sanai dekhi yo bidesh vanni mindset change garna parxa school ra family bata nai,IDS,Regular_video_comments_Filtered,roman_nepali,nepali,75,0,substantive_keyword,bidesh
7ce8929b85de,Aba ta tyo IT industry pani AI le kaidina lagi sakyo dai k garne hola ta aba.,IDS,Regular_video_comments_Filtered,roman_nepali,nepali,17,0,kept_default,
e89571010e64,Ma 32 year vaye still ma desh Mai Chu Ra kehi huncha ki vanera baseko xu,IDS,Regular_video_comments_Filtered,roman_nepali,nepali,16,0,substantive_keyword,desh
328efefd7e36,"Sorry brother you said that people who visit abroad for cultural events to represent Nepal will come back to Nepal. That’s not true I know one person who came here in Canada in Cultural event VISA. Later on he applied for refugee in here and got PR within 8 months. On the other hand, as a person like me who came here as a student who is still struggling & doing a wage labourer to pay off the loan. I don’t know what my future will held.",IDS,Regular_video_comments_Filtered,latin,english,88,0,substantive_keyword,abroad
fee189dfc54f,म १८ बषॅ भयो बिदेसमा अहीले सम्म एउटा घर बनाऊन सकेको छैन 😢😢😢 मेरो जिन्दगी 😢,IDS,Regular_video_comments_Filtered,devanagari,nepali,14,4,substantive_keyword,घर
d33f1f209bf7,Its about bad governance ...ra facility xna..dhuwa dhulo... ra political frsutration le ho khas..opportunity ni baira bhanne bittikai pauxa ra??,IDS,Regular_video_comments_Filtered,roman_nepali,nepali,22,0,kept_default,
1d4b46c655dd,We should leave Nepal with our family cuzz.. Nepalese politicians never change..,IDS,Regular_video_comments_Filtered,latin,english,12,0,substantive_keyword,family
cb5f53bce6b3,bides janu parcha badhyata le tara Nepal farkinu nai parcha afno desh ma nafarkina man le kasari manche hola ma pani janchu tara auchu nai 😢❤,IDS,Regular_video_comments_Filtered,roman_nepali,nepali,25,2,substantive_keyword,janu
4eed3506cace,Dark side of Nepal 🌚,IDS,Regular_video_comments_Filtered,latin,english,4,1,kept_default,
0719018eb532,bidesh gairaheka hainan desh xadiraheka xaan the best line ever<br>kinaki ma ne desh xadna gairaheko xu,IDS,Regular_video_comments_Filtered,latin,english,17,0,substantive_keyword,bidesh
68ee4b1f4ca6,11:29 ma qatar ko spelling wrong bhaxa dai,IDS,Regular_video_comments_Filtered,roman_nepali,nepali,9,0,substantive_keyword,qatar
b116558c4e63,"Nepal is love.. but corruption, manipulation and harassment from authorities in Nepal is what made me leave. I don't want to feel helpless knowing I am getting robbed in every single way. I still see no hope there and I don't ever plan on returning. I am sorry guys. Peace out. 🤍",IDS,Regular_video_comments_Filtered,latin,english,53,1,substantive_keyword,corruption
8ecacd8e3801,Ma pani aaba +2 didai xu ra aaba k garni vanni question ley malai satai raheko xa💔<br>Desh ko maya tw xa tara paristhiti ley bidesh nai bolai raheko dekhxu ma<br>Political instability,IDS,Regular_video_comments_Filtered,roman_nepali,nepali,33,1,substantive_keyword,bidesh
a8f9ae92c6ec,म जान म हि पासपोर्ट नेपाली चाहे अब मलेसिया बाट आको छ बर्स भयो नेपाली नै बनाइन्छ नागरिकता त च्यातिन्न आफ्नो बाध्यता काम गर्न जाने मात्र हो देस त नेपाल नै हो ॐ शिव,IDS,Regular_video_comments_Filtered,devanagari,nepali,34,0,kept_default,
c35eb90d86d2,bro yo samsad bhawan ko bare ma video banauna yr nepal sarkar le bhada ma leko horw??,IDS,Regular_video_comments_Filtered,roman_nepali,nepali,17,0,substantive_keyword,sarkar
6e8b88940aba,We need to stop this trend. Nepal is our country even china Korea had more bad condition compared to Nepal. If we put little bit effort we can make Nepal develop,IDS,Regular_video_comments_Filtered,latin,english,31,0,substantive_keyword,korea
f3b0a2af7404,Bedish ta Janai parxho brother Nepal ma k garnu,IDS,Regular_video_comments_Filtered,roman_nepali,nepali,9,0,kept_default,
66a8d564fdac,No more trash talk .... Nepalko Dhruv rathi... I m gonna subscribe ur channel now.. keep more research.,IDS,Regular_video_comments_Filtered,latin,english,17,0,kept_default,
70009fb26594,IT Ko ne nepal ma kam chaina i9 auda 8085 padaucha algorithm ko nam ma 19 year ago use algorithm padaucha,IDS,Regular_video_comments_Filtered,roman_nepali,nepali,21,0,kept_default,
c9623ca3792a,म बाँचे नबाँचे पनि मेरो देश बाची रहोस् 😢🇳🇵,IDS,Regular_video_comments_Filtered,devanagari,nepali,8,3,substantive_keyword,देश
735669f10666,म एउटा 24 बर्षिय युवा हु 8 बर्ष भयो बिदेस बसको तर एसरि दन प्रती दिन बिदेसिनेको सङ्ख्या बडेको सुन्दा दुख लाग्छ,IDS,Regular_video_comments_Filtered,devanagari,nepali,22,0,kept_default,
8fca8d07307b,I have a question   aila ka  kata  kati haru   school ma parda la sabi la    smoke. Gaga khn  tira lagan ka. Xan,IDS,Regular_video_comments_Filtered,roman_nepali,nepali,22,0,kept_default,
4ff294129537,सबैभन्दा पहिले थोरै हेरेर गरेको कमेन्ट् हो UAE धेरै आउनुको Reason पनि एता बाट अलिकति सजिलोसँग europe जान मिल्छ भन्ने हाल्लालेहो तर सबैभन्दा धेरै ठगीको शिकार हुने नेपाली हरु नै हो है UAE मा 🙏🙏बिचार आफ्नो हो😢,IDS,Regular_video_comments_Filtered,code_mixed,nepali_english,37,3,substantive_keyword,europe
71d110b71e0b,"Nepal ma kunai carrer xaina sir,ghar ko problems nii hernu parxa 😢, Maya ta aarkai kura xa.Maya le sab thok hudai na<br>Main kura xa paisa",IDS,Regular_video_comments_Filtered,roman_nepali,nepali,27,1,substantive_keyword,pr
032838647f9d,15 वर्ष भयो अब खाडीले पुगेन अब युरोप तिर लागिन्छ होला।,IDS,Regular_video_comments_Filtered,devanagari,nepali,11,0,kept_default,
1b88e02b0171,मेरो मनको कुरो गर्नुभयो sir,IDS,Regular_video_comments_Filtered,code_mixed,nepali_english,5,0,kept_default,
884cca35ade2,There will be no one in Nepal after 15 years. It has always been a cycle of people from the villages moving to cities and people from the cities moving overseas. There is no more sufficient population left in the villages to re-stock the current void that is being created from the people in the cities moving overseas.,IDS,Regular_video_comments_Filtered,latin,english,59,0,kept_default,
99c9e9062082,Whatever you are saying is bitter truth of nepal 😢,IDS,Regular_video_comments_Filtered,latin,english,9,1,kept_default,
05bd326e0c47,नेपाल भनेको झोले बिद्यार्थी संगठन कार्यकर्ता को बस्ने ठाउँ  हो,IDS,Regular_video_comments_Filtered,devanagari,nepali,10,0,kept_default,
61b85f9b1867,Aarko dark truth xa <br>Nepal ma aaune youth haru dherai le drugs use garxan 😢,IDS,Regular_video_comments_Filtered,roman_nepali,nepali,14,1,kept_default,
8af6ae5d7563,🎉dai drock ko pani kaii chayo sujab,IDS,Regular_video_comments_Filtered,roman_nepali,nepali,7,1,kept_default,
82b330dfbd89,"yo ta overall ghumne wa aru prayaojan le gaka pani included data ho ni ta. Indian haru ta jamma 25 lakh emigrate vako chaina 2023 ma, india jhan nepal vanda kayaun guna emigrate hune desh. esto vramak data nadiun.",IDS,Regular_video_comments_Filtered,roman_nepali,nepali,39,0,substantive_keyword,pr
053296665f49,Tapaiko kura suni rahada mata purae npl fukka khali kohi hudainan hola kasto hunxa hola tyo bela hami t mato khai halxan kuro sahi xa chitta bujdo xa😢,IDS,Regular_video_comments_Filtered,roman_nepali,nepali,28,1,substantive_keyword,uk
11c3dbad83ae,Bottom line:...Go follow your dream!!!,IDS,Regular_video_comments_Filtered,latin,english,6,0,kept_default,
4d1c047f546b,We need to build our nation strongly. Cancel passport. बास/ गाँस /कपास /शिक्षा र स्वास्थ्य को ग्यारेण्टी लिनुपर्छ। सात प्रदेश खारेजी का साथ नेता मन्त्री को संख्या मा कटौती गर्दै खर्च न्यूनीकरण का साथ नियन्त्रण हुनैपर्छ । हामी युवाहरूले जिम्मा लिनुपर्छ। 🙏,IDS,Regular_video_comments_Filtered,code_mixed,nepali_english,41,1,substantive_keyword,देश
5be066464e48,Sammaney kharcha bhanda aadhi salary hunchha Nepal ma ke garney ta.,IDS,Regular_video_comments_Filtered,latin,english,11,0,substantive_keyword,salary
0380ed7de56a,Ekdam ramro desh xadeko Ma pani codne xu if I got chance and hope sabaile dodos I hope sabai tira gus power normal Manxe lai saas ferna pani garo xa Saab tira guus rw power calne bhayerw private government gareko offices harek pasal pasal ma rw ghar haina desh khali hunu parxa Saab Chor nai Chor xa Nepal baserw k Garnu bolna sajilo xa hami Nepali Janata lai kei subida Xaina khali paisa kata bata guus kasari paisa Asul xa even Baira Gayerw paisa pathauda tya bata paisa kata lui ani ya tw Xaina Baira bata paisa pathauda ghar testo ya testai k Garne Horw ya baserw euta well educated Manxe le normal kam pauna garo xa euta aram le ghar calaune salary huna lai so kna basnu ya even dindinai cusiraxan paisa sarkar le kaile Kata bata kaile Kata bata even sano sano kam kura Ma wo sabda bole ma paisa lagne bhaisakyo k garo facilities tw parai jaos so khali hunaiparxa ❤ euta sano business garna khojyo caldaina loss ma janxa kaile calihale pani ramro snga calne condition Xaina Aile ani k garerw basnu yesto ya Toit 😡it’s easy to say speak and tell it’s f****g hard to manage everything 😡family tw Khasi pyaro re 😂😂😂Jana afno thaplo Ma sabai responsibilities auxa family ma 9  10 family ani sabai responsibilities afno thaplo ma auxa ani family khusi hererw kasari basxa 😂😂😂😂bole jasto hudaina byapar ma babu it’s f*****g easy to speak and write 😂😂😂😂,IDS,Regular_video_comments_Filtered,roman_nepali,nepali,249,14,substantive_keyword,pr
99704ca48bc3,“Opportunity in crisis” mul dharana yei xa aile <br>Ek dui Barsa herxu . Vayena vane ma ni taaap 😂,IDS,Regular_video_comments_Filtered,roman_nepali,nepali,17,1,kept_default,
2bc41ff83350,Ma pani japan aako 10 yrs pugexu,IDS,Regular_video_comments_Filtered,roman_nepali,nepali,7,0,substantive_keyword,japan
8b29923ac5db,Yo post fb ma share garnu milcha ki mildai na sir alikati choto crop garera,IDS,Regular_video_comments_Filtered,roman_nepali,nepali,15,0,kept_default,
41a5b51ecbee,देश मै बस्छु भनेको थिय Gf ले नि छाडेर गै जे होस तर बिदेश त जान्न भन्छु तर खोइ😢,IDS,Regular_video_comments_Filtered,code_mixed,nepali_english,19,1,substantive_keyword,देश
00c467d898e1,"Jo sanga IT Skills xaina uh k garxa?<br>Sabai jana businessman huna sakdaina, sabai jana IT mai involve hudainan so uh k garxa?",IDS,Regular_video_comments_Filtered,roman_nepali,nepali,23,0,kept_default,
fc4e0c045916,5:35 permanent resident (pr) hunu vaneko naagarikata tyagnu hoina...yo vram hataaunu hola...aru desh ko naagarik (citizen) hunu pani tyagnu hoina tara hamro des ko kanun anusar khosinxa vanne kuro maatra ho...tei pani aba ta NRN citizenship aaisakya xa....maile sune anusar law aile puranai vayeko karan NRN citizenship holder le pani hya Nepal aauda visa lagaauna pareko xa re....yes barema anusandhan garera video banaunus baru.😊,IDS,Regular_video_comments_Filtered,roman_nepali,nepali,70,1,substantive_keyword,pr
a4986606c885,Malai 99 percent bidesh Jana man thiyena tara 1 percent le bidesh aauna badhya banayo ... Mero problem chai 1 time investment money thiyo Jun maile churlummai dubaye ... so rin ko bhaari liyera bidesh aaye ... ajhai pani Nepal maa monthly 50 60 thousand kamaune guarantee hunthyo bhane sayad thorai Nepali matra bidesh Janthe...,IDS,Regular_video_comments_Filtered,roman_nepali,nepali,52,0,substantive_keyword,bidesh
813fcd6b88d6,It’s fashion,IDS,Regular_video_comments_Filtered,latin,english,3,0,kept_default,
84f8c2fe1a16,"6 jana ko seat ma 1400 jana le bhareko xa, afno chance aunxa bhanne kaile?",IDS,Regular_video_comments_Filtered,roman_nepali,nepali,15,0,kept_default,
fb686434262a,Keila kai lagxa gayra nirxhwan hawa ma boom ma faldima jsto desh ko halat herdaaa. Aajai kati khnxou desh lai rajnati garyra aba ta xhodaa .🙏🙏🙏🥲🥲,IDS,Regular_video_comments_Filtered,roman_nepali,nepali,25,5,substantive_keyword,desh
e46ff3a2fb6a,"Hami huba nepalmai basam family background yata uti samasya kei nahereu frustration debt mai basum bardun nepal desh lai , risau galat kaam nagarau .<br>Frustrated ra irritated Yuba Nepal mai basesi kei change aucha kie",IDS,Regular_video_comments_Filtered,roman_nepali,nepali,34,0,substantive_keyword,family
aee10c1331d0,My title is Malla - Bau ko tanai sampati cha ktm bhitra ani baira.... <br>Professionally I'm a banker.. at the age 23 I own a car around 45 lakhs price from my own money <br>Nepal mai basi kamai car chadi hidna milxa,IDS,Regular_video_comments_Filtered,roman_nepali,nepali,42,0,substantive_keyword,kamai
3c0229611f27,"मैले नी यो भिडियो पुरै हेरेर केहि कुरा लेख्दैछु एक पटक पढ्नुहाेस् ल।<br>म एक अति सामान्य घरकाे जेठो छोरा उमेर भर्खर २० । जे जसाे भएपनि केही गर्छु भनेर काठमाडौं छिरेकाे  ,मनमा बिभिन्न किसिमका कुरा खेलाउदै साथी हरु संग संगै पढियाे काेरियन  तर जति जति यसकाे पढाई सकिन आँट्यो त्यति त्यति मनमा सङ्काेच लाग्न थाल्यो मैले कतै ठुलै गल्ती गरे की 😢<br>हुन त म एक पटक मै कराेड कमाउछु भन्ने र बिदेश जान्छु भनेर साेच्नै सक्थेन् तर जब काठमाडौं पुगे तब थाहा पाए देशकाे वास्तविकता र लाग्न थाल्यो अब म एक्लै हुन्छु र नेपालमा जे जति कमाएपनि  गरिब नै ,अनि लागे कोरियन तिर , तर मनले सधैभरी काेरियन मा फेल हौ र सानाे कमाइ गरेर  घरमै बस्न भन्छ।  अझै देशको अवस्था प्युन काे जागिर को लागी पनि कमिसन रे त्यो देख्दा सबै ......😂",IDS,Regular_video_comments_Filtered,devanagari,nepali,132,2,substantive_keyword,घर
32fd90d87901,Romania Croatia Portugal ko data mistake xa kina vane Croatia Romania aayeka jati vagera Portugal janxan tesaile double count vairaxa data ma,IDS,Regular_video_comments_Filtered,roman_nepali,nepali,22,0,substantive_keyword,romania
295cc27064b8,Malai ni desh farkinchu vavisya ma vanera asabadhi chu tettin jyal natrito ma pariwwartan huncha vanera,IDS,Regular_video_comments_Filtered,roman_nepali,nepali,16,0,substantive_keyword,desh
01e7844dd4fc,"India ani Nepal ka nagarik matra chhan rw yo bishwo ma, jo canada ani australia jasta country haru le hire garne. World ma kati dherai country haru chha jaha nepal ko bhanda quality education deeinchha. Mero desh jaile yestai.",IDS,Regular_video_comments_Filtered,roman_nepali,nepali,39,0,substantive_keyword,india
2388094e7533,Student haru lai Mero passion k ho vana Ra nai thaxayna na😐 brother saknu hunxa vanni student haru la passion kasri choose garni ma ni video banau nu na🤕🤕,IDS,Regular_video_comments_Filtered,roman_nepali,nepali,29,3,substantive_keyword,student
f277f488d29e,yo desh lai pariwartan garnu xa vane sarba pratham rajniti ma laje ka hamra baje haru lai aram garna launu parxa.,IDS,Regular_video_comments_Filtered,roman_nepali,nepali,21,0,substantive_keyword,rajniti
24735a06baf6,Nepal needs two passports : global citizenship identification free to migrate anywhere in the world even the Antartica and Nepali citizenship only eligible to stay in Nepal not even the India border. This should serve the interests of the socalled country Nepal.,IDS,Regular_video_comments_Filtered,latin,english,41,0,substantive_keyword,india
7c72978544b0,Only IT  is booming what about the automobile sector will auto engineering  students like me will be useless,IDS,Regular_video_comments_Filtered,latin,english,18,0,substantive_keyword,student
95d8a68e5aca,Ma euta doctor. MD sakeko doctor. Mero salary JAMMA 50 hajar cha Nepal ma. Sarkar le dine nai teti ho. Kaam hapta KO 90 ghanta bhanda besi garna parcha. Hami doctors haru kina basne ta ? <br>Ma Pani process gardai Chu. Kunai security chaina hamro desh ma nata ramro income nai . <br>Process huna bittikai jadaichu.<br>50 hajar le ma k garnu ? Family lai khuwauna baccha lai padhauna sakincha ta ?,IDS,Regular_video_comments_Filtered,roman_nepali,nepali,68,0,substantive_keyword,pr
933570b47ba3,पकै पनि हो पद्द्ति फेरि ने छ र 15 बर्स पछि  अहिले बाहिर जाने केहि % अब्सय आउन छ्न,IDS,Regular_video_comments_Filtered,devanagari,nepali,18,0,kept_default,
40d01fe326b3,"Delivery garna khojeko kura ramro chha. Opinions chahi I'd like to hear less. Manipulative lines pani chhan. Positivity failauna khojeko video ma negative line kam gareko bhaye better hunthyo jasto lagchha. (Neta harule desh bechenan bhane... purely emotional line).<br><br>Quality control issue chahi ali dherai raichha. Spelling mistakes (Quatar, नाहुँदा...) in edit, name nai arko (Suvas - Santosh) and more. Recheck before uploading so quality is improved overtime.",IDS,Regular_video_comments_Filtered,code_mixed,nepali_english,68,0,substantive_keyword,pr
d57be69f2dd7,One Day I Will Leave This Country Ever and Ever Permanently settling in Another country Gaiko Masu Khane kasam♥️🇺🇸,IDS,Regular_video_comments_Filtered,latin,english,19,3,kept_default,
6d8ad925b403,manxey jata vayeni yo man ta mero sadhai nepali nai rahanexa🚩,IDS,Regular_video_comments_Filtered,roman_nepali,nepali,11,1,kept_default,
3f12a92bb3a6,Sir turkey nepali ko lagi kasto xa,IDS,Regular_video_comments_Filtered,roman_nepali,nepali,7,0,kept_default,
cd653d9bc99d,Ho yo kura Sahi ho ma ni auta yuwa ho K garnu aba Maya lagcha Nepal ko ani Bidesh gayeci badincham hami yuwa haru chodera jam Nepal vanda afno sabai bigrincha yaha system banaideko cha Nepal ma sab corruption chan politicians Yei chor haru lay garda yuwa haru bideshiyeko ho,IDS,Regular_video_comments_Filtered,roman_nepali,nepali,50,0,substantive_keyword,bidesh
4b2038f8a955,के हामीले नेपालमै बसेर केही गरेर खान मिल्छ कि मिल्दैन होला नि त मेरो सोच पनि त्यही सम्म नेपालमा आएर के गरेर खान्छु भन्ने तर नेपालको पोलिटिशन देखेर डर लाग्छ।😢,IDS,Regular_video_comments_Filtered,devanagari,nepali,30,1,kept_default,
f1f554fe578d,You can always stay in Nepal when you can’t go abroad. So try going abroad first.,IDS,Regular_video_comments_Filtered,latin,english,17,0,substantive_keyword,abroad
5062a70706e3,professor asked me what is your plan about future? I said I will go to my home country after completing my master. He used to laugh and said you are in trap now.,IDS,Regular_video_comments_Filtered,latin,english,33,0,substantive_keyword,pr
550895cd294a,"Tara yeuta kura birsana bhayo hajurle bhanna. Yeso sochnu hos ta.. Parents haru pani jimberwar chan chora chori bidesh jaanu maa. Kina ki dherai jaso parents le Dr. Enginneer, Pilot, Nurse matra baneko herna chahancha afno chora chori. Yesai karan le garda chora chori ko aru talent haru use garera yaha kei garchu bhanne lai baato nai chaina. Ra tee chora chori haru Bidesh jana pareko cha paisa kamauna..",IDS,Regular_video_comments_Filtered,roman_nepali,nepali,69,0,substantive_keyword,bidesh
55c06ce86ede,"Correction, puerto rico isnt a separate country. It is a US territory and you do not need US passport or visa to go in a out of mainland US to PR",IDS,Regular_video_comments_Filtered,latin,english,31,0,substantive_keyword,pr
8e92eb851181,Dai yo visit visa Pani 50% ta naauhnay manxay Hun,IDS,Regular_video_comments_Filtered,roman_nepali,nepali,10,0,substantive_keyword,visa
62ae52864590,Singapore ma pani Working visa pauchha..?,IDS,Regular_video_comments_Filtered,roman_nepali,nepali,6,0,substantive_keyword,visa
0b722230aa67,😢 Mann nai khalabal vayo,IDS,Regular_video_comments_Filtered,roman_nepali,nepali,4,1,kept_default,
784d88d3395e,Bro ma pani japan aayo 7 yrs bhai sako?Nepal jana sake ko chaina?week month year kati chito janxa ? Bidesh koi   pani na aaunu hola ? YO TRAP HO?,IDS,Regular_video_comments_Filtered,roman_nepali,nepali,29,0,substantive_keyword,bidesh
52367d8520f9,Nepal ma hotel rw tourism ko ni dhr scope xa yo video ma yo Sabandhi euta ni word aayena 😢,IDS,Regular_video_comments_Filtered,roman_nepali,nepali,19,1,kept_default,
b311524b89d5,Derai gahan subject lai uthaunu vayo,IDS,Regular_video_comments_Filtered,latin,english,6,0,kept_default,
ed03b0c5fab0,21:00 is the reason to leave Nepal.,IDS,Regular_video_comments_Filtered,latin,english,8,0,kept_default,
849aa68a0db9,Malai esto lagx next 300 years ma Bangali r Indian Muslims ko dherai jansankhya hune x Nepali ko anupat ma kinabhane uniharulai jamin bhae hunx Tara Nepali American life chainx.,IDS,Regular_video_comments_Filtered,roman_nepali,nepali,30,0,substantive_keyword,india
8abab3ad0d4a,Portugal ma 45/50 thousands,IDS,Regular_video_comments_Filtered,latin,english,5,0,substantive_keyword,usa
3378bad92ae6,"१. तपाई अविवाहित हुनुहुन्छ भने कहाँको पार्टनर रोज्नु हुन्छ? <br>२. भिषा लाग्ने भए, तपाई कहाँ पढ्न वा जागिर गर्न वा ब्यापार गर्न चाहनुहुन्छ ?<br>३. नेपालको विकासको जिम्मेवार ब्यक्तिहरूको मनोबृति हेर्दा देश अझै बन्ने संकेत देखिदैन ।",IDS,Regular_video_comments_Filtered,devanagari,nepali,36,0,substantive_keyword,देश
a422f1dc6591,why is there no policy for having multiple passports in nepal?,IDS,Regular_video_comments_Filtered,latin,english,11,0,substantive_keyword,passport
304085f5fbfa,South sudan ma ta UN missiom jane nepal army ko batallian gaye hola ni.,IDS,Regular_video_comments_Filtered,roman_nepali,nepali,14,0,substantive_keyword,gaye
f4dcd4636fc4,देशको अस्तित्व जोगाउने कि आफ्नो परिवार <br>तिमी rich kid होला जस्ले एस्तो कुरा गर्छ <br>नेपालमै काम गर्दा 1 घण्टा को 2000-3000 रुपैया हुनु पर्यो अनि बल्ल युवा देश छाड्दैनन <br><br>भन्न सजिलो छ नेपालमै केही गर्नुस भनेर <br>लोड्सेडिङ अझैसम्म न हटेको देश मा केही हुने वाला छैन,IDS,Regular_video_comments_Filtered,code_mixed,nepali_english,47,0,substantive_keyword,देश
b4da8c202ff6,Politicians are main reason for all this.,IDS,Regular_video_comments_Filtered,latin,english,7,0,substantive_keyword,politician
637990a53f92,"Ma Student , Ma Desh Choddne Kura gardena, Bichar pani rakhdena ra Mero Jiban Desh ko lagi samarpan garxu <br><br>Ma aasha badi xu, Purkhauli bichar rakhne ti Jada gadeka neta haru ko samuha jaba 10-15 barsha ma afno antim swaas pheri rakhne xa , Taba desh afno bikas ma sagaramatha ko uchai nagne xa , Taba pani ma ehi hune xu <br>edi kehi parivartan ayena bhane , Taba pani ma ehi hune xu<br>Jaba Bikasit desh haruma inflation, War ra poverty le garda, Tya basne batabaran pherinexa , Taba pani ma ehi hune xu <br>Ani Taba pani ma ehi rahnexu , Ma yo desh lai bacha rakhxu : ma chodne xaina <br>Ma marnexu ta lakhau aashirbad sanga : aashirbad nepali haruko , Nepal aama ko",IDS,Regular_video_comments_Filtered,roman_nepali,nepali,117,0,substantive_keyword,poverty
432bc7e8ecdd,रोमनिया को mbc नेपाल आउछ भन्ने समाचार आको थियो खै कहिले आउछ समाचार बनाउन पर्यो,IDS,Regular_video_comments_Filtered,code_mixed,nepali_english,15,0,kept_default,
f501dafce863,Ma pani jadai xu aba marna pareni maraula,IDS,Regular_video_comments_Filtered,roman_nepali,nepali,8,0,kept_default,
adb44d044f0b,bro mero University ma 1k+ nepali xan thori bhanau timi,IDS,Regular_video_comments_Filtered,roman_nepali,nepali,10,0,kept_default,
ec8e2e381987,Hami it padheko xoina <br>Hami k garne,IDS,Regular_video_comments_Filtered,roman_nepali,nepali,7,0,kept_default,
3341cc61b99f,Nothing is motivating me these days. When i start thinking the real life scenerio.,IDS,Regular_video_comments_Filtered,latin,english,14,0,kept_default,
44b0fa9a0f60,Everyone didnot earn money  in international,IDS,Regular_video_comments_Filtered,latin,english,6,0,kept_default,
774a748e600f,21:04 ...<br>नेपालमा भइरहेको नै यही छ।<br>देश बिग्रेको नै यसले गर्दा हो।<br>म नि एक सरकारी कर्मचारी हुँ।<br>हामी त  टुलुटुलु हेरेर मात्र बस्न सक्छौँ।<br>केही बोल्न नि सक्दैनौ।,IDS,Regular_video_comments_Filtered,devanagari,nepali,30,0,substantive_keyword,सरकार
b239e72ad69a,Babu timilai pani kasaile dependent ma japan ya kunai aru desh jau vanyo vane timi pani hidihalxau. <br>Ya timilai D.V paryo vane timilai jadainau ta. Sabai taak pare tiwari natra gotame ho.. bro so chill..,IDS,Regular_video_comments_Filtered,roman_nepali,nepali,36,0,substantive_keyword,japan
c6b376f73437,tapai jindagi ma k chahanu hunxa?<br>i want her T-T,IDS,Regular_video_comments_Filtered,latin,english,11,0,kept_default,
37db7aa2a121,for me pariwar,IDS,Regular_video_comments_Filtered,latin,english,3,0,kept_default,
6718e33833cb,why should i stay in nepal give me one reason?????,IDS,Regular_video_comments_Filtered,latin,english,10,0,kept_default,
0da248e5fe7c,I will tell you what is the problem in Nepal<br><br>Unemployment: Many of my friend left Nepal because of pure unemployment. One of my friend said I will do job if I get up to 25000 but he didn’t get it. He got job in few place where salary was between 10-15k He said I will do this but even that was not paid in time<br><br>Enterperneurship or business: The money cycle and credit system is shit in Nepal. People don’t pay money for goods and services in Nepal. For example if I sell good of 20000 in credit I must do 20 visits to get money back. Chanda Insecurty etc are other factor.<br>Bheda: people having enough income and every body is going because u are bhedas<br><br>It is the end no change is possible in Nepal. More than 50% land of agro products are not cultivated. Nepal can be hot spot for tourism. There lot of opportunities if this brain drain can be stooped,IDS,Regular_video_comments_Filtered,latin,english,169,0,substantive_keyword,pr
06bf576a1ec1,Mero pani xetai visa aaye ni hune,IDS,Regular_video_comments_Filtered,roman_nepali,nepali,7,0,substantive_keyword,visa
7214492cdd25,215 Countery,IDS,Regular_video_comments_Filtered,latin,english,2,0,kept_default,
dc9c74af14ec,Bro teme tw j vaya ni YouTube bata kamau xau hami k,IDS,Regular_video_comments_Filtered,roman_nepali,nepali,12,0,kept_default,
634820e16397,Manpower Hoina Manchhe bechbigakhan office ho only Nepal ma matra manab taskari office Kholna paenchha 😂😂,IDS,Regular_video_comments_Filtered,roman_nepali,nepali,15,2,substantive_keyword,manpower
e032409a5e12,Mero sapana bhanekai Des mai basera Des banaune ho . Yuba lai bides  Jana bata rokhne. Des mai rojgar create garne. Tesaile ta maile harek din entrepreneur related book study garxu. Bides janxu bhanne Sathi haru lai na Jana bhanera samjhaunu. Des banau yuba hami le na banaye Des kasle banaune ho.,IDS,Regular_video_comments_Filtered,roman_nepali,nepali,51,0,substantive_keyword,pr
a9fce2ff30f5,"The fact is, all nations belong to Krishna. Everything belong to him. And, we are simply fight saying, ""this is ours, that is yours"". Think will cool head, isn't this simply madness?👽👽👽",IDS,Regular_video_comments_Filtered,latin,english,33,3,kept_default,
e8082d2ba405,"भन्नू भाछैन ,के गर्नु ईन्जिनियर हरुले पलिकाको काम पास गरे बापत 50k त चिया खान भन्दै लिन्छन् ।",IDS,Regular_video_comments_Filtered,code_mixed,nepali_english,18,0,kept_default,
b3123f572a26,Nepal ko yesto abasta vhayera hola Nepali lai bideshmai gayeni sukha xaina Nepalmai baseni sukha xaina (especially unemployment people),IDS,Regular_video_comments_Filtered,roman_nepali,nepali,19,0,substantive_keyword,bidesh
4a4d268f36de,Brother Can i upload your video on yt in hindi voice for indian Audiance,IDS,Regular_video_comments_Filtered,latin,english,14,0,substantive_keyword,india
9f538956fc13,"Youth le change leuxa bhanxa yes true youth le nai leune ho . Tara Tara voting ma Kasari Kahile tyo teen ta jitxa ta . Okai buda pakha ahile Samma tyo haru sanga attached xa bhanxa okai understandable but usko chora chori haru ta hola educated, young and thinking about the country they could have guided their parents not to vote those three khai ta . Dherai kamti lai matlab xa desh ko barema ra aru sabai materialistic bhayi sakeko xa . Gora sanga Bihe garxa bhyabha sanga le bihe gardinxa hamro chori haru bideshi sanga Bihe gareko xa tara keta manxe le dherai kam xa bihe gareko bideshi . It feels like we are selling our daughters for all the materialistic things . Kindly Mukh chadne haru comment na garnu hola",IDS,Regular_video_comments_Filtered,roman_nepali,nepali,126,0,substantive_keyword,bidesh
43d2dfddbbef,Yo eartha ma 215 vanda dherai country xa ta ?,IDS,Regular_video_comments_Filtered,roman_nepali,nepali,9,0,kept_default,
e74eda8e2b85,म सरकारी जागिरे मान्छे त्यै पनि पैसाको यति अभाब हुन्छ नि लाग्छ देश त छोड्नै पर्ने रैछ तै पनि परिवार श्रीमती छोरा हेर्छु अनि चुप लाग्छु एकदम मौन,IDS,Regular_video_comments_Filtered,devanagari,nepali,28,0,substantive_keyword,सरकार
6d8785b3dc21,अनि सरकार को मात्र दोष छैन सरकारको undar मा काम गर्ने कर्मचारी पनी चोरहरुले भरिएको हुनाले पनी हो,IDS,Regular_video_comments_Filtered,code_mixed,nepali_english,18,0,substantive_keyword,सरकार
c1a89020c7a8,Maile pani iPhone kiney haiii😢😂,IDS,Regular_video_comments_Filtered,roman_nepali,nepali,5,2,kept_default,
0cb0b9f2f4a4,"paristiti ko khola le ho hajur manis ko nauu xalaune , bidesh jane bato ma tyag hardwork ani problem dekhiye pani aantya ma samadhan dekhinxa tei bela nepal ko ta aas matrai ta ho, 12 sakne bitikai aaba 1 barsa german vhasa sikhxu ani ausbildung vanne vocational training and work ma janxu paisa kamauxu ani 4 barsa paxi bachleor pugne meri buini lai padne layak ko paisa kamauxu mamu ko lagi sanai vayeni ghar banauxu ani ma pani aafule maya gareko manxe sanga sapana sakar parxu . J jasto jasari vayeni voli ka din ma mamu meri uni meri buini ani mera yedi koi hune xan vane eekai tham vayeko herne xu ani safalta tei hune xa aasa xa teti bela samma ma nepal farkera basda vai goni vanne soch ra tyo soch ko reality strong banos aafno des nai ghumna na pai bidesh janu pareko betha bidesh ko paisa le aafno desh ghumera sakna pam aantya ma tapaile vane jastai feri vetamla na hai kei saal paxi",IDS,Regular_video_comments_Filtered,roman_nepali,nepali,166,0,substantive_keyword,bidesh
8605688667fe,baahira jaane   <br><br>paxi aayera nepal ma nai kei garne,IDS,Regular_video_comments_Filtered,roman_nepali,nepali,9,0,kept_default,
25cafc041cf9,Yetti herexi ta jhan bidesh nai jane confrom <br>Ma ni 4 barsa aaghi samma ta mareni bidesh janna vanne manxe ma aaile Maldives aako xu 6 mahina vo aaba 19 mahina ma farkiyera poland jane sochma xu ma ni kinaki maileni nepal mai kei garxu janna bidesh vanera pikup kinera chalauthe aafai tara k garnu  lastko chunab paxi artha tantra damadol tax. Matra dherai ani aako xu kehi sammaya lai yaha farkiyera nepal aayera sadhaiko lagi Europe lagxu ma pani ani tapaile pariwarko kura garnu vo maya ko kura garnu vo xoro manxe le taba matra izzat ra maya pauxa jaba usle kamayera sabai lai khusi rakhxa ani matra uh ni khusi hunxa izaat maya pauxa.😊😊😊<br>Kehi galti bolema mafi pau😊😊,IDS,Regular_video_comments_Filtered,roman_nepali,nepali,121,5,substantive_keyword,bidesh
804eeaf3793e,Nepal basau bhaner desh bhakti dekhaunu vaneko feri 16 hajar barabar jati marer feri ganatrant lyunu pani jasti ho,IDS,Regular_video_comments_Filtered,roman_nepali,nepali,19,0,substantive_keyword,arab
7d3a86be6711,70%  young people want to go abroad,IDS,Regular_video_comments_Filtered,latin,english,7,0,substantive_keyword,abroad
ee54546bc465,Talk about mcc ni Nepal,IDS,Regular_video_comments_Filtered,latin,english,5,0,kept_default,
cc0b712c8009,bro timi le po youtube bata dollor chapiraxau <br>Ta hami jasto middle class le garne vanekai<br>Bidesh ma kam ho,IDS,Regular_video_comments_Filtered,roman_nepali,nepali,20,0,substantive_keyword,bidesh
864b5550177e,"But Dai , बढदै गएको AI replacement KO Ni ?  <br>IT sector ta AI le takeover Garna sakxa within next 15 years ,then what ?",IDS,Regular_video_comments_Filtered,code_mixed,nepali_english,22,0,kept_default,
6c935cdd7d2b,Its true nepal ma job market ekdum khattam ani kati thau ko human resource department ma bhako haru ma ni skill ko kami dekhe.. fresher/no job experience bhanera vacancy kholne ani interview ma experience ko kura sodhne.. ani kina na jaos yuva yo desh bata,IDS,Regular_video_comments_Filtered,roman_nepali,nepali,46,0,substantive_keyword,job
cee3662ced4f,Ta mula jasto le desh ma kei garna sakdainas bhai😡😡😡,IDS,Regular_video_comments_Filtered,roman_nepali,nepali,10,3,substantive_keyword,desh
1db2fa2525e5,@Rohit-mt5oh paila sodhne gar kasle k garirako cha bhanera tessai ufridai aaune haina bhai.. yo desh ma maile thorai bhaye ni aile samma 18 jana lai rojgar deko chu.. ani satya bolda ta jasto lai ho polne..,IDS,Regular_video_comments_Filtered,roman_nepali,nepali,37,0,substantive_keyword,desh
7b5930010fba,10class pass vako bidesh jane soch theo tara yo video herera mero mind changevo abo bidesh ta ghumna matrai janiho,IDS,Regular_video_comments_Filtered,roman_nepali,nepali,20,0,substantive_keyword,bidesh
b0dba194d900,Kunai din google map bat nepal vanne country thiyo tyo ni dekhin 😂😂,IDS,Regular_video_comments_Filtered,roman_nepali,nepali,12,2,kept_default,
0bd6b646771d,हाम्रो पाला मा हस्त लिपि थियो पासपोर्ट  पछि आको एम आर पि त नेपाली ॐ शिव,IDS,Regular_video_comments_Filtered,devanagari,nepali,16,0,kept_default,
43d4ce7f4d5e,UK dream. Country with permanent citizens ship,IDS,Regular_video_comments_Filtered,latin,english,7,0,substantive_keyword,uk
58ef18b39473,You leave I stay. Less traffic jam,IDS,Regular_video_comments_Filtered,latin,english,7,0,kept_default,
0a6cc37a5717,Nepal la India lai pani pani banauna man xa 1 cheez vanxu hamro. Nepal ko pani boarder line ma akatha grarw golo banauna india lai antatika tira janxa 1ota sio ghusyo vana kasto ananda auxa birami lai relax hanxa tasti hamro nadi lai boarder ko purva paschim ghumaidina pani ko dyam banauna 50 60 tala samma ko badi bolyo vana missile defence la Vanda Pani pani gardina boarder ma aarpar air mtra grako ramro ho ajib xan nepali manxa,IDS,Regular_video_comments_Filtered,roman_nepali,nepali,79,0,substantive_keyword,india
d2c14de5a28f,"Exodus of viable youths abroad looking for a better prospects is not a new phenomenon and Nepal is not alone on this.  This is inevitable and getting globally a new normal.  However, our own politicians made it worse, by creating an impossible situation by imposing more restrictions to those wishing to return the country.  While China, India and many countries are welcoming their citizens back to country with an open arms we are harnessing our citizens with retributions, contempts and vengefulness. Stop this nonsense, our youths have moved with time and we have definitely moved from Lal Babu Pundit’s ere.",IDS,Regular_video_comments_Filtered,latin,english,101,0,substantive_keyword,abroad
3121fd042125,Ukalo ma Santosh basnet ki subas basnet?,IDS,Regular_video_comments_Filtered,latin,english,7,0,substantive_keyword,uk
5d1b1a75f64f,नेता ले पाल्दिन्छन स्वास्नी छोरा छोरी उपचार दबाही खर्च ॐ शिव,IDS,Regular_video_comments_Filtered,devanagari,nepali,11,0,substantive_keyword,नेता
75dc25801776,541 BHAKO RAIXA 1541 KO THAU MA 2021 KO DATA  MA,IDS,Regular_video_comments_Filtered,latin,english,11,0,kept_default,
3eb1f00f72da,"नेपालमा राम्रो कमाई भए पनि के गर्ने???<br>सरकारी हो या प्राइवेट हस्पिटल मा लाखौं खर्च गर्ने क्षमता हुँदा पनि पार्टी को पहुंच नहुने हो भने राम्रो उपचार र सेवा पाइँदैन। भाग्य को खेल ले केही कानुनी सहयोग लिनु पर्ने भयो भने त के भन्नु। पैसा तिरे जस्तो न सेवा छ, न पैसा तिरे जस्तो लोकल होस् या विदेशी समान पाउँछ, साधारण एउटा मान्छे ले पाउने व्यक्तिगत हक पाउन नेता चिन्नु पर्छ भने नेपालमै लाखौं पैसा कमाएर के गर्ने???",IDS,Regular_video_comments_Filtered,devanagari,nepali,78,0,substantive_keyword,सरकार
ef069bcbf24f,बाध्यता भहेसी लाग्नु नि पर्यो नि नेपा ल कि बिदेस रे घरा बसेर क्यार्नी हो नेता ले दिदैनन पैसा कता छ देसा रोज गार तेत्रो बिदेस रि ण तीन लाई पुग्दैन ॐ शिव,IDS,Regular_video_comments_Filtered,devanagari,nepali,33,0,substantive_keyword,घर
b65871a6f488,215 countries how?🤔,IDS,Regular_video_comments_Filtered,latin,english,3,1,kept_default,
6bf17a4b2bbc,"Also when you mentioned a person in IT earning money in dollars; you made a very vague argument. just cos an individual works for foreign company while in Nepal, doesnt mean he is earning top dollar, they are getting grossly underpaid compared to foreign national. For example average salary of US software egr is 130-150k USD whereas in nepal its around 1-2k USD. You do the math. Foreign companies deliberately hire south asians giving them remote jobs so they can pay them SIGNIFICANTLY less than how much theyd have to pay a US citizen",IDS,Regular_video_comments_Filtered,latin,english,96,0,substantive_keyword,dollar
98436a03c658,भावनाले जीवन चल्दैन…,IDS,Regular_video_comments_Filtered,devanagari,nepali,3,0,kept_default,
ed871322b239,"तस्कर र भ्रष्ट नेता संग सातगठ छैन भने १००% विदेश, बस्नलाई परिवारको अनुह्वार हेरेर मात्र हुन्न, उनीहरूलाई पाल्नु पनि पर्यो",IDS,Regular_video_comments_Filtered,devanagari,nepali,20,0,substantive_keyword,देश
7e780d99208b,Sir nepali haru 215 ota des kasari jana sakxan world ma 195 ota des xa 2:15,IDS,Regular_video_comments_Filtered,roman_nepali,nepali,17,0,kept_default,
27fd28b72993,Nata passaion nata skill nata bidesh jani aath😢,IDS,Regular_video_comments_Filtered,latin,english,8,1,substantive_keyword,bidesh
b2e82c6e86ab,Dolar bhittarayune illegal 😢 xainna rw,IDS,Regular_video_comments_Filtered,latin,english,5,1,kept_default,
eb1112ea8e53,Nepal tyagera bidesh nai basni haru future pani sochnu jasari madhesh bata pahadi lakhetiyeko thiyo ek din bidesh bata Nepali nalakhetiyela vanna sakinna ..,IDS,Regular_video_comments_Filtered,roman_nepali,nepali,23,0,substantive_keyword,bidesh
fa018228de68,Yo question sarkaar sanga sodhnus youwa kina bidesh tira jadai xan...? Hun ta bhrastachari harulai k Matlab youwa ya basun ya bidesh jaun,IDS,Regular_video_comments_Filtered,roman_nepali,nepali,23,0,substantive_keyword,bidesh
60bcec8f6cdd,Jau bidesh tarw 25 Vanda pahila jau ani 36 vanda pahila farkiyera bideshma kamako paisa Nepal ma business gara,IDS,Regular_video_comments_Filtered,roman_nepali,nepali,19,0,substantive_keyword,bidesh
803c8972eb1e,Yasto lamo country ma k basnu yaha bhada magera 10 hajar pauna muskil canadama tei bhada magera 4 lakh auxa,IDS,Regular_video_comments_Filtered,latin,english,20,0,substantive_keyword,basnu
c3ba587ad97c,Vakkar bidesh aako mah<br>Farkum farkum lagirako xah yoh video hererw tw 😪,IDS,Regular_video_comments_Filtered,latin,english,12,1,substantive_keyword,bidesh
66772cb5291b,K study visa ma Russia janw sakinxha?,IDS,Regular_video_comments_Filtered,latin,english,7,0,substantive_keyword,visa
858f4d88cfbb,"Jun jogi ayeni kaan chiriyeko bhayera ho, 250 years samma desh bechera khane harule sashan garepaxi 10 years ma kasari change hunxa babu😅",IDS,Regular_video_comments_Filtered,roman_nepali,nepali,23,1,substantive_keyword,desh
0f835df291e5,Who's cutting onion here?😭,IDS,Regular_video_comments_Filtered,latin,english,5,1,kept_default,
4ce19feca1cc,Aba A.I. aisakyo bhai Nepal ta kangalai ho,IDS,Regular_video_comments_Filtered,roman_nepali,nepali,9,0,kept_default,
00c5f6b0bcdd,27.12 minute ma  Success ko spelling galat bhayexa hai... criticize gareko haina galat bhayexa bhanera matrai bhaneko ho hai..,IDS,Regular_video_comments_Filtered,roman_nepali,nepali,20,0,kept_default,
5aca63613caf,Nepal ma basne ho bhane krishi garera aafaile customer lai bechna parcha,IDS,Regular_video_comments_Filtered,roman_nepali,nepali,12,0,substantive_keyword,basne
6bf0b4888339,dai subash basnet ho hai,IDS,Regular_video_comments_Filtered,roman_nepali,nepali,5,0,substantive_keyword,basne
6454d86aae78,Kasto aashu nai aayo,IDS,Regular_video_comments_Filtered,roman_nepali,nepali,4,0,kept_default,
674ed6472b9e,Nepali parents lai mbbs Ra engineering Ani loksewa baahek Aru kunai kaam kaam nai lagdaina,IDS,Regular_video_comments_Filtered,roman_nepali,nepali,15,0,substantive_keyword,kaam
1cf62e0c0fe7,जुन काम सरकारले गर्नुपर्ने हो त्यो काम यो च्यानल ले गर्देको छ।,IDS,Regular_video_comments_Filtered,devanagari,nepali,12,0,substantive_keyword,सरकार
ba41a456c075,nepal ma kaam xa tra chineko manxe chainxa,IDS,Regular_video_comments_Filtered,roman_nepali,nepali,8,0,substantive_keyword,kaam
dfb1d77483da,"विदेश जानेकि देशमै केहि गर्ने भन्ने सोचमा रुमलिदा रुमालिदै इञ्जिनियरिङ्ग फिल्डमा रहेर काम गरेको पनि पांच वर्ष भएछ। समस्या एकातिर छन, रहर छन, सपना छन, जिमेवारी छन ।  कहिले काँही पलाएन भैदिउकि जस्तॊ नि लाग्छ तर फेरि कुनै दिन फर्केर आयासी के गर्ने कताबाट सुरु गर्ने भन्ने लाग्छ। पुरानो हुदै गएको घरको छानोले एकदिन अबस्य रुप फेर्नेछ, ताडिएका सम्बन्ध नजिक पक्कै हुनेछन, खुसियाली पक्कै छाउनेछ, दिन पक्कै फिर्नेछ, आशा को दियो अझई बलिरहेको छ,  बस केहि समय धैर्य गर्नु है आमा- बुवा !!<br>https://www.youtube.com/watch?v=pTRgJVx5zd0",IDS,Regular_video_comments_Filtered,code_mixed,nepali_english,82,0,substantive_keyword,घर
bb0b09308f16,Malai mero desh mero pariwar jati nai maya lagxa 🇳🇵*,IDS,Regular_video_comments_Filtered,roman_nepali,nepali,9,2,substantive_keyword,desh
27ade4de827f,"Ab bidesh nai jaane ho sir ..,...... Aru coment lekhn ni man xain😢",IDS,Regular_video_comments_Filtered,roman_nepali,nepali,12,1,substantive_keyword,bidesh
bf20c7d633ca,"yo video herera,<br>akha vari aasu varera aayo, <br>sathi haru bidesh gayera aayo, <br>khuci ko rang xarera aayo,<br>saat samundra paar tarera aayo,<br>tanna paisa kamayera aayo,<br>afno jindagi ma chai kalo badal xarera aayo,<br>aba bidesh jane ki afnai desha basne vanera man ma trass badera aayo,<br>feri pani yo video herera,<br>aakha vari aasu varera aayo.",IDS,Regular_video_comments_Filtered,roman_nepali,nepali,58,0,substantive_keyword,bidesh
b4d9fd01197f,Bidesh jani,IDS,Regular_video_comments_Filtered,latin,english,2,0,substantive_keyword,bidesh
39f6767f1978,"Hamro Neta haru le desh na luteko bhaye, Nepal basnu theek hunthiyo.",IDS,Regular_video_comments_Filtered,roman_nepali,nepali,12,0,substantive_keyword,basnu
a5ab47061a6d,Yahaaa hami Indian bhayaraw nepal ko citizenship pauna marehatyaa garyaa xam coz maya garxam yahe janemeyaa padhyaaa aahelay bachelor sedeyo  aap aayara citizenship ko absakta  parda k he paidaina,IDS,Regular_video_comments_Filtered,roman_nepali,nepali,29,0,substantive_keyword,india
1c7297f9d8d3,1541 wrong chha dai 541 vako chha,IDS,Regular_video_comments_Filtered,roman_nepali,nepali,7,0,kept_default,
16c5aa16fb06,Leave Leave Leave,IDS,Regular_video_comments_Filtered,latin,english,3,0,kept_default,
4c32f6bfe1ae,Aru kei haina Nepalese people just want to leave this country.,IDS,Regular_video_comments_Filtered,latin,english,11,0,kept_default,
8a6fca24b409,अर्काको देशमा दोस्रो श्रेणीको नागरिक भएर हातमा बल हुँदाखेरि मात्र हो पछि फेरि आफ्नो देश फर्किनुपर्छ बुढेसकाल लाग्दाखेरि,IDS,Regular_video_comments_Filtered,devanagari,nepali,18,0,substantive_keyword,देश
2e3050fe7281,😢Nepal bachauna gaja legal garno paro,IDS,Regular_video_comments_Filtered,latin,english,6,1,kept_default,
05f3eeae323a,जहिले सम्म हामी युरोप अमेरिका अष्ट्रेलिया जानुमा गर्व गर्छौ। नेपाल बिकाश हुदैन ।<br>नेपाल मात्र यो गरे बिकास हुन्छ।<br><br>१. सारा नेपाल भोक मरि मा जानू पर्छ ताकि  एक छाक खानाका लागि सबैले ठुलो संघर्ष गर्न परोस।<br>२. १ जना ताना साह जन्मनु पर्छ जस्ले   भ्रस्टाचारि लाई सिधै गोलि हान्न सकोस। नत्र १०० बर्ष बन्दैन नेपाल,IDS,Regular_video_comments_Filtered,devanagari,nepali,56,0,substantive_keyword,घर
9e63b3dafc55,"Prachande, Sere, oli ra samasta neta haru ek choti Rakchas ko pyaro bhaye c ani ramro neta aaye c balla yuwa basna thalchan",IDS,Regular_video_comments_Filtered,roman_nepali,nepali,23,0,substantive_keyword,pr
97998a254917,Timi ley taw 100% copy paste gardo raixau taw bro aru ko video 😂,IDS,Regular_video_comments_Filtered,roman_nepali,nepali,13,1,kept_default,
37495ea99498,I'm afraid neta haru le desh sell garxa vanera I Heard Neta haru le Kati loan leko xa Nepal on big loan ... Kasari citizen haru le tirxan ...kamako paisa ma Kati tax halxan  I guess bidesh goera paisa kamera at least family Lai paisa ta pathanu paunxa  . Uuha haru le dukha garnu napaross jasto xa ... <br>Balen sir is doing good Tara sab Jana neta haru Pani balen sir jasto vako vaye we could be in top country 😞 but sadly chor neta haru xan corruption alwz 😢<br>Sad truth of my country 😭<br>I don't see my future ahead ... Loksewa ma nam nisera Pani k garne hjr interview ma ta sidai kina aako tapai re Ani kina yo luga lagako abo tapai januss vanxa ... 😢<br>So sad truth 😭,IDS,Regular_video_comments_Filtered,roman_nepali,nepali,126,5,substantive_keyword,bidesh
f06f04146123,Sure Mission 2084,IDS,Regular_video_comments_Filtered,latin,english,3,0,kept_default,
c71978f2413b,"who will stay when your 4 yr bachelor takes 6 years to complete .also who will stay when u cant even earn to fulfill your physical needs with the salary you earn after spending  lacs of rupees , time and effort just to take that certificate. and to those who are illiterate and unskilled , the work u will get is worst to think of with a penny salary and the inflation rate of our country's  economy is higher than Mt.everest height.  just because of worst politicians and bad governance every little new born and the whole generations has faced the worst of all till now and you still want to stay here? and think that those who went are there for to fulfill materialistic things? thanks to all those dirty mind games of all politicians and those persons who take benefit from these things nepal is getting nowhere from now..",IDS,Regular_video_comments_Filtered,latin,english,151,0,substantive_keyword,salary
78ba3c909adc,Yo data nai galat cha  double nai bidesiyako cha,IDS,Regular_video_comments_Filtered,roman_nepali,nepali,9,0,substantive_keyword,bidesi
ad9f91d3cf2a,Nepali nai na rahe Nepal rahanna bhanne kura bujhau<br>Bidesh jaau tarw yadi jaanai parne badhyata xa bhane trpheri farkau hamro desh aafno desh aafno janm bhumi jasto bhaye pyaro yahi nai xa,IDS,Regular_video_comments_Filtered,roman_nepali,nepali,33,0,substantive_keyword,bidesh
1606dc6679d1,Maleysia ko pani jodana vai ak vak aadha nepalko gayeko xan yar,IDS,Regular_video_comments_Filtered,roman_nepali,nepali,12,0,substantive_keyword,gaye
2fcc9268b879,अनि देशलाई बिगारेको नेताले हो की पढ्या लेख्या लोकसेवा उतिर्ण गरेका सरकारी पदमा बसेर गुणस्तर सेवाको साटो घुस र सम्पति जोड्न बसिरहेकाहरु हुन् ? शिक्षित जनताहरू नै भ्रष्टाचारी भएपछि कोस्को पो के लाग्छ र ।,IDS,Regular_video_comments_Filtered,devanagari,nepali,34,0,substantive_keyword,सरकार
4c34a5156968,Shame on Nepalese government,IDS,Regular_video_comments_Filtered,latin,english,4,0,substantive_keyword,government
ae7074d9c27c,I m gonna leave anyway,IDS,Regular_video_comments_Filtered,latin,english,5,0,kept_default,
9fa7130fb765,naa baap badaaa naa vaiyyyaaa sabse bada rupaiyyaaaaaa...........,IDS,Regular_video_comments_Filtered,latin,english,8,0,kept_default,
e326f24f0dc1,Stay in Nepal,IDS,Regular_video_comments_Filtered,latin,english,3,0,kept_default,
e2267d4af518,Yedi arko janma vayo vaney yo desh ma chai na hos,IDS,Regular_video_comments_Filtered,roman_nepali,nepali,11,0,substantive_keyword,desh
b14d1ae0e89a,K xa ra nepal ma gari khani ?????😢,IDS,Regular_video_comments_Filtered,roman_nepali,nepali,7,1,kept_default,
68aa1699286c,"Hlo from russia😎, recruited in russian military 6 months ago, Vai haru russia aau, mariyo vane mari haaliyo tara bachiyo vane 10 truck poisa ra pr pauxau.😂",IDS,Regular_video_comments_Filtered,roman_nepali,nepali,27,2,substantive_keyword,pr
870caf74d90d,bideshnai janchu brother ma ta kina ki paisa chaina hami sanga kamauna percha,IDS,Regular_video_comments_Filtered,roman_nepali,nepali,13,0,substantive_keyword,bidesh
c77a7ad7c29a,anyone 2025😂😂😂😂,IDS,Regular_video_comments_Filtered,latin,english,2,4,kept_default,
0621f8adb118,K ko 7 lakh 10 lakh vai sakyo,IDS,Regular_video_comments_Filtered,latin,english,8,0,kept_default,
a0c2f2ad8f11,"If you can't change the country, Change the country.",IDS,Regular_video_comments_Filtered,latin,english,10,0,kept_default,
bba0d62b9389,ukraine ma khasayeko  bomb ley romania ko sisa futo?,IDS,Regular_video_comments_Filtered,latin,english,9,0,substantive_keyword,uk
4f8a06f6d332,के  गर्य्या दाई रुवाई दिने,IDS,Regular_video_comments_Filtered,devanagari,nepali,5,0,kept_default,
81760b81ac8c,Hamro desh ma neta nahi chor chan yrrrr,IDS,Regular_video_comments_Filtered,roman_nepali,nepali,8,0,substantive_keyword,desh
1027e844cf44,Yo video ma expalin gariyako xaw ids kasari aru ko content copy paste garxaw vanaraw https://youtu.be/ZZU7e7TJCtM?si=IrjwQGV0p6CPKwA_ 😅,IDS,Regular_video_comments_Filtered,roman_nepali,nepali,15,1,kept_default,
61f9456a7a42,"its true nepal ko yo 3 ota pm maryo bhane desh sudhrela pm,: KP,  deuba, prachanda",IDS,Regular_video_comments_Filtered,roman_nepali,nepali,16,0,substantive_keyword,pr
10b64462767e,5to 10 year ma budo neta marxan ani kei Kuch hunxa ki,IDS,Regular_video_comments_Filtered,roman_nepali,nepali,12,0,substantive_keyword,neta
032d001941f0,"नेपाल मा केहि गर्छु भनेर १० बर्ष नेपालमा काम गरेर कम्पनी खोलेर, अनि की सिप नलागेर विदेशिएको अर्को उदाहरण मध्ये एक मा पनि",IDS,Regular_video_comments_Filtered,devanagari,nepali,23,0,substantive_keyword,देश
3c97544457c9,Kun company?,IDS,Regular_video_comments_Filtered,latin,english,2,0,kept_default,
7d85f67b38c1,Bro le hawa bolnubhako ho napathaunu 😂​@Rohit-mt5oh,IDS,Regular_video_comments_Filtered,roman_nepali,nepali,7,1,kept_default,
59bd68a1a1d6,Khatey Ko view's aun jari matra ho auna xode si Kai din ma visiting Dubai vandoi photo Halxa,IDS,Regular_video_comments_Filtered,roman_nepali,nepali,19,0,substantive_keyword,dubai
b2d7c79549a0,अनि दुई ठुला उडाउदो अर्थतन्त्र भएको देशको बिचमा हामि छौ भने किन जान पर्योत युरोप औरिका जबकि उनिहरुका अर्थतन्त्र खस्किदै छ  तेसैले साथि अब एसिया मै बस्दा हुदैनर??😂,IDS,Regular_video_comments_Filtered,devanagari,nepali,28,1,substantive_keyword,देश
1cbb8f86137a,Overly optimistic analysis .. i can challenge every facts this documentary stated .. immature investigation .. i wish he was right though .. Jai Nepal,IDS,Regular_video_comments_Filtered,latin,english,21,0,kept_default,
1e0a4b2fd223,Aba 5 6 barsha ma aauchu korea bata nepal na aatinu,IDS,Regular_video_comments_Filtered,latin,english,11,0,substantive_keyword,korea
d133c6c54e7a,Desh xadera ako matra 8 din vayo🥲,IDS,Regular_video_comments_Filtered,roman_nepali,nepali,7,1,substantive_keyword,desh
619ce506a74d,"Bidesh chai aba dalal haru lai pathaunu parxa Nepali janatale 😅 Janata le afno power katiko xa ajhai bujhna sakeka xainan, bhrastachari harulai vote diyera kunai euta padma pugauna sakxan vane tya bata hatauna ni sakxan rajtantra hatako jasari. Janata unite hunu paryo desh banxa, kasaile rokna sakdaina janata lai.",IDS,Regular_video_comments_Filtered,roman_nepali,nepali,49,1,substantive_keyword,bidesh
22ba571c63f4,Aba timro po doller ma payment aauchha youtube bata ani job abta aako salary le ghar bar chala hamro ta company le 20k dinchha tesle padhu ki pariwar palnu hau,IDS,Regular_video_comments_Filtered,roman_nepali,nepali,30,0,substantive_keyword,salary
5bdf07b2d1a5,China indi concept 🤞☺️🫰,IDS,Regular_video_comments_Filtered,latin,english,3,3,substantive_keyword,china
3c1bb2bd86e5,bidesh janu nepali haru ko rahar hoena,IDS,Regular_video_comments_Filtered,latin,english,7,0,substantive_keyword,bidesh
51a671c9a752,"Hera kta Haru views ko lagi emotional content ta halsakyau.... Duniya emotional vayera mero husband ruiraxa, bhai ruiraxa comment pani garxan Tara logical point of view esma Kei nai xaina . <br><br>Tell me one thing rahar le haina kar le gako xan... Bau aama dukhi xan... Nepal Amma ni dukhi xin etc etc..... If sab estai ho vane yo KP OLI, DEUBA, PRACHAND, jitxan kasari?? Kalle vote haliraxa?? <br>Tei bau aama le haliraxan jallai Timi dukhi vaniraxau <br>Timro euta sathi le esto vano arko sathi le testo vano chhoda.... Matra neta le ghus khayera xora xori bidesh pathaka xainan.... Every government employee is corrupt every single one.... Ani k yo hawa kura garira ki esto hunxa testo hunxa... Kei ni hudaina unless and until the private businesses and their owner won't get the respect they deserve, this country will stay like this mark my words..... Ah matra fancy restaurant Haru Chi khulxan kina ki holiday ma aaka Haru le chatak dekhauna niskinu paryo ni family lera... Kina ki that dukhi aama buwa will show off their children's dollar 💰 and and during election will vote for the same party cause unko xora le ta ramro garira xa ni tyha eta ta afai jaat ko jitnu paro ni... And lastly the famous line "" BEPARI LE DESH BARBAAD PARI SAKE "" 😂 assholes",IDS,Regular_video_comments_Filtered,roman_nepali,nepali,219,2,substantive_keyword,bidesh
5c64724ab788,देशै बेच्ने पो हो कि 😅😂😂😂😢😢😢😢😢😢😢😢😢,IDS,Regular_video_comments_Filtered,devanagari,nepali,5,13,substantive_keyword,देश
a483c3cec5cc,"lastai hawa xa maighty ghar anjko store,",IDS,Regular_video_comments_Filtered,roman_nepali,nepali,7,0,substantive_keyword,ghar
1d8f4b89eb3d,At the end of the day you should do what your parents tell you to do cus it's their lives not yours💀<br><br><br><br><br><br><br><br><br><br>lol,IDS,Regular_video_comments_Filtered,latin,english,24,1,substantive_keyword,parents
e20ef9b2326b,Rat race (The matrix) its everywhere .Lets hustle hard and make good income in our own country .Lets learn a high paying skill and work in time and location freedom in own country .,IDS,Regular_video_comments_Filtered,latin,english,33,0,substantive_keyword,work
87634b2aac7f,"3 करोड जन्ता नै IT गर्नु ??? अलि practical कुरा गर्नु पर्यो येस्तो सिमित जन्ताले IT गरेर बाकि जन्ता चै के काम गरेर भात खाने ?? कुनै बेब्साय नै गरे पनि देश मा तेति उपोभोकता नै छैन अनि business पनि दुब्छ , रिन लग्छ अनि बिदेश नगएर कस्ले तिर्दिन्छ ? बाध्यता ले जान्छन नि जन्ता बिदेश , यो भिडियो ले त सरकार ले जस्तो पो कुरा गर्दो रैछ , 17 हजार जन्ता यो बेबस्था ल्याउन मरे अब बाकि बिदेश मा मर्दै छ , यो बेबस्था फाल्नु को बिकल्प अब नेपालि जन्ता सङ्ह छैन , कि गर कि मर को अवस्था छ कुरा येत्ति हो !",IDS,Regular_video_comments_Filtered,code_mixed,nepali_english,96,0,substantive_keyword,सरकार
b54f4a1fde94,Ehh bhanale rajawadi haru ko xorq xori usa canada po xan,IDS,Regular_video_comments_Filtered,latin,english,11,0,substantive_keyword,usa
b7ecbc8fbc29,Chitoi chodinchh nepal 💔abo jokohi poni sabai,IDS,Regular_video_comments_Filtered,roman_nepali,nepali,7,1,kept_default,
7cbae04ac1c5,Bidesh Janey hoina mauka paya vaney sabai Jana la permanently Nepal xaderaw Jana chahanxan. world development Bata kaa kaa pugi sakyo Nepal jabo tyo eauta kalanki deakhi chabahil Sam ma ko road 5 years maa banayuna sakdaina melamchhi ko pani  50 years maa ni KTM aayudaina Ani arko kura Huda Huda nepali Janta Qatar khadi bechney sala chor neta haru la aba hatti suda bechnu thalexa janawor tw Nepal Bata bechinxa vaney hami tw manxey  Ani kina basney tya Nepal maa Nepal maa keii garxu vaneraw basda sochda sochdai aahila UAE 🇦🇪 maa Kam gardai xu yestai ho nepali ko life jaba Sam ma chor neta haru ko pata saff hudaina Nepal Bata taba Sam ma yo silsilaa jhanai baddai janxa,IDS,Regular_video_comments_Filtered,roman_nepali,nepali,120,2,substantive_keyword,bidesh
ad4650ce6b9f,Jhan confuse banayo yar,IDS,Regular_video_comments_Filtered,latin,english,4,0,kept_default,
3dbd73e106e4,Katti dherai ads,IDS,Regular_video_comments_Filtered,roman_nepali,nepali,3,0,kept_default,
8426c7c4690d,Sabai nepalile desh xadaxan ra ma nepalma raj garxu 😂😂 20:26,IDS,Regular_video_comments_Filtered,roman_nepali,nepali,11,2,substantive_keyword,desh
15925fd042f1,"so amazingly said , well said , well truth !",Thaha Research,Thaha_Research_Filtered,latin,english,7,0,kept_default,
39df33452489,Main problem vaneko naie ecomony ho mitra ....hamro paisa kamjor vayo tei vayera manxae bahera janxan <br>Jaba samma hamro paisa baliyo hudaina taba samma bidesh jana naie parxa,Thaha Research,Thaha_Research_Filtered,roman_nepali,nepali,28,0,substantive_keyword,bidesh
379a96ac0cda,What is the use of staying in Nepal unless you are politician or their relatives?,Thaha Research,Thaha_Research_Filtered,latin,english,15,0,substantive_keyword,politician
e68aab77f7cc,Patrakar haru lagi parnu paryo... virws lagi hoina desh ko lagi,Thaha Research,Thaha_Research_Filtered,roman_nepali,nepali,11,0,substantive_keyword,desh
6b29e9a98a77,Jholey haru cha ta ... kamauna... sikill bhale ta samjhane ho3 ba namarunjel,Thaha Research,Thaha_Research_Filtered,roman_nepali,nepali,12,0,kept_default,
e5f6589aa511,Nepali life is much for fulfilling than life abroad!,Thaha Research,Thaha_Research_Filtered,latin,english,9,0,substantive_keyword,abroad
a279ab74a1c7,A very pressing problem of Nepal that must be addressed asap!,Thaha Research,Thaha_Research_Filtered,latin,english,11,0,substantive_keyword,pr
da0432fdfc28,A b pant right version and right report,Thaha Research,Thaha_Research_Filtered,latin,english,8,0,kept_default,
391e408de4d2,"Is Nepal on the Verge of Losing Its Youth? के नेपाल आफ्नो युवापुस्तालाई गुमाउने संघारमा छ? <a href=""https://www.youtube.com/live/UgeYdADxqs0?si=jhjcvXNh_IuRGJwU"">https://www.youtube.com/live/UgeYdADxqs0?si=jhjcvXNh_IuRGJwU</a>",Thaha Research,Thaha_Research_Filtered,code_mixed,nepali_english,16,0,kept_default,
a7c64fe481e9,"To all those who are drowning in self pity in the comments:<br>Yea the corruption and politicians are bullshit but the youths are no better. Opportunities xaina bhane banau natw, learn skills through internet instead of watching reels, and do something that actually matters. It is eaay to get success in a country which has no basic facilities because let&#39;s be hobest, you don&#39;t need new innovations. Youths have the power, we are active and can protest but guess what everyone is too selfish. Bahira pani sukha xaina I have seen many of my friends suffer due to high cost of living. Only go to foreign country if you can&#39;t afford basic living here. Self pity is the biggest problem.",Thaha Research,Thaha_Research_Filtered,roman_nepali,nepali,123,0,substantive_keyword,pr
c23aa8edbcaa,Desh bigareko neta lai dosh hoina...guu khane jhole abujh  Gen Z youth haru le garda ho...ek number jhole prasad ta Gen Z hudo raixa...yo kura maile sarkari college ma padda realize vako ho...students union ko name ma neta ko jhola bokne guu khane ko paxi hidne Gen Z nai ho country ko culprit 😡😡,Thaha Research,Thaha_Research_Filtered,roman_nepali,nepali,57,2,substantive_keyword,pr
3a9ff820bae3,सबै देश को सिस्टम दुरुपयोग को कारण हो हाम्रो देशमा ठुलो रोग छ त्यो हो २/४ जना बुढा  काम नलाग्ने नालायक उल्टो बुद्धि बोकेका नेताहरू<br>मलाई अति धेरै गुनासो छ बुढा नेताहरु प्रति केहि छैन मैले पनि अमेरिका जाने सपना बुन्दै छु😢,Thaha Research,Thaha_Research_Filtered,devanagari,nepali,43,1,substantive_keyword,देश
dc4d7d29a430,bhai DV varis ??? time chhaina hai garihal video ta US basera ni banaauna sakincha,Thaha Research,Thaha_Research_Filtered,roman_nepali,nepali,14,0,substantive_keyword,dv
458d2214c1bd,"Nepali people&#39;s young and children are future citizens of forigen country like United kingdom, USA, Japan,India, Australia, exc,",Thaha Research,Thaha_Research_Filtered,latin,english,20,0,substantive_keyword,future
084e120785cd,Nepal is just a waste of money… as an entrepreneur. <br>1st business : Restaurants ( loss)<br>2nd business: online jewellery shop (loss)<br>3rd business ( groceries) a huge loss <br>4th business: clothing ( loss) <br>Well the reason I figured out is Nepal is very expensive to do anything for middle class business men. The profit margin is very low . Now I invested 20 lakh and now I am earning 2-3 lakh a month’s. And it’s (EUROPE) worth investment.. loan panii clear profit nai profit 😂😂,Thaha Research,Thaha_Research_Filtered,roman_nepali,nepali,83,2,substantive_keyword,europe
ecb09423e099,Sad reality.,Thaha Research,Thaha_Research_Filtered,latin,english,2,0,kept_default,
496f760a28e4,sabai thok huncha tara 2085 ma hunxa naya leader auxa usle sabai thok garxa wait for the right time... hunxa,Thaha Research,Thaha_Research_Filtered,roman_nepali,nepali,20,0,kept_default,
734f28668839,Haami sunne matrai ho hjr kehi garna sakdainau 😂 hai haami harulai haami aafnai Nepali Janata aafnai daju bahini bare kehi matlab xaina bhane IE  lutera haruko k matlab😔 huna ta ho iniharukai karan ho Tara 🙏🙏🙏🙏🙏🙏🙏,Thaha Research,Thaha_Research_Filtered,roman_nepali,nepali,35,9,substantive_keyword,uk
759d0ec41c66,Best thing to do in Nepal is LEAVE THE COUNTRY !!!!!!!!!,Thaha Research,Thaha_Research_Filtered,latin,english,10,0,kept_default,
4969ee914b84,I know there is a lack of job opportunities and less salary but before blaming politicians just think what you guys are doing. Leaving your country and showing your nationalism in social media is never an option. Its you who build your country,Thaha Research,Thaha_Research_Filtered,latin,english,43,0,substantive_keyword,salary
6e71d4f13222,Come to europe,Thaha Research,Thaha_Research_Filtered,latin,english,3,0,substantive_keyword,europe
100e2aa533fc,Right लौरो टेकेर देश चलाउने नेता हरु लाई नहटाई नेपाल बन्दिन मर्ने बेला के नेता बन्न परेको होला,Thaha Research,Thaha_Research_Filtered,code_mixed,nepali_english,18,0,substantive_keyword,देश
af580c643818,Nepal land will be bought by many industrialists in future at cheap price,Thaha Research,Thaha_Research_Filtered,latin,english,13,0,substantive_keyword,pr
8bfa5738ec76,Corruption will never stop in Nepal. Which is the root cause of all this problem,Thaha Research,Thaha_Research_Filtered,latin,english,15,0,substantive_keyword,pr
f970dba72c0b,यो भिडियो ले त अब म पनि यतै सेटल हुनु जस्तो लाग्यो।,Thaha Research,Thaha_Research_Filtered,devanagari,nepali,12,0,kept_default,
7c06de86f98f,Mero naam Ganesh bahadur Rajak ho mero October mahinako antim last date samma USA ko immigrant visa ma USA settlement hunxu with all my family,Thaha Research,Thaha_Research_Filtered,roman_nepali,nepali,25,0,substantive_keyword,family
566e12c9dc5f,"I am in Malaysia now, you have mentioned exactly the things which I had thought, Thanks ❤ for this wonderful contents,  I love you.<br><br><br>Living away from family sucks every second , bro 😢,<br>Most of the time we have to face exploitation 😢,  the thef leaders would never understand our pain, because they and their children never face it.<br><br><br>I have been doing research for many years,  And Try to understand our economic better,  along with all the other countries economic. Please Let me know if you need any information , I may add an unique aspects to them.",Thaha Research,Thaha_Research_Filtered,latin,english,95,3,substantive_keyword,malaysia
c2568a580f55,sir d47 visa ko barema research garerw haldinu parney vyoo hjur leaa ..ailea 3 vanda mathii ko gpa vako lea matraa d2 visa ma jana paine bhanya xa but official notice kataii pani xaina ani 2.84 xa sir mero gpa aba d47 visa ma janu vanxa mailea gardaii gareko consaldency lea ..ani aba hjur ko yo video herikana euta matra consaldency ko kuraa sunnu hunna bhanerw 3 4 wota ma bujeko harek consaldency ko kura farak xaa ..ielts pani gareko thiyee 5.5 aako xaa kina bhane xitoo bhanda xito garnu parcha bhanerw 21 days matra class gayeko thiyee 28 september samma testo keii kura thiyenw october  5 dekhii 3 gpa bhanda thoraii lea mildaina bhanerw vannu vyo consaldency ko sir lea aru consaldency laii bujda panii yaii vanxan ..ma lagayat dheraii student haru laii ekdamaiii garoo parya xa sir ..kasko biswas garne k garne keii thaxaina hjur tw content create garnu hunxa ani information haru hami students haru laii dinu hunna yo topik ma euta videoo banaii dinu paryo sir ..ma matraa hoina southkorea jane dheraiii sathyy haru laii yeslee garoo paryaa xa ..,Thaha Research,Thaha_Research_Filtered,roman_nepali,nepali,185,0,substantive_keyword,korea
ff0b880b41e8,"<a href=""https://www.youtube.com/watch?v=YRwlDwWEBew&amp;t=182"">3:02</a> “pailaa nepali haru saudi qatar jaaney garthey bhaney aaile padhelekheko nepali australia japan jaaney garekoxan” re? fix your statement bro khaadi bhandaima anpadh manxe matra aauney haina yaha bujheu kei bolnu aghi sochera bola. ani k khaadi jaaney haru chai anpadh bhannu khojeko ho timile? <br>im extremely offended by your words. <br>i’m not an PHD scholar but im well educated and still decided to come to qatar to chase my dreams and i can proudly say that im earning way more than my friends who’s in japan australia etc etc!",Thaha Research,Thaha_Research_Filtered,roman_nepali,nepali,94,0,substantive_keyword,pr
67d55baffa64,ma pani jadai xu 😢,Thaha Research,Thaha_Research_Filtered,roman_nepali,nepali,4,1,kept_default,
c7f869e9de60,33 crore vagwan vako desh ma 33/3 =11 each  one is looked by 11 god no worries,Thaha Research,Thaha_Research_Filtered,latin,english,18,0,substantive_keyword,desh
94733b33c19d,It&#39;s a time to show such  authentic case study in the meeting time of opmcm ..,Thaha Research,Thaha_Research_Filtered,latin,english,16,0,substantive_keyword,study
194aea7974da,Today&#39;s burning issue in which Nepal government is deaf and silent.,Thaha Research,Thaha_Research_Filtered,latin,english,12,0,substantive_keyword,government
fb224e0ae515,maila private ma pada ko ho ani school lai maila paisa pay gara ko how government invest on me,Thaha Research,Thaha_Research_Filtered,roman_nepali,nepali,19,0,substantive_keyword,pr
3d692a0d540f,Yo desh ma gari khane khaita batabaran banai deko yo varatiye dalali haru le kasko chai future xa yo desh ma nata teacher nata doctor scientists nata businessman nata students khai ta gari khane bato banai deko vako jati sabai desh xodi rahexa,Thaha Research,Thaha_Research_Filtered,roman_nepali,nepali,43,0,substantive_keyword,future
3936db3905b9,"As long as not let the Chinese government change Nepal, Nepal will rise again!",Thaha Research,Thaha_Research_Filtered,latin,english,14,0,substantive_keyword,government
5c9578a487f3,"If I take a step back, post-World War 2, both Germany and Japan&#39;s youth and the entire nation worked hard to rebuild their nation. Some such sense needs to be imbibed right at the school stage in Nepal so as to bring nation-building pride and economic contentment. It is not a very long haul, but rightly done, we can perhaps see positive results in just over a decade. Just blaming the government is an excuse. But sadly to majority of Nepali youths this sounds like poetry. Social media and peer pressure is spoiling our young minds right at the school level leaving an already jeopardized nation to darker abyss. Our boys and girls want to settle the rest of their lives in the best nations (Mostly just following the trend and FOMO). Economic reason is not universal in all migrations.<br><br>BUT BEWARE. REVERSE MIGRATION is happening. The developed host nations like Canada, US, Australia, Japan are already getting overwhelmed with migrants from poor countries. Lack of housing, rising food prices and electricity bills, racism, safety, long process for healthcare facilities and lack of jobs are just the struggles that has to be kept in mind. People from some poor countries are returning back to their nations citing above mentioned reasons. That is going to increase more. ANTI IMMIGRATION SENTIMENTS IS ON THE RISE. They are fed up of brown/black/asian skins. It’s a truth even if they don’t express. Migrant baseko area ma gora haru mostly basdainan. <br>   But at the end it is all Poetry. 😅. Des banauney kam ma ko lagcha? Kehi faida chaina. Netaharuley bananuna parney ho des. Hamro kam  ho ra? Bidesko chillo bato, aglo building, hariyo park and sea beach samjhiyepachi control nai hudaina. Jasari bhayepani gayincha hai?<br><br>Just my two cents",Thaha Research,Thaha_Research_Filtered,roman_nepali,nepali,301,1,substantive_keyword,pr
a6283f1471c8,janasankik ho ... pronounce properly ...if u cant prononuce it in different language,Thaha Research,Thaha_Research_Filtered,roman_nepali,nepali,12,0,substantive_keyword,pr
aef562f72c55,"<a href=""https://www.youtube.com/watch?v=YRwlDwWEBew&amp;t=692"">11:32</a> laugh but reality 😢😂",Thaha Research,Thaha_Research_Filtered,latin,english,5,2,kept_default,
01bfd691dce0,"Paisa bhayepani nabhayepani sabaile le desh chadchan chadchan, kina ki ahile yo sabai global trend ho. Jaha paisa dherai subidha dherai kamauchan tehi manxe daudine ho aajkal. Kim jon un jasto tanasaha dictator le matra janta lai aafno desh ma tharkayera trashh dekhayera rakhna sakcha, developed desh le kasari aafno ukasna aru kamjor desh ko ke halat garcha tyo kura sabai lai tha bhayeko awastha ho.",Thaha Research,Thaha_Research_Filtered,roman_nepali,nepali,66,0,substantive_keyword,uk
4c50d19a9611,"Sochdai bas randiko xori haru, prgati hudena TYO desh ko… kharba lagani garxa arba gojima hule paxi ghanta ko development hunxa..",Thaha Research,Thaha_Research_Filtered,roman_nepali,nepali,21,0,substantive_keyword,pr
92048da677b1,Aru malai thaha xaina marriage huna Lai sablai garo hunxa,Thaha Research,Thaha_Research_Filtered,roman_nepali,nepali,10,0,kept_default,
de3044c6feb8,"देश विकास न भाको मुख्य कारण नेपालमा बस्ने नेपाली हरु को अनुसासन न भएर हो ,आरु को खुटा तान्ने हरु धेरै छन्, अरु  हरु लाई  हिन्सा गर्छन्",Thaha Research,Thaha_Research_Filtered,devanagari,nepali,27,0,substantive_keyword,देश
060f7e687e0d,"Income less, want more or expensive. Hard to fill wants and week security of life.",Thaha Research,Thaha_Research_Filtered,latin,english,15,0,kept_default,
d6c9286506a0,"Unfortunately, Nepal is a failing country.",Thaha Research,Thaha_Research_Filtered,latin,english,6,0,kept_default,
999ef6ab13b3,Mahabir pun lai nai herau na  k ko laaamo kura,Thaha Research,Thaha_Research_Filtered,roman_nepali,nepali,10,0,kept_default,
3960d6799c9d,Bahun bokne kam banda garau Nepal banau Jay balen Jay harka,Thaha Research,Thaha_Research_Filtered,latin,english,11,0,kept_default,
4fc0e5b98140,Studying in Nepal is like wasting time and money .. sad but true,Thaha Research,Thaha_Research_Filtered,latin,english,12,0,substantive_keyword,study
83904cb18467,मलाई ९-१० वर्ष अगाडि खासै मतलब लाग्दैन थियो तर विगत २-३ वर्षमा म बाहेक मेंरो सबै साथीहरु र दाजु भाइ हरु विदेशिएको देख्दा मलाई दार लाग्न थाल्यो। परिवारमा सबैलाई हेर्ने म मात्र बाँकी छ यहाँ।,Thaha Research,Thaha_Research_Filtered,devanagari,nepali,37,0,substantive_keyword,देश
e2043944eb95,Yopali EDV varne wala  koko hunuhunxa yeta aamta,Thaha Research,Thaha_Research_Filtered,latin,english,8,0,substantive_keyword,dv
9da3b0ef7b26,Euta video Lumbini Development Trust ko corruption ra politics ma ni banaunu paryo,Thaha Research,Thaha_Research_Filtered,latin,english,13,0,substantive_keyword,corruption
f6f782fb981f,Idea thik cha but every video khali negetive thought one sisan baniya also said  tyo maybe timlai vanya hola !,Thaha Research,Thaha_Research_Filtered,roman_nepali,nepali,19,0,kept_default,
48bc3d8916e0,"Sala corruption garney muji haru le desh nai khattam banayo yrr 😭<br>Yo kura ekdum seriously bhujne ho vane suru ma bidesh jau<br>Tya ko rules, system hernu bhujnu ani tha pauxa sala kasto samma chor haru le dhubako xa hamro Desh <br>Koi individual lai farkina nai man hudaina <br>Everything we invest in Nepal goes directly or indirectly to this corrupted Government.",Thaha Research,Thaha_Research_Filtered,roman_nepali,nepali,61,1,substantive_keyword,bidesh
f9d918b75018,धेरै सिक्नुपर्ने भिडियो।🎉❤,Thaha Research,Thaha_Research_Filtered,devanagari,nepali,3,2,kept_default,
122cd6bd3ce9,I am leaving Nepal sooon😢,Thaha Research,Thaha_Research_Filtered,latin,english,5,1,kept_default,
8ae10ddeb26f,Usa and Westerners master plan to destroy Nepal and Nepalese.....Nepal is ruled by these countries .....our leaders are puppets,Thaha Research,Thaha_Research_Filtered,latin,english,20,0,substantive_keyword,usa
938dbcdda976,Salary didainan company ma paisa xaina vandinxan ma ni janxu ABA bidesh Nepal ma kati sram Daan grnu,Thaha Research,Thaha_Research_Filtered,roman_nepali,nepali,18,0,substantive_keyword,bidesh
1f528837aa7c,Nepal khokro bhaisakyo…<br>Too late…<br>Bhokmari lagcha Nepal ma…,Thaha Research,Thaha_Research_Filtered,latin,english,9,0,kept_default,
378669e1ea51,"Bidaes jaanae bitikkai kaam paaunae hoinau kaam paaunu koe laagi timi tyaa ko citizenship hunuparchha tyoe ta guarantee ho ani jaba samma citizenship paaudainau taba samma timi lae raamroe sita kaam paaudainau yeti gari pani haalyoe bhanae tyoe illegal hunchha ani kaam  nagarae pachhi income pani hudaina ani citizenship pani jaanae bitikkai paaunae hoinau sabai desmaa paaunu ko laagi yeti barsa samma basaekoe hunai parchha bhanaera tokaekoe hunchha jastai example USA ko kuraa gardaa US ko citizenship hunukoe laagi timi atleast 7 or 8 barsa basaekai hunuparchha bhanae pachhi tyoe 8 barsa nakatunjael samma timilae raamoe sita kaam paaudainau ani kaam napayae pachhi yestai waiter,cook, nokkar etc yestaa kaam garchau. Tyati barsa bhitra ta nepal mai raamroe sita kaam gariraakhaeko hunchha. UK,USA,Australia saayad aru desmaa pani holaa Students haru baata aaunae jati praaya waiter ki cook ki bhaadaa maajnae kaam garchha, Quater maa maximum nepali haru Airport maa saamaan haru oosaarnae, koi driver kaam garchha, koi cleaning etc kaam garchha k yestoe kaam nepal maa garna sakdaina.",Thaha Research,Thaha_Research_Filtered,roman_nepali,nepali,170,0,substantive_keyword,pr
bab7d2ef7491,I am IT student ani web development ko lagi free ma internship garxu vanda pani nepal ma company chaina esto bijok cha 😢,Thaha Research,Thaha_Research_Filtered,roman_nepali,nepali,22,1,substantive_keyword,student
0808ddf816c6,AVERAGE youth lai Nepal ma sustain Huna GARHO xa... BIDESH JINDABAD🙌,Thaha Research,Thaha_Research_Filtered,roman_nepali,nepali,11,1,substantive_keyword,bidesh
f35109125f98,"Yes, the issue of getting equivalence certificate from Tribhuvan University is real. This is causing many to rethink about returning to Nepal or to leave Nepal after becoming frustrated with the TU people here.  I know folks who have masters and PhD degrees from western countries. They struggle to get equivalence at TU because TU doesn&#39;t have a comparable degree program or study route as found in western universities. If you study a field not found at TU, getting equivalence is very difficult. Also, TU may not give equivalence for masters degree if the field of study is different than the bachelor&#39;s degree. Same goes with PhD. They make a big issue on how one can go from one degree to another, even if it was completely legal overseas. If equivalence is not granted for masters, then it will not be granted for PhD. Even those who study in India are at risk of not getting equivalence. Hence, you have cases where people can get equivalent certificates from other foreign countries but not from Nepal! For example, an America-educated person can get equivalent certificates from UK and Canada for the purpose of employment in those countries, but not from Nepal! It is very sad indeed!",Thaha Research,Thaha_Research_Filtered,latin,english,208,0,substantive_keyword,pr
cf23bf917a55,"India ko game ko sikaar ho..congress,,emaalay ra maubaadi lay india sanga milera banda gareko ho..ani samjik laalsi pan lay pani ho..ani vayeko companies haru lay afulay faida dherai rakhni ra salary dherai nai kam dinchan..aba esto euta samyantra banauna paryo jun hami hamro youth vanda pani aba aru desh baata youth lyayera vaye pani indutries chalauna paryo..aba nepali youth lay nepal nabanaunay ho vanay nepali entrapeneur harulay africa,bangladesh baata manchey leraayera kaam garauni ho ra product chai internationally export garna parcha",Thaha Research,Thaha_Research_Filtered,roman_nepali,nepali,88,0,substantive_keyword,pr
a6cf42bf2e00,"चुनाव नहुन्जेल सरकार थू गर्यो अनि चुनावको बेला चै मासु भातमा बिक्छन्, थूईक्क हामी भेडा",Thaha Research,Thaha_Research_Filtered,devanagari,nepali,15,0,substantive_keyword,सरकार
d60febbd9670,"नेपालको 90% अभिभावक आफ्नो छोरा छोरीले चाहेको स्किल वा उद्धमशिल काममा 30,000 रूपियाँ लगानि लगाउँदैनन् तर विदेश पठाउने कुरामा ऋण काडेर भएपनी 30, 40 लाख रूपियाँ जुटाउँछन्।<br>   नेपालका 90% देशका अभिभावक (नेता र गार्जेन) , चुतिया, नेगेटिभ, नराम्रो कुरा सिकाउने, खुट्टा काट्ने, आफ्नै लेडेँढिपी गर्ने आदी छन्। जम्म 10% मात्र भाग्यमानी छन् जस्ले सकारात्मक, सपोर्ट गर्ने, राम्रोसँग कुराहरु बुझ्ने बुझाउन सक्ने अभिभावक पाएका छन्। मैले भोगेको र धेरै साथीहरूको कथा देखेर भन्दै छु। सम्झाउँदा आफ्नै टाउको दुख्छ। कसैको मन दुखे माफी चाहन्छु तर वास्तविकता यही हो।😅",Thaha Research,Thaha_Research_Filtered,devanagari,nepali,86,1,substantive_keyword,देश
2e34354107ca,Gahiro bislesan vai ko keep it up. Aru kai ma progress navaye ni news ra awareness ma progress vayeko chaa yo pani desh ko lagi ramro ho,Thaha Research,Thaha_Research_Filtered,roman_nepali,nepali,27,0,substantive_keyword,pr
cc86dc4561d2,Yo video M views maa jawos ❤ sara nepali le hernu parne ho.,Thaha Research,Thaha_Research_Filtered,roman_nepali,nepali,12,1,kept_default,
2d623b9a09f8,जब सम्म एमाले माओवादि कांग्रेसलाई भोट हालिरहन्छ तब सम्म यो देश अझै नाजुक र अस्तित्व नै धराप मा पर्ने छ ॥,Thaha Research,Thaha_Research_Filtered,devanagari,nepali,21,0,substantive_keyword,देश
6d3e2729f0c8,म पनि हाल मलेसियामा कार्यरत् छु,Thaha Research,Thaha_Research_Filtered,devanagari,nepali,6,0,kept_default,
1f22039e344b,भाइले सारै राम्रोसङ नेपालको समस्याहरु बताउनु भयो तर समस्याहरुको कारण पनि भन्नुपर्यो जनताहरुलाइ। जस्तो जनता उस्तै नेता भयपछि यस्तै हुन्छ्😡😡,Thaha Research,Thaha_Research_Filtered,devanagari,nepali,20,2,substantive_keyword,नेता
f69f97b1664a,Yo sab nepal sailing hanney yojana ho neta huru ko,Thaha Research,Thaha_Research_Filtered,roman_nepali,nepali,10,0,substantive_keyword,neta
e4cf2cbabd67,"mind opening video on the Internet, so far ❤❤. <br>god bless you!",Thaha Research,Thaha_Research_Filtered,latin,english,11,2,kept_default,
36795cbc5003,"मारवाडीले चुसेको देशमा को बस्न सक्छ?? अदालत न्यायाधीश पुलिस कानुन बैंक सहकारी इन्सुरेन्स सबै मारवाडी तस्करको हातमा छ , यो सबै तस्करहरुको नाईके केपी र आरजु हो।",Thaha Research,Thaha_Research_Filtered,devanagari,nepali,26,0,substantive_keyword,देश
f3f7b0af58ab,"Euta sarkar lai thik parna lai euta ramro karmachari nai pugxa tarah k garnu hamro desh ko pahilo chutia ani vrast vaneko nai karmachari ho ani tes paxi MC neta haru ani additional jhan yo corruption lai yo awastha samma purauna ma mainstream media and corporate ko haat xa ,esma most corrupted ko hola ? Sabai MC haru ustai ho ! Aba upai vaneko kada vanda kada punishment dinu parxa ani aaja samma ko sampatti ko xaanbin garera lifetime jail ma kochnu parxa ani matrae nepal ma kei changes auxa otherwise same ho kei huney wala xaina",Thaha Research,Thaha_Research_Filtered,roman_nepali,nepali,95,0,substantive_keyword,desh
27889c1c314c,"Great presentation यसमा हाम्रो सरकार निजी व्यवसाय क्षेत्र,स्वयम हामी जनता, विधालय सबै क्षेत्रका सस्था व्यक्ति दोषी छौं।",Thaha Research,Thaha_Research_Filtered,code_mixed,nepali_english,18,0,substantive_keyword,सरकार
b6d6988a31e5,"Indepth story, Nepali comment and project ka kura le ramrai sanga warning vetey jasto cha k ko lagi aas gariyako channel le k ra kasto khaley topics ma video leirako chha ani k bhani rako chha.... Paila jasto chhaina...",Thaha Research,Thaha_Research_Filtered,roman_nepali,nepali,39,0,substantive_keyword,pr
3e7f896a73bf,Dirty politicians r unstable politics le Garda ho <br>Tauke budha haru le k garya xa r,Thaha Research,Thaha_Research_Filtered,roman_nepali,nepali,16,0,substantive_keyword,uk
a46267be7710,Malai lage ko Kura Nepal ma kehi din  hr agency ma kaam gare ko thiye <br>Interview Dina aaune sab dhari padhe ka but general knowledge ko kami <br>Practical knowledge ko kami <br>Kei skill xaina <br>Working skill bina ko certificate haru boke ka aaune interview handle garna na aaune candidates aaba kasari job xaina vannu Nepal ma <br>Aachama lagxa <br>Capable candidates haru le mazza le job pauxa <br>Educate matrai Haina <br>Practical based education ma focus garnus vannxu ma ta <br>Thank you <br>Taha tapai ki sabai videos ramro lagxa malai <br>Keep it up 👍,Thaha Research,Thaha_Research_Filtered,roman_nepali,nepali,91,1,substantive_keyword,pr
e7f7c29b4cba,"के चाहिँ छ,खै? म त केही देख्दिन। गर्न खोज्ने लाई केही काम दिदैन सरकारले। रोजगार छैन,१४,००० अनि २०,००० सम्मको तलबमा परिवार कसरी पाल्नु,एउटा बिबाहित मान्छेले,ल एक्लै बसेको छ भने पुग्ला त्यतिको तलबले। काम छैन,मेरा कति आफन्त पर्देशमा छन्। क्यानडा,अष्ट्रेलिया,अमेरिका,साउदी अरेबिया,कतार,मलेशिया,दुबई,बेलायत। 😮😢💔🙏",Thaha Research,Thaha_Research_Filtered,devanagari,nepali,54,4,substantive_keyword,रोजगार
e82591436390,Corruption <br>Education khatam<br>Health system khatam <br>Sarkari kam ta jhan khulit <br>No job employment <br> <br>Ani yo deshma k garna basney basney vaneko chor  neta haru matrai yo deshma,Thaha Research,Thaha_Research_Filtered,roman_nepali,nepali,28,0,substantive_keyword,basne
4e3e266b4dcc,Dai world economics crisis xutyo,Thaha Research,Thaha_Research_Filtered,roman_nepali,nepali,5,0,kept_default,
d66e2229a905,"<a href=""https://www.youtube.com/watch?v=YRwlDwWEBew&amp;t=1098"">18:18</a> Kathmandu ma basne dheari lai testo tha xaina kina ki thya population ni dheari xa tei vaye ra aajai feel vaxaina outside of kathmandu hernu ta ta yo aaile present vairaxa market aaile chale xaina kinw market ma youth nai xaina tei vako vane uncle hru ho youth pani market rarely dekhixan <br><br>Aaile garment hru le youth hru ko lagi clothes production nai gardina<br>Garne vane ko kids ra old manxe lai ho <br>Bajar ma youth nai xaina",Thaha Research,Thaha_Research_Filtered,roman_nepali,nepali,80,0,substantive_keyword,pr
d85fc434c4a0,Where all the money of the country is going,Thaha Research,Thaha_Research_Filtered,latin,english,9,0,kept_default,
48668952ce27,"I am proud as I have left Australia for good and its been 2 years. I see innumerable opportunities to earn name, fame and wealth in this country.",Thaha Research,Thaha_Research_Filtered,latin,english,28,0,substantive_keyword,pr
5a9552ecbe14,Dai tapai ko yo video heri rahada pani study in australia vanera consultancy ko add aayo ta,Thaha Research,Thaha_Research_Filtered,roman_nepali,nepali,17,0,substantive_keyword,australia
4caa62c5752d,लुटतन्त्रको उपलब्धि।,Thaha Research,Thaha_Research_Filtered,devanagari,nepali,2,0,kept_default,
797e923c918a,Purana neta haru le bhrastachaar garera  14 pusta  pugne akut sampati jamma garera aba tyei bhrastachar mudda haru bata bachna lai sarkar dhaldai pali palo sarkar chalayera baseka chan. 2084 ma vote garda bichaar puraunu hola sabai Nepal ma bhayeka janata le. Yi puraana bhrasta haru lai jail ko hawa khuwaunu nai parcha.,Thaha Research,Thaha_Research_Filtered,roman_nepali,nepali,53,0,substantive_keyword,bhrasta
5596e44700d5,वास्तवमा यो समस्या समग्र दक्षिण एसिया भरिमै छ र सबैभन्दा बढी नेपालमा छ।सानो देश थोरै जनसंख्या तर धेरै नेता  अधिक विज्ञता र सामाजिक अभियन्ता यिनैले आफ्नो अनुकूलको व्यवस्था लादेर यो अवस्था गराए।ठुलो दोष राज्यको अनि नागरिक।देशमा बस्ने वातावरणको सिर्जना राज्यले नै गर्ने हो।यहाँ धमिलो पानीमा माछा मार्न पल्केकालाई यस्ता कुराले छुदैन।किनकि केही मुठ्ठी भरको मुठ्ठीमा छ देश।अनि किन कसैको लागि आपसमा भिड्ने भनेर देश छोड्ने अभियानमा युवा,Thaha Research,Thaha_Research_Filtered,devanagari,nepali,67,0,substantive_keyword,देश
7d773a8882ad,People are leaving Nepal because they are going to abroad,Thaha Research,Thaha_Research_Filtered,latin,english,10,0,substantive_keyword,abroad
0e52d730bd2c,"Yo Americako cha ho, deshko takat bhanekonai yu harulai bidesh lakhetne tiniharu chahi Hamro Desh  lai mjor Banayera  hamro desh kabja garne...",Thaha Research,Thaha_Research_Filtered,roman_nepali,nepali,22,0,substantive_keyword,bidesh
737439bc1e02,Education ko reason le chai i really wanna leave this country  mero baini le 2 choti back paper deko xa 12 ko how can neb be so careless reetotaling garda copy check xaina yesto para le kun chai student Lai nepal ma padnu manlagxa ra I&#39;m suggesting her to do pcl nursing then try for aboard aba ko 10 years ma ta ma aafno family lai nai aboard shift garauni sochiraxu kina ki yeta kaile kei change huni wala xaina,Thaha Research,Thaha_Research_Filtered,roman_nepali,nepali,81,0,substantive_keyword,family
42ec7bc4f65d,Bahun ko kam chaina jaba samma bahun hru hunchan taba samma desh bikas huna sakdaina,Thaha Research,Thaha_Research_Filtered,roman_nepali,nepali,15,0,substantive_keyword,desh
e7b6908791d6,Nepal ma kehi bigriyeko nai xainaw din var social media ko content consume garni nepal ma kehi garna nakhojhni abroad ma poisa ko bot xaw van ni yuwa dharai vai diyeraw tysko result dakhiyako matrai ho,Thaha Research,Thaha_Research_Filtered,roman_nepali,nepali,36,0,substantive_keyword,abroad
be2f19632cde,Yestai xa yr bro im in uk since from 4 year im happy in here sab lai tehe bhanxu what im experienced sakxau nepal maie gara sakdainau nepal time maie xodi hal kta ho paisa na huney dubai ja contract ma tya beta Europe try gara.😢bro love your news always my wife always watch your content bro bewt wishes and best of luck to you bro,Thaha Research,Thaha_Research_Filtered,roman_nepali,nepali,67,1,substantive_keyword,europe
edaaead8198d,Ta pani janxas ek din bidesh..😂 .,Thaha Research,Thaha_Research_Filtered,roman_nepali,nepali,6,1,substantive_keyword,bidesh
5ba82558b458,Raksi ra masu ma bikni hami sabaii veda hou.😂 ..,Thaha Research,Thaha_Research_Filtered,roman_nepali,nepali,9,1,kept_default,
e6ddc1aaf179,Horrified by the stats.,Thaha Research,Thaha_Research_Filtered,latin,english,4,0,kept_default,
52f9d1be1c07,Sad news😢,Thaha Research,Thaha_Research_Filtered,latin,english,2,1,kept_default,
92549b60b8c1,मत साउदी मा छु फेरि नेपाल आएसी दुबै जाने सोचिरा छु😢,Thaha Research,Thaha_Research_Filtered,devanagari,nepali,11,1,kept_default,
468f694a86c5,Nepal sarkarle kirsima ramroo laghani gree vane. Rojgarr di raknu pardaina,Thaha Research,Thaha_Research_Filtered,latin,english,11,0,substantive_keyword,sarkar
689bbaa97a3f,"If your mother is sick you care for her, you don&#39;t leave her to die and settledown in your neighbour&#39;s house. This is exactly what Nepalese youths are doing",Thaha Research,Thaha_Research_Filtered,latin,english,31,0,kept_default,
9ef5d0b7bb64,"Among the Nepali YouTube commentators, I think you make the best videos. Factual and no nonsense and no conspiracy. Keep it up bro.",Thaha Research,Thaha_Research_Filtered,latin,english,23,0,kept_default,
8eab7db033d4,&quot;These 3 pm should be end to start the development of this country.&quot;,Thaha Research,Thaha_Research_Filtered,latin,english,13,0,kept_default,
5243e65f1555,Parsi ko flight xa aaja yo herdai xu😢,Thaha Research,Thaha_Research_Filtered,roman_nepali,nepali,8,1,kept_default,
bf28e9627c2e,Nepal be next Bangladesh team then something may changes,Thaha Research,Thaha_Research_Filtered,latin,english,9,0,substantive_keyword,desh
2c59ed4e3140,Nepal ma ta euta kam paunu pani neta ko jhole hunu parxa😢 ya ta 12 padeko pani kei valu nai hudaina bachlor ma pani 4 years barbad matai hunxa skilled manxey lai vanda pani neta ko aafanta lai nai thau hunxa teso vaye pachi last option bidesh nai ho,Thaha Research,Thaha_Research_Filtered,roman_nepali,nepali,49,1,substantive_keyword,bidesh
a59d14178665,"Ani dai tapai lai sarkar batw warning aako xa ki nai tw..? In depth story , Tanka Dhakal dai haru lai tw aayosake xa 😢",Thaha Research,Thaha_Research_Filtered,roman_nepali,nepali,23,1,substantive_keyword,sarkar
52390565d642,What do u think other country will take care of u. And What do u think they will give  opportunities in every work no they will only give  opportunities to those people or those work whom they need only other are normal salary. Suppose if they need doctors than there will be good opportunity and salary for specially doctors only not for everybody remaining others are just normal salary. Maybe u don&#39;t know that for example In Russia also they need army to fight for war so they will give special opportunities for army only by showing income and other facilities.,Thaha Research,Thaha_Research_Filtered,latin,english,102,0,substantive_keyword,russia
3d4eae7e1bcb,लौ! अब हामी देशमा नै भाको युवाले देश बनाउने हो तेसको लागि एक बनौँ। जय नेपाल,Thaha Research,Thaha_Research_Filtered,devanagari,nepali,16,0,substantive_keyword,देश
fcda5ec043f2,Hey Vagwan Sakesamma yo deshma basna napaiyoossssssaa🕉️🇺🇸🙂♥️🎓<br>USA nai Jane Ho permanently ✊🇺🇸🇺🇸🇺🇸🇺🇸🇺🇸,Thaha Research,Thaha_Research_Filtered,roman_nepali,nepali,12,17,substantive_keyword,usa
1da9608043f5,Why not to go abroad?<br>In Nepal for a receptionist position one need bachelor or master qualification and then the salary is Rs 25-35k avg whereas in abroad for the same receptionist position the salary is Rs 300k-350k.<br>Then who doesn&#39;t want to go abroad?,Thaha Research,Thaha_Research_Filtered,latin,english,48,0,substantive_keyword,abroad
8872b3d25033,Because youth want to chin tapak dam dam with kuireni,Thaha Research,Thaha_Research_Filtered,latin,english,10,0,kept_default,
b0388101f1d9,Kam napayara desh xadeyako haina hami aafai ley Garda afno desh xadna parako ho <br>Kanun banako xa kanun aanusar hidna chadenau ani Nepal lai bedesh jasto banauxu vandai hidxau sano sano Kura ley Garda desh xadna parxa Tyo Kura bujdaina  thula thula neta lai aagadi dekhayara kahani sunauxa,Thaha Research,Thaha_Research_Filtered,roman_nepali,nepali,48,0,substantive_keyword,usa
33577ed61a67,म केहि समय पछि देश फर्किदै छु ।,Thaha Research,Thaha_Research_Filtered,devanagari,nepali,8,0,substantive_keyword,देश
6d9ce8ee0784,Thumbnail copied from Indian Youtuber,Thaha Research,Thaha_Research_Filtered,latin,english,5,0,substantive_keyword,india
0a4b43d12e75,its a trend,Thaha Research,Thaha_Research_Filtered,latin,english,3,0,kept_default,
aeada6380f14,नेतालाई गालि गरौ समस्या समाधान हुन्छ ।<br><br><br>काम नगर्ने प्रवित्ति छ हजुर ।<br>सानोभन्दा सनो काम देखि ठुलो काम गर्न बिहारबाट बिहारि आउछ्न ।<br>तर नेपालि काम  नेतालाई गालि गर्‍यो बस्यो।,Thaha Research,Thaha_Research_Filtered,devanagari,nepali,32,0,substantive_keyword,नेता
2162b2b79d78,"Yo karar maa jaagir khuwane banda garnu parxa. Afnata parne , raajnitik ma hune ko maanxele job pauxa. Ani vacancy kam khulauxa lok sewa aayogle. 65 janako kotako lagi 7k-8k hunxn. Yo ni khaarej garnu parxa",Thaha Research,Thaha_Research_Filtered,roman_nepali,nepali,36,0,substantive_keyword,job
112d8aea89e2,Reasons:<br>1. Political instability <br>2.lack of opportunities<br>3. Lack of private job that offer salaries<br>4.lack of establishment of factories and industries.<br>5.low vacancy on government job<br>6.salary scale is very low<br>7.Karar maa aafanta haru 8.small scale industries ma invest garda market napaunu 😢😢<br>And this is greater nepal😂,Thaha Research,Thaha_Research_Filtered,latin,english,55,3,substantive_keyword,pr
67fb6f496713,because we lost our beloved king to these piece of shits.,Thaha Research,Thaha_Research_Filtered,latin,english,11,0,kept_default,
0cdccfdb14f3,Yo information ligerw ahile ka neta chor hari 60 age pani nadine tech use garla vanni dar 🙂,Thaha Research,Thaha_Research_Filtered,roman_nepali,nepali,17,1,substantive_keyword,neta
c7a50c218fd2,"मैले पछिल्लो समयमा धेरै जब खोज्ने प्रयास गरे, 4-5 ठाउँमा Interview दिए । तर पनि कुनैपनि ठाउँमा छनोट हुन सकिन ! <br>(कारण :- एक जना चाहिएको थियो तर आवेदन दिने 50 जना अनि अन्तरबार्ता दिने 20-25 जना हुनु!!!)",Thaha Research,Thaha_Research_Filtered,code_mixed,nepali_english,38,0,kept_default,
47edbf53fd47,Dam bro man ma nai lagyo,Thaha Research,Thaha_Research_Filtered,roman_nepali,nepali,6,0,kept_default,
474034ba2769,aba yesari sochauna sabai yuba bidesh gai halxan ani tespaxi remmitance aouni paisa le hami jasta neta ko pet palna vai halxa pet palna lai neta baneko ho paila pet palnu parla ani baki kura sochamla ni,Thaha Research,Thaha_Research_Filtered,roman_nepali,nepali,37,0,substantive_keyword,bidesh
b50c3ee545ed,I noticed Editing and sound effects is very improve on this video. And You always great.❤ Lots of love 💝,Thaha Research,Thaha_Research_Filtered,latin,english,19,2,substantive_keyword,pr
b1ede7fe6b4c,I am currently a 11th grade student . My teachers suggests us not to leave this country . But i fear what if i cant sustain myself in this country ? My country wont take care of me nor it will provide me with opportunities to do so .,Thaha Research,Thaha_Research_Filtered,latin,english,45,0,substantive_keyword,pr
bb7d06273b1d,Ma nepal aauxu voli japan bat<br>Runa man lagyo yo vdo herer,Thaha Research,Thaha_Research_Filtered,roman_nepali,nepali,12,0,substantive_keyword,japan
19411751fe75,Nepalese outgoing : Indians incoming !,Thaha Research,Thaha_Research_Filtered,latin,english,4,0,substantive_keyword,india
c1f37de607b8,J sukai hosh,Thaha Research,Thaha_Research_Filtered,latin,english,3,0,substantive_keyword,uk
8d2dd8732740,यस्तो विडियो हेर्न त्रि.वि र मन्त्रिहरुलाई हेर्न फुर्सद मिलोस्  ‌बहस हुनु पर्ने कुरा बहस् होस् बाँकी कुरा देश छाड्ने वालाको एक युवा म पनि हो।,Thaha Research,Thaha_Research_Filtered,devanagari,nepali,26,0,substantive_keyword,देश
e87c6f7d0e56,"Today is my ielts exam if I have to get a good score, I leave Nepal within a few months.. pray for me guys 🙏🏻",Thaha Research,Thaha_Research_Filtered,latin,english,24,2,substantive_keyword,pr
fd9595c8098b,Main root problem is democracy .. Nepal was not ready for democracy.. we need one supreme leader ..,Thaha Research,Thaha_Research_Filtered,latin,english,16,0,substantive_keyword,pr
ff802dbf0a69,Next video should be on resources to invest on  in nepal,Thaha Research,Thaha_Research_Filtered,latin,english,11,0,kept_default,
4d84e69f3d29,sahi kura ho last ma bidesh nai jane force nai huncha 😊,Thaha Research,Thaha_Research_Filtered,roman_nepali,nepali,11,1,substantive_keyword,bidesh
fd32149318d3,Mero euta matra concern or euta matra question...... Desh ko bare ma socheko xa ya fir kasailey socheko xa....??? Yeha euta duita matra kura hunxa rules and regulations change ani tailey yo garis mailey yo gari..... K chai garyoo tw?? Dosh prtyarop only.... Kahiley hainw hai development ko bare ma ni sodhnu prxa vanne xainw... So Mero Nepal Mero noi rahenw..... Lagxa ma yeha kamauxu tyeha.... Neta ramauxa ajhai pariwar sngaa baserw hami khadi ma gali tension extra hour kaam garerw bsne chai pariwar naveni marinxu ki vanne Daar maan ma full time Rahi rahanxa😢 godd job nepal😊,Thaha Research,Thaha_Research_Filtered,roman_nepali,nepali,98,2,substantive_keyword,pr
7b75026082e6,Ma pani 1 month vayo .. leaved our nepal ..,Thaha Research,Thaha_Research_Filtered,roman_nepali,nepali,8,0,kept_default,
6d90930d8e30,"Brah, tell something we all already don&#39;t know for decades now.. 28 minutes of boilerplate content.<br><br>There is no winning when the competition is the developed countries. Whatever Nepal does in the best of the best situations will not be enough. There will always be and may be many more that will still dream of abroad no matter what. What will remain of Nepal will be just old, the unluckies and the insane patriots that have made a full circle. It&#39;s our destiny and there is nothing wrong if u ask me. We&#39;ll make what we can make out of it.<br>For me, all Nepal needs to do is to not fuck up its natural environment to the point of no return in name of development like some countries in the world are doing. We&#39;ll be just fine.",Thaha Research,Thaha_Research_Filtered,latin,english,142,0,substantive_keyword,abroad
bc354c1055c7,Nepal ka Buda neta kukur haru ley garda hamro desh khatam vayoo,Thaha Research,Thaha_Research_Filtered,roman_nepali,nepali,12,0,substantive_keyword,uk
525fb3b9f3f5,Japan ma mero 15 year old japanese sathi kta le 6 months part time job garera 5 lakh ko computer setup kinyo <br>Ma 15 barsha ma nepal ma facebook ma love is fake wala post gardai thiye 🤧,Thaha Research,Thaha_Research_Filtered,roman_nepali,nepali,37,1,substantive_keyword,japan
067bead9a3d4,Ma bidesh jana dhilo gare jasto,Thaha Research,Thaha_Research_Filtered,roman_nepali,nepali,6,0,substantive_keyword,bidesh
764c6ea08a27,"Today fri, sep, 27 - 2024 <br>This my Last Comment from Nepal... <br>I&#39;m Labour worker... 🙏",Thaha Research,Thaha_Research_Filtered,latin,english,15,1,substantive_keyword,work
934f58931208,Aru saman bechne haame manxey bechne,Thaha Research,Thaha_Research_Filtered,latin,english,6,0,kept_default,
703f4930c247,Long turm planning ani mehinat tyo pani janata ma dhairyata lagansilta tyag derei kura sahera strong strong manxe jasle aaphu jastai talant lai sath ma rakhera kam suru hunxa ni ani matra pauxa desh ley pratifal tara k garnu ati bujhna bichara hami lai budo hunuparxa jimbewari ley ani samasya ley garda fursad hunna kasailai😭,Thaha Research,Thaha_Research_Filtered,roman_nepali,nepali,55,1,substantive_keyword,pr
9c385a0cefc6,The way he say his channel name THAHA in every sentence capitally😂😂,Thaha Research,Thaha_Research_Filtered,latin,english,12,2,kept_default,
8510a8f259f1,"Pahila nepal ma rajneeti niyukti banda garnu parcha , party ko jhole haru lai sabhai thau bata nikalnu parcha ani balla education ra experience ho hisab le niyukti garnu parch",Thaha Research,Thaha_Research_Filtered,roman_nepali,nepali,29,0,substantive_keyword,uk
42cc0af644a4,ma pani lagvag 9 barsa bidesh basera aaye yaha kam gareko 3 mahina vayo paisai didaina jhagada kati ko ko sanga xahi garnu,Thaha Research,Thaha_Research_Filtered,roman_nepali,nepali,23,0,substantive_keyword,bidesh
9102d55b39b1,"<a href=""https://www.youtube.com/watch?v=YRwlDwWEBew&amp;t=360"">06:00</a> Background music reminds me of aba ta ma farkinna hola song 🥲",Thaha Research,Thaha_Research_Filtered,roman_nepali,nepali,13,1,kept_default,
a52bea343fbd,sab chor neta harlai heraunu parne yo video.. thank you bro for the video,Thaha Research,Thaha_Research_Filtered,roman_nepali,nepali,14,0,substantive_keyword,neta
1d40503be798,K garnu +2 padhdaa samma Nepal mai kehi garxu garera dekhauxu vane katti aat thiyo .<br>Nepal KO ahile KO haalat herdai bidesh jaa jaa Matra vanxan.<br>Janata man xaina Tara k garnu  dinvari mori Mori kaam gardani  vane jasto salary nai paaudaina.<br>Aafnai business garam vane yo desh ma nata uwaa xa nata uwati <br>ma professional hairdresser ho  <br>Dashain Pani aaEsakyo <br>Almost sabbai salon haru thappa xa..pahilaako jasto maaholnai xaina..<br>Heram 1 year jati <br>Kasari vaAni Nepal basxu natra vane bidesh nai jaanxu..❤<br>Yo desh ma uwaa haruko value nai xaina..<br> Yo mero Matra samasya hoina sampuna sector koni haalat astai hudai xa ..<br>Saale neta harulai dhapaaunu parxa aba atti vaisakyo,Thaha Research,Thaha_Research_Filtered,roman_nepali,nepali,112,1,substantive_keyword,bidesh
39199289e837,sarai naramro lagchha...desh ma basna ta man chha ni k garnu ....basne khalko environment nai chhaina 😕,Thaha Research,Thaha_Research_Filtered,roman_nepali,nepali,17,1,substantive_keyword,basne
4857bab6bb4a,This is request to all viewers please like this channel. Yo vedio hamro marma ho estai vedio banaunu dai Keep it up ❤❤❤ Jai Nepal🙏🫡,Thaha Research,Thaha_Research_Filtered,roman_nepali,nepali,24,5,kept_default,
97a07885406c,Ahead to foreign 😢,Thaha Research,Thaha_Research_Filtered,latin,english,3,1,substantive_keyword,foreign
1132edfe310d,abba mero nee palo ayo bidesh janea . yo desh maa future nai xaina,Thaha Research,Thaha_Research_Filtered,roman_nepali,nepali,13,0,substantive_keyword,bidesh
94a515b6c28f,युवा जति पैसा कमाउन दाैडिने देशकाे विकृति विसंगति नहेेर्ने अनि कहाँबाट देश सुध्रिन्छ र युवाले देशमा अवसर पाउछन् जहाँ विग्रेकाे छ त्याहाँ सुधार्नु पर्याे अनि पाे युवा भन्न सुहाउँछ।,Thaha Research,Thaha_Research_Filtered,devanagari,nepali,29,0,substantive_keyword,देश
7ca4a0771098,I m that Nepali who came tried and failed so back to bidesh again 😢,Thaha Research,Thaha_Research_Filtered,latin,english,14,1,substantive_keyword,bidesh
b481c9758a20,आफ्नो गाउँ  घुमेपछि मनमा उब्जिएको प्रश्न ...??<br>अब कति समयमा देशलाइ <br>&#39;युवामुक्त देश&#39;<br>घोषणा गर्न सकिएला????🥺,Thaha Research,Thaha_Research_Filtered,devanagari,nepali,15,1,substantive_keyword,देश
e22816608086,मलाई स्वास्थ्यले अलि साथ न दिएर मात्रै हो नत्र म पनि यो देशमा कुनै हालतमा बस्ने नै थिइन । यो देश भने म जस्तो साधारण मान्छेको लागि हुदै होइन । यो देश त यी भ्रष्ट दलाल नेता तिनका आसेपासे झोले हनुमान र केहि ठुला व्यपारीहरुको लागी मात्रै हो ।,Thaha Research,Thaha_Research_Filtered,devanagari,nepali,49,0,substantive_keyword,देश
e6f514e720e5,Dai hajur KO address bhairahawa ho Hana<br>Dekhey dekhey jastai laayo,Thaha Research,Thaha_Research_Filtered,roman_nepali,nepali,11,0,kept_default,
cb7dc805877e,Main reason vanako yeta nepal maa politicians haru vanda ni comedians haru xan,Thaha Research,Thaha_Research_Filtered,latin,english,13,0,substantive_keyword,politician
13d3de59fd94,म पनि अब केहि समयमा देश छार्दै छु 😢😢😢,Thaha Research,Thaha_Research_Filtered,devanagari,nepali,8,3,substantive_keyword,देश
661bf1d42d46,Savai lai thaha xa to sav kura <br>Thaha nahuni vaneko tei kp oli prachande ra shere lai ho ra tin ka party ka jhole lai ho yo video kp oli lai tag garauna ..😢😢😢,Thaha Research,Thaha_Research_Filtered,roman_nepali,nepali,33,3,substantive_keyword,pr
59dd09e1de16,"Bro euta kura vanum, America, Australia ma aako yuwa haru 80 percent kunai kaam ko hudainan, tini haru ley katai pani kehi na payera yaha loan liyera sab sey thotro collz ma padhchhan. Ra I-phone dekhauna ra ghumna bahek aru kehi audaina tini haru lai, Guff thokchahn ani tehi Indian ko restaurant me gayera kaam garchhan. Nepal ko 80% yuwa karma garne type ko dekhina maile, bas guff pelne type ko matra lagyo.",Thaha Research,Thaha_Research_Filtered,roman_nepali,nepali,74,0,substantive_keyword,gaye
3631edb1182a,Police jawan ko behal xa Nepal ma police ko salary le aafno pariwar pani palnu sakdeina,Thaha Research,Thaha_Research_Filtered,roman_nepali,nepali,16,0,substantive_keyword,salary
7abe212eb7a1,Kp Oli sher Bahadur prachanda ko jhola boknu parxa desh bikash hunxa 😂,Thaha Research,Thaha_Research_Filtered,latin,english,12,1,substantive_keyword,pr
bce1c3fa9dcb,Nepal ma kaam xaina but moh nepal ma basira $400/$500  monthly earn garxu and im happy with that,Thaha Research,Thaha_Research_Filtered,latin,english,19,0,substantive_keyword,kaam
2bbf6e519cbd,chor neta lai desh bata lakhetnu parcha.,Thaha Research,Thaha_Research_Filtered,latin,english,7,0,substantive_keyword,desh
d790addb7811,Why do you think those ‘Netas’ care..😆. They want money for them not for us.,Thaha Research,Thaha_Research_Filtered,latin,english,15,1,substantive_keyword,neta
f97f51f08cb5,Jhole harule Nepal Desh sakyo,Thaha Research,Thaha_Research_Filtered,latin,english,5,0,substantive_keyword,desh
d665c53bf5b1,Januii parxa yo desh ma basnu hudaena  kina ki nepal ma basyo vaneh kangal vainxa,Thaha Research,Thaha_Research_Filtered,roman_nepali,nepali,15,0,substantive_keyword,janu
fcf8f29873e2,"Gr* show,  Brother .I n my opinion .  political stablity + . encourage foreing investment in NEpal  ie less dependancy of foreign land ..  which leads to refrain youngerster  moving abroad.   .. .  Thanks",Thaha Research,Thaha_Research_Filtered,latin,english,28,0,substantive_keyword,abroad
a2a6c1d74bda,Japan anime le garda gako ho 😂,Thaha Research,Thaha_Research_Filtered,roman_nepali,nepali,6,1,substantive_keyword,japan
54ff783c78e4,Hamile kehi Action Lina parne Din aai Sakeko Dekhinxa 😢,Thaha Research,Thaha_Research_Filtered,latin,english,9,1,kept_default,
bb73cd63b5ae,नेपालमा बजार नै छैन डाक्टर नर्स इन्जिनियर यही पढेर विदेशमा राम्रो जागीर खाएका छन् तर नेपालमा काम नै छैन काम पाए तलब छैन।,Thaha Research,Thaha_Research_Filtered,devanagari,nepali,23,0,substantive_keyword,देश
8b849cb6a2c4,malai euta sir le vannu vayeko kura yaad aauchha: &quot;yethartha ra adarsha ka kura beglai hunchha&quot; :),Thaha Research,Thaha_Research_Filtered,roman_nepali,nepali,16,0,kept_default,
723edd939fd0,Ma BHMstudent 4 years of working experience 5 star hotel ma chu Tara salary basic salary 18k age 29 paugi sakyea aarko barsa bidesh paugchu ma pani,Thaha Research,Thaha_Research_Filtered,roman_nepali,nepali,27,0,substantive_keyword,bidesh
058a4f7413a5,Yo sab bahunbaad ko karen ho hajur desh kangaal vayeko xa,Thaha Research,Thaha_Research_Filtered,roman_nepali,nepali,11,0,substantive_keyword,desh
eb3c6b431bcc,"Demographics bonus को बारेमा धेरै ठाउँमा छलफल गर्ने गर्छु तर दुर्भाग्य नीति निर्माण तहकालाई कुनै ज्ञान,योजना र नीति निर्माणमा ध्यान छैन। यो नै यो देशको दूर्भाग्य हो।",Thaha Research,Thaha_Research_Filtered,code_mixed,nepali_english,28,0,substantive_keyword,देश
21251442224f,Lots of love from UKC ( United Kingdom of Chitwan),Thaha Research,Thaha_Research_Filtered,latin,english,9,0,substantive_keyword,uk
83151713d247,साथी यो सबै भयाभह अवस्थाको समाधान के कसरी हुन्छ भन्ने बारे हामी नै युवाहरुले जमघट छलफल र एक्सन को योजना बनाउने प्लाटफम बनाऔं न 🙏🙏 प्लिज 😢,Thaha Research,Thaha_Research_Filtered,devanagari,nepali,25,3,kept_default,
8247374a0ca9,People posting thier ILLEGALLY crossing the boarder journey publicly on social media is more frightening and also pathetic. Afno jyan bhanda pyaro tiktok? 🤦🏻‍♀️ bharey tyo video haru ley afulai samsya nalyaos and yesari post garna ley aru pani jhan influence hudai cha jasto lagcha malai chai. Ramro sanga bichar garera matra yesto kadham uthaum hola.,The Nepali Comment,Illegal_Migration_Filtered,roman_nepali,nepali,55,3,kept_default,
75709eb5d63a,Stay in your own country and Build.,The Nepali Comment,Illegal_Migration_Filtered,latin,english,7,0,kept_default,
cd7145484ebb,Janta haru afai jagnu parxa rw aware hunu parxa ani matra problem solve hunxa navaya noksaan hamro nai ho🙏😊🙏🫡😊,The Nepali Comment,Illegal_Migration_Filtered,roman_nepali,nepali,19,5,substantive_keyword,pr
ff467a3de5bf,Eu nepali Ho bhanne daju Kaha hola Kasto hola bhanne Janna ko lagi ecchuk chu ma?? Do anybody know??,The Nepali Comment,Illegal_Migration_Filtered,roman_nepali,nepali,19,0,substantive_keyword,uk
73b6b3c28c46,यो सबैभन्दा खराबसोच?,The Nepali Comment,Illegal_Migration_Filtered,devanagari,nepali,3,0,kept_default,
8bbb398a3579,Portugal pugera video herdai chhu.<br>Kahani relatable chha,The Nepali Comment,Illegal_Migration_Filtered,roman_nepali,nepali,8,0,substantive_keyword,pugera
aea1dbbcf56d,I want to suggest to everyone work hard and live life simple in our country.,The Nepali Comment,Illegal_Migration_Filtered,latin,english,15,0,substantive_keyword,work
faace9932d5b,usa be like need more publicity 😅 come to nepal jai pashupatinath 🙏,The Nepali Comment,Illegal_Migration_Filtered,latin,english,11,2,substantive_keyword,usa
102c4fc47973,Its from nepal to USA right,The Nepali Comment,Illegal_Migration_Filtered,latin,english,6,0,substantive_keyword,usa
f5ab0d7956d6,It is called dunkey process . Hamro neighbourma vayeko yekjana ddko relative + husband pani yei dunki  process bata USma pugeko xa . I ve heard that india ko certain places  ma ta  dunky process duwara US purauna budget anusarko pacakage hunxare,The Nepali Comment,Illegal_Migration_Filtered,roman_nepali,nepali,39,0,substantive_keyword,pr
17f76f1d73bc,"We have a WhatsApp group for immigrants and refugees in Americas<a href=""https://chat.whatsapp.com/JDsxOFzdT9zArO9vDZnxiz"">https://chat.whatsapp.com/JDsxOFzdT9zArO9vDZnxiz</a>",The Nepali Comment,Illegal_Migration_Filtered,latin,english,11,0,substantive_keyword,immigrant
3095f9e315a7,"Shah Rukh khan made a movie based on this issue called <a href=""http://www.youtube.com/results?search_query=%23dunki"">#Dunki</a> which will release on 21st Dec 2023 (11 days more to release)",The Nepali Comment,Illegal_Migration_Filtered,latin,english,23,0,substantive_keyword,uk
cb11291e98f5,You are right bro,The Nepali Comment,Illegal_Migration_Filtered,latin,english,4,0,kept_default,
c96f5ae5efc8,This is a serious topic which should be noticed by Nepal government and implement strict rules against those agents,The Nepali Comment,Illegal_Migration_Filtered,latin,english,19,0,substantive_keyword,government
65894d4a228b,"As knowing The world is everyone&#39;s home, and it should be easy for everyone to visit any country.",The Nepali Comment,Illegal_Migration_Filtered,latin,english,19,0,kept_default,
05acc3af510d,Sir ko kura thik ho tarw kina j jasto vayeni ki pariwar kai lai yo risk ni sano lagcha ra bhabisay sabreyre la vanney huncha,The Nepali Comment,Illegal_Migration_Filtered,roman_nepali,nepali,25,0,kept_default,
fc1caa29b475,Good job  awarēness failaunu ramro ho,The Nepali Comment,Illegal_Migration_Filtered,roman_nepali,nepali,6,0,substantive_keyword,job
500c64303769,Build your own country,The Nepali Comment,Illegal_Migration_Filtered,latin,english,4,0,kept_default,
2a066083850d,"If there was a functional  Nepali government  and intelligentsia, this documentary  would win the 1st prize in a competition!",The Nepali Comment,Illegal_Migration_Filtered,latin,english,19,0,substantive_keyword,pr
09b15258e079,Panama jungle dengerious,The Nepali Comment,Illegal_Migration_Filtered,latin,english,3,0,kept_default,
5473bc6f5b11,"Ke jaanu paryyo ho , aaffeii garr , aaffnu thaawma garr",The Nepali Comment,Illegal_Migration_Filtered,roman_nepali,nepali,9,0,kept_default,
1df27ead3b4f,Hoina usa illegal tetro tirera jaanu chaae kina achamma 6 yrr😡😡😡,The Nepali Comment,Illegal_Migration_Filtered,roman_nepali,nepali,11,3,substantive_keyword,usa
4d975d1b71cf,"Its in nepali 😢 i cnt understand it , i am indian . Ps Jai shree ram",The Nepali Comment,Illegal_Migration_Filtered,latin,english,14,1,substantive_keyword,india
c20650ed17d7,Authenticity of your data???,The Nepali Comment,Illegal_Migration_Filtered,latin,english,4,0,kept_default,
4da7dc876d75,Portugal ko alik research  pugena,The Nepali Comment,Illegal_Migration_Filtered,latin,english,5,0,substantive_keyword,portugal
355e38c38c42,Sab pagal huun yetro paisa kharcha garera jada t . Jindagi nai gumauna parne 🙏 .,The Nepali Comment,Illegal_Migration_Filtered,roman_nepali,nepali,13,1,substantive_keyword,paisa
5eaa848cdec2,K garnu mache ko jiwan ta ho dukha ra vok ley k k garauca,The Nepali Comment,Illegal_Migration_Filtered,roman_nepali,nepali,14,0,substantive_keyword,uk
482d9e03917e,"i am living  in portugal since 2015 ,i know how people came .i met a guy who came from Qatar walking here ,bro thats crazy.",The Nepali Comment,Illegal_Migration_Filtered,latin,english,25,0,substantive_keyword,qatar
66f5e99c3b52,"😮😮😮😮😮😮😮 <a href=""https://www.youtube.com/watch?v=0jcF4qkDR44&amp;t=177"">2:57</a> <a href=""https://www.youtube.com/watch?v=0jcF4qkDR44&amp;t=178"">2:58</a> <a href=""https://www.youtube.com/watch?v=0jcF4qkDR44&amp;t=178"">2:58</a> <a href=""https://www.youtube.com/watch?v=0jcF4qkDR44&amp;t=178"">2:58</a>",The Nepali Comment,Illegal_Migration_Filtered,other,other,8,7,kept_default,
7137ee53c9d3,Bhai agent biswasilo paryo vane asari Hindera janu pardaina kunai kunai agent le scam gareko hunale alpatra pardiyeka hunxan ra asari januparxa mero najiko ko nadedar asari gayeko thiyo tara jungle jungle container ma janu parena by bus nai boarder par gareko gayeka thiye Aile us ma xan lagvak 5 years vayo ma vanxu batho manche hattakaatta manche le matra asari yo route gaye ramro,The Nepali Comment,Illegal_Migration_Filtered,roman_nepali,nepali,65,0,substantive_keyword,janu
3edee3ed231f,"<a href=""https://www.youtube.com/watch?v=0jcF4qkDR44&amp;t=498"">8:18</a> this guy knows about Bhutanese refugees scams six months ago and there is nepal police who just barely start catching criminals.",The Nepali Comment,Illegal_Migration_Filtered,latin,english,23,0,kept_default,
da4a0d59a59f,Yo sab garaune vanya nepal ka chor neta haru ho,The Nepali Comment,Illegal_Migration_Filtered,roman_nepali,nepali,10,0,substantive_keyword,neta
7615098f5943,"My uncle is on the way to US, the same way you mentioned. It&#39;s been 2 months already",The Nepali Comment,Illegal_Migration_Filtered,latin,english,19,0,kept_default,
3f5c3bcf5978,Copy right awudaina dai aqru ko clip use grda,The Nepali Comment,Illegal_Migration_Filtered,roman_nepali,nepali,9,0,kept_default,
0633425887d3,information vedio,The Nepali Comment,Illegal_Migration_Filtered,latin,english,2,0,kept_default,
837bd0e53fc2,Bro portugal ma yeti bijok cha ki 1 barsa dekhi kaam na gari basna parya cha . Manche haru homeless vako chan,The Nepali Comment,Illegal_Migration_Filtered,roman_nepali,nepali,21,0,substantive_keyword,kaam
4e4bc74c076b,"Nepal to USA<br>Detained and deported full story😢<br><br><a href=""https://www.youtube.com/watch?v=KBa87QNJ8VI"">https://youtu.be/KBa87QNJ8VI?si=LlEU0ywPEWwuwpqY</a>",The Nepali Comment,Illegal_Migration_Filtered,latin,english,8,1,substantive_keyword,usa
0b082f11343c,Was thinking of this some days ago and u did it like u read minds kudos,The Nepali Comment,Illegal_Migration_Filtered,latin,english,16,0,kept_default,
640ec26b501a,"<a href=""https://www.youtube.com/watch?v=0jcF4qkDR44&amp;t=451"">7:31</a> (the cross sign) glitch in the matrix?",The Nepali Comment,Illegal_Migration_Filtered,latin,english,9,0,kept_default,
668fec512a72,Croatia 🇭🇷 is good,The Nepali Comment,Illegal_Migration_Filtered,latin,english,3,2,substantive_keyword,croatia
ab69b156994e,finally found nepali reporter as indian dhruv rathe❤❤ love it,The Nepali Comment,Illegal_Migration_Filtered,latin,english,10,2,substantive_keyword,india
9738d3e71647,यत्राे मेहेनत youtube मा गर्ने हो भने famous YouTuber भएर पछि घुम्न संसार भर भिसा लाग्छ अरु युद्ध भएको देश र भोकमरी लागेको देशको मान्छेकाे लागी त ठिकै हो यसरी जान तर हाम्रो देशमा त अहिले ज्यानको बाजी लगाएर जानु पर्ने गरी खानै नपाउने अवस्था त आएको छैन त हो।,The Nepali Comment,Illegal_Migration_Filtered,code_mixed,nepali_english,50,0,substantive_keyword,देश
a4156dd8dd5d,ees<br>This is too much. When i heard about this and watched related documentries i was literally shocked.,The Nepali Comment,Illegal_Migration_Filtered,latin,english,18,0,kept_default,
24452f76a81a,that&#39;s why teacher says read properly madarchod,The Nepali Comment,Illegal_Migration_Filtered,latin,english,8,0,substantive_keyword,pr
03c35fd66070,Thukka mg nepal ko halt,The Nepali Comment,Illegal_Migration_Filtered,latin,english,5,0,substantive_keyword,uk
1aca6a998b5d,True brother i reached malta leagl but when i tried to go portugal from malta i got cought by malta immigration and depoted to Nepal😢😢😢😢,The Nepali Comment,Illegal_Migration_Filtered,latin,english,25,4,substantive_keyword,malta
1aeb1bd5393e,What are the reasons for this kind of situation??,The Nepali Comment,Illegal_Migration_Filtered,latin,english,9,0,kept_default,
264d47ce6a4d,Only channel who explains every detail abt a issue thoroughly without any biased analysis 🫡🫡🫡,The Nepali Comment,Illegal_Migration_Filtered,latin,english,14,3,kept_default,
8b9b3fa4b827,यत्रो नेपाली बर्षेनी बाहिरीएर पनि जनसंख्या बढ्ने रोजगार नपाउने समस्याहरू भै राखेकै छ । कतै यसको कारण गैरकानुनि रूपमा नागरिकता वितरण त होईन?,The Nepali Comment,Illegal_Migration_Filtered,devanagari,nepali,23,0,substantive_keyword,रोजगार
273a1f449205,Nepal ko situation testai cha,The Nepali Comment,Illegal_Migration_Filtered,roman_nepali,nepali,5,0,kept_default,
ce28bb62a754,कठै मेरो देश। Bhakkhar Aafno jiwan k ho bhanne bujhne umer huda dekhi nai Bidesh nai ho euta last option bhanera hamlai sikaincha... Hamro desh ko haalat yesto ghinlaagdo banaunu maa sarkar ra Nepali janta ko nai haat cha🫤 People would risk their life to leave this country rather than working their life out for the country... it&#39;s all because working for this country isn&#39;t worth it. Kaam garne manchey ko khutta taannna ta sarkar ni pachi na hatne desh maa gari khanchu bhanera kei kaam chaina,The Nepali Comment,Illegal_Migration_Filtered,code_mixed,nepali_english,89,1,substantive_keyword,bidesh
95c4e41dff1e,Shree Ram was born in Nepal🇳🇵,The Nepali Comment,Illegal_Migration_Filtered,latin,english,6,2,kept_default,
e942b9aa1f9e,great job bro <br>keep it up,The Nepali Comment,Illegal_Migration_Filtered,latin,english,6,0,substantive_keyword,job
bab74dd3f412,Eti dherai paisa ani risk liyera arko desh ma jaanu bhanda aafnai desh maa kei garne risk linuna business garnus . Ani tyasmaa xai safal hune chance ek damai high xa arka ko desh ma marna jaanu wa deport huna jaanu bhanda .<br><br>Pls yasari illegally arko deshmaa jaanu bhanda afnai desh ma basnus baru noon snga roti khayera bhaye pani aafno family snga ta basnu sanknu hunexa,The Nepali Comment,Illegal_Migration_Filtered,roman_nepali,nepali,66,0,substantive_keyword,family
30db891b6f5b,"Muji haru Lai janu parya xata Europe ani america, estai hunu prxa ramro vayo.",The Nepali Comment,Illegal_Migration_Filtered,roman_nepali,nepali,14,0,substantive_keyword,europe
1ff24ac09d1d,Ser aba k usa iligal  aru des ko manxe aaunu paudaenn r vedeo banaunn,The Nepali Comment,Illegal_Migration_Filtered,latin,english,14,0,substantive_keyword,usa
12f75d331a66,good job...keep it up,The Nepali Comment,Illegal_Migration_Filtered,latin,english,5,0,substantive_keyword,job
57781d661586,You re doin nice job keep doing,The Nepali Comment,Illegal_Migration_Filtered,latin,english,7,0,substantive_keyword,job
762bfeaebb16,A year ago I watched the documentary of Adam Yamaguchi . It just shook me. It is so terrifying,The Nepali Comment,Illegal_Migration_Filtered,latin,english,18,0,kept_default,
2e4c8c343aaf,"@thenepalicomment please make a vedio about worst place in USA (Most developed country of world) compare to nepal. How their own country is negaleting their own people and working/ helping other countries as USAID and other INGOs etc. Why they are doing so ? please make it clear all about this !<a href=""https://www.youtube.com/watch?v=lf_IaLAXQCA"">https://youtu.be/lf_IaLAXQCA</a>",The Nepali Comment,Illegal_Migration_Filtered,latin,english,49,0,substantive_keyword,usa
974279dc8ea8,Bhutanese refugee are all almost US citizen now.,The Nepali Comment,Illegal_Migration_Filtered,latin,english,8,0,kept_default,
d61409736b15,Heart wrenching 😢,The Nepali Comment,Illegal_Migration_Filtered,latin,english,2,1,kept_default,
e13f3136f263,"Hamro Nepal ma yo vram cha ki, Nepal bahek aru desh(especially western countries)ma paisa khan-khani payincha! - Yo jhoot khabar, lack of good education le Nepali youth ko mind bigareerako cha: USA, UK, FRANCE, SPAIN, etc ma kasto SLUM, GARIBI, DISCRIMINATION, RACISM kasto daar lagdo cha vanne thaha chaina,.......aahile ko yug ma haat-haat ma mobile cha, Internet cha, afai research garnuhos, aru ko social media ma ramro photo daekera jealous vayera afno Swarga jasto desh chodera, afno matra navai, purai aaune naya NEPALI GENERATION KOI future lai harm nahos...JAI NEPAL! 🇳🇵",The Nepali Comment,Illegal_Migration_Filtered,roman_nepali,nepali,95,2,substantive_keyword,france
6d494e573be5,Donkey process is foolishness......dont waste your money and life.....live in Nepal and develope Nepal ✌,The Nepali Comment,Illegal_Migration_Filtered,latin,english,16,1,substantive_keyword,pr
f9c5a7e40e28,Wow thanks of hidden info now we friends will try ....this hidden journey...n inform u when we will reach🙏🙏,The Nepali Comment,Illegal_Migration_Filtered,latin,english,20,2,kept_default,
3fbe851d7480,"I wouldn&#39;t suggest anyone to travel illegally. Nepal might be economically poor but testo asylum seek garnu parne chai situation chaina la! Think about your own life, think about your families but tbh  most importantly, Nepal KO bejat chai nagara. I don&#39;t want to see Nepal in blacklist of other countries.😤♥️",The Nepali Comment,Illegal_Migration_Filtered,roman_nepali,nepali,53,2,kept_default,
abe9f32d586c,I am on the way brother,The Nepali Comment,Illegal_Migration_Filtered,latin,english,6,0,kept_default,
64e2e2d3f0f7,"Sunda daar lagdo, risky cha tarah afno better livelihood ko lagi yo risk easyily comepete garinxa jasto himmat aauxa ❤️",The Nepali Comment,Illegal_Migration_Filtered,roman_nepali,nepali,19,1,kept_default,
98e65d01fb87,मन छोयो भाई तपाईको भिडीयोले,The Nepali Comment,Illegal_Migration_Filtered,devanagari,nepali,5,0,kept_default,
ff84dbc55d9f,NRNA ko former president Kumar Panta ko story pani interesting cha… one of his relatives told me😅😂,The Nepali Comment,Illegal_Migration_Filtered,roman_nepali,nepali,17,2,substantive_keyword,pr
c03712360f1c,"I don’t want to be bias but must say that some Nepalese are like a flock of sheep. If they see one person succeeding doing something then they follow same path without acknowledging the hurdles. So, similarly if they see or know one person that crossed border and reached to USA or some other country they follow the same route without a a second thought. I’m in New York and I know maybe 50-60 people who followed the same path and have entered USA and earning ok . But it doesn’t mean that it will be the same for everyone. I feel really terrified hearing people getting sick on the way, getting rapped and what not. I don’t know what else to say 😢😢",The Nepali Comment,Illegal_Migration_Filtered,latin,english,127,2,substantive_keyword,usa
df371cb89706,USA ma ta guarantee nai hunxa jasto lagyo dukha pako suneko chaina kaile ni baru Portugal chai hola,The Nepali Comment,Illegal_Migration_Filtered,roman_nepali,nepali,18,0,substantive_keyword,uk
268a1e9d0f98,"Sabai yo desh ko politician le garda ho..etro dukha garera, aafno jyan ko baaji rakhera tyo garnu vhanda baru Nepal ma aafno desh ma aandolan garnu ra yo buda bhrasta neta lai hataau..kasari huncha voting ko bela farka..ya thulo aandolan aba garna jaruri cha.",The Nepali Comment,Illegal_Migration_Filtered,roman_nepali,nepali,47,0,substantive_keyword,bhrasta
2ed4c346f31b,Grand salute bro u deserve huge appreciation,The Nepali Comment,Illegal_Migration_Filtered,latin,english,7,0,substantive_keyword,pr
f193b9241650,Yeti dukha kasta garnu vanda tw nepal mai dukha struggle garnuhos ra thorai dherai paisa kamaunu hos. J jati x afu snga tehimai khusi huna siknuhos jati sapana safalta hasil garey ni jhan jhan rahar ra chahana baddai janx lop ley lap lap ley bilap vaney jhai ..marera jada k nai lana payinx ra..😭,The Nepali Comment,Illegal_Migration_Filtered,roman_nepali,nepali,54,1,substantive_keyword,uk
92d2b7a9964e,Man i like your videos.,The Nepali Comment,Illegal_Migration_Filtered,latin,english,5,0,kept_default,
d83b7132a377,Dhruv Rathee ko yad aayo<br>yestai new topic ma ajhai sunna paiyos daju,The Nepali Comment,Illegal_Migration_Filtered,latin,english,13,0,kept_default,
456b2714790a,Des bigraue vany ra yesari jadai Garda zhan des ko bary ma soch nay bedesi ko soch ra nepali passport valueless hudai ga xa 😢,The Nepali Comment,Illegal_Migration_Filtered,roman_nepali,nepali,24,1,substantive_keyword,passport
fe06adf0bc33,Des ko rajniti ramro xyna k garnu badhyata xa sun ko,The Nepali Comment,Illegal_Migration_Filtered,roman_nepali,nepali,11,0,substantive_keyword,rajniti
4d74bf8e7fa2,Very well explained,The Nepali Comment,Illegal_Migration_Filtered,latin,english,3,0,kept_default,
ace00306a49c,Bro I like your content man. Can we collaborate?,The Nepali Comment,Illegal_Migration_Filtered,latin,english,9,0,kept_default,
b848000d3bc0,Now about A division league  club their  owner and  earnings 🤔❣️🎈,The Nepali Comment,Illegal_Migration_Filtered,latin,english,10,3,kept_default,
a5c0c3be097e,Missing our king,The Nepali Comment,Illegal_Migration_Filtered,latin,english,3,0,kept_default,
fb74bcaa977b,"संसार सबैको साझा घर रे तर त्यै अमेरिका जान पनि पासपोर्ट, भिसा चाइने रे कस्तो नियम के!!! 😐😐",The Nepali Comment,Illegal_Migration_Filtered,devanagari,nepali,17,2,substantive_keyword,घर
43a499f9fccd,Adios guys I&#39;m off to us now 😔😔,The Nepali Comment,Illegal_Migration_Filtered,latin,english,8,2,kept_default,
111662a9cd19,If you come into the US illegally you are a criminal and an enemy to the state. You are like a member of an enemy army infiltrating a country. You will be making the world a WORSE place.,The Nepali Comment,Illegal_Migration_Filtered,latin,english,38,0,kept_default,
b3d80a026026,It is really sad to see this scenario of our people,The Nepali Comment,Illegal_Migration_Filtered,latin,english,11,0,kept_default,
c1755c392024,How the hell its illegal to go from one place to another? Our earth is not the personal property. Its the common home of every living creatures. So its right of every living creatures to go from one place to another.,The Nepali Comment,Illegal_Migration_Filtered,latin,english,41,0,substantive_keyword,pr
1f1da17d4377,"i was the 12,000th like! keep up the good work dipesh!❤",The Nepali Comment,Illegal_Migration_Filtered,latin,english,12,1,substantive_keyword,work
017ab4d801d6,What&#39;s the main reason for Going abroad in that way?I have been to UK  I didn&#39;t see any extra ordinary things over there.Please do not waste your life in that way.,The Nepali Comment,Illegal_Migration_Filtered,latin,english,35,0,substantive_keyword,abroad
30e1c608f5dd,Gretar nepal🇳🇵🇳🇵🇳🇵,The Nepali Comment,Illegal_Migration_Filtered,latin,english,2,6,kept_default,
e5bf9f927792,Desh gatilo vako vaye... Kina janma thailo chodnu parthyo ra!!,The Nepali Comment,Illegal_Migration_Filtered,roman_nepali,nepali,10,0,substantive_keyword,desh
50f684896202,"Hamro desh ko halat ramro vako vaya yesto hudaina thiyo, desh bechi sako neta haru la",The Nepali Comment,Illegal_Migration_Filtered,roman_nepali,nepali,16,0,substantive_keyword,desh
2890648105da,But now Croatia is also schengen,The Nepali Comment,Illegal_Migration_Filtered,latin,english,6,0,substantive_keyword,croatia
8defc14a2ef4,Came to chat man! In insta,The Nepali Comment,Illegal_Migration_Filtered,latin,english,6,0,kept_default,
7f80bc647c2a,You explain as like swagaat gyawali 😅❤️👏👏,The Nepali Comment,Illegal_Migration_Filtered,latin,english,6,4,kept_default,
134f19a7b93f,Kehi dikkat huna,The Nepali Comment,Illegal_Migration_Filtered,latin,english,3,0,kept_default,
f5a3fdbe7353,"I felt the title used in this video really a poor choice of words. &quot;How to reach, illegally and risking your life &quot; are you trying to give a tutorial?",The Nepali Comment,Illegal_Migration_Filtered,latin,english,29,0,kept_default,
0f782d34cb1a,People who choose that way get killed by Mexican drug cartels like los Zetas &amp; Sinaloa cartels ..Women get fucked so bad &amp; trafficked in this route not even US or any Europe countries Let them now in any of rehabilitation centres for immigrants...It&#39;s better to go gulf than US this ways...,The Nepali Comment,Illegal_Migration_Filtered,latin,english,52,0,substantive_keyword,europe
72af6dd2cafd,America ma xiresi pugyo. You will easily get a job bina documents,The Nepali Comment,Illegal_Migration_Filtered,latin,english,12,0,substantive_keyword,job
cfa1202a0878,Go to portugal or malta. Get a TR. then visitmexico and jump the trump wall,The Nepali Comment,Illegal_Migration_Filtered,latin,english,15,0,substantive_keyword,malta
36c2fdb5658a,Your hardwork deserve more subscriber bro..all the best,The Nepali Comment,Illegal_Migration_Filtered,latin,english,9,0,substantive_keyword,work
2fa3db65f1cc,One of my close friend went to USA through same route. He said the actual things you just said.,The Nepali Comment,Illegal_Migration_Filtered,latin,english,19,0,substantive_keyword,usa
7a60044c798d,Rahar le gako ho bro tya <br>Bhadyata t khadi ho,The Nepali Comment,Illegal_Migration_Filtered,roman_nepali,nepali,10,0,kept_default,
836cf2ce99d8,Yo yatra ma 100% loss nai cha .,The Nepali Comment,Illegal_Migration_Filtered,roman_nepali,nepali,7,0,kept_default,
4a02ff0af13b,"<a href=""UCkszU2WH9gy1mb0dV-11UJg/JAJ1XpGpJYnW8wTupZu4Cw""></a>salute for ur hard work brotheer",The Nepali Comment,Illegal_Migration_Filtered,latin,english,6,0,substantive_keyword,work
db55ef8d5b18,Yeti mehenat Nepal Mai garya kei hunthyo ki,The Nepali Comment,Illegal_Migration_Filtered,latin,english,8,0,kept_default,
7d40a6606ab3,Got goosebumps. Hats off to your research. Keep growing…,The Nepali Comment,Illegal_Migration_Filtered,latin,english,9,0,kept_default,
dfd523ff5b48,Title inappropriate vaexa  subject matter vane dherai informational xa😊😊😊,The Nepali Comment,Illegal_Migration_Filtered,roman_nepali,nepali,9,3,substantive_keyword,pr
35571b092c6b,"Hello Bro, Not related to this topic, could you also do a video on why Yatri ko bikes are not getting license? I dont understand what is the issue in this. <br>Ki ta company nai na khulna dinu parne thyo, ahile aayera, tetro bike bechna dine, tara license plate number lina lai kei process nai  chaina.<br>K ho k ho,",The Nepali Comment,Illegal_Migration_Filtered,roman_nepali,nepali,60,0,substantive_keyword,pr
2bbd18b3d287,aafno desh jasto sorga khii xaenw aafnai desh ma kam garum gare j pani hunxa,The Nepali Comment,Illegal_Migration_Filtered,roman_nepali,nepali,15,0,substantive_keyword,desh
5b77ef21716d,99% of you do not qualify.. in fact once they have you- they will get your info- pic- finger prints and Deport you immediately...WITHOUT EXCEPTION. You won&#39;t be able to read apply for another 10 years- if you are caught here illegally- it could include JAIL TIME.,The Nepali Comment,Illegal_Migration_Filtered,latin,english,49,0,substantive_keyword,pr
258470d73de9,why would you expose yourself on social media,The Nepali Comment,Illegal_Migration_Filtered,latin,english,8,0,kept_default,
b4bdc7760be4,Much needed info,The Nepali Comment,Illegal_Migration_Filtered,latin,english,3,0,kept_default,
e83ffdd5038d,My Friends also have gone to USA like this,The Nepali Comment,Illegal_Migration_Filtered,latin,english,9,0,substantive_keyword,usa
125795c40588,Thank god there are some channels who raise the issues that no body talks about <br>Jay Nepal,The Nepali Comment,Illegal_Migration_Filtered,latin,english,17,0,kept_default,
7b1f5c876b2e,Bro make a video related dhikuri/dhikuti...how it started... it&#39;s illegal and yet its run by many nepali people...,The Nepali Comment,Illegal_Migration_Filtered,latin,english,21,0,kept_default,
3fa246268075,"Ramro content brother!, Yesari USA naajanuhos. It’s not worth it. Do research.",The Nepali Comment,Illegal_Migration_Filtered,roman_nepali,nepali,13,0,substantive_keyword,janu
6c302a7bfcb6,The person who are willing to pay upto the north of 50 lakh despite knowing danger ahead and if gets return or death don&#39;t gets my sympathy...  For That much amount you can start a business with careful planning and can settle for life in their own country,The Nepali Comment,Illegal_Migration_Filtered,latin,english,49,0,kept_default,
f8d6ea8a865b,"Wow how beautifully you presented this issue 💖<br>You didn&#39;t even ask for Like,  comment,  share blahh blahh, <br>Truly appreciable 🍀🍀",The Nepali Comment,Illegal_Migration_Filtered,latin,english,20,3,substantive_keyword,pr
fefd058f37bb,Im happy in dubai,The Nepali Comment,Illegal_Migration_Filtered,latin,english,4,0,substantive_keyword,dubai
ae1e6869b181,Kina vanne Kura ta clear xa ni Nepal ma vabisy andhakaar ma xa dhukka xa ani subidha thorai xa.,The Nepali Comment,Illegal_Migration_Filtered,roman_nepali,nepali,19,0,substantive_keyword,uk
1770a1d97e25,यथार्थ यै हो जुन भिडिओ ले देखाउछ europ को सपनामा turkey देखि illigal जानेमा क्यै ले ज्यान गुमाय कयौ महिला बलात्कार भय कति अपरण मा परे अनि फिरती रकम लाखौ गुमाय पिडा सारो छ यो यात्रा कठिन छ तसर्थ जानु भाँडा पहिला प्रलोभन मा नाफस्नु होला राम्ररी सोच्नुहोला 🙏🙏,The Nepali Comment,Illegal_Migration_Filtered,code_mixed,nepali_english,48,2,kept_default,
4ab3639f23c3,Rather than giving 40-50 lakhs to agents to travel illegally it is easier to study engineering or nursing and migrate to australia.,The Nepali Comment,Illegal_Migration_Filtered,latin,english,23,0,substantive_keyword,migrate
75d2b0a49177,Kudos to you Dipesh Ji! Thank you for letting us know the truth. Your videos are to the point and makes sense as what might have happened. Its an eye opener for many of us Nepalese. Looking forward to learn more from your videos.,The Nepali Comment,Illegal_Migration_Filtered,latin,english,44,0,kept_default,
e4a8164a97fb,Like the way you share the whole information about it !!!!,The Nepali Comment,Illegal_Migration_Filtered,latin,english,10,0,kept_default,
b75655733687,very sad 😢,The Nepali Comment,Illegal_Migration_Filtered,latin,english,2,1,kept_default,
593d79bed78f,"Dipesh Brother, you&#39;re doing really a great task, please don&#39;t fred up and continue further. I am sure that your hardwork is going to pay off really well and will contribute in revealing the &#39;secret&#39; dark-facts that rare people knows.. And also congrats for 90K+ subs, good luck for 100K very soon :)",The Nepali Comment,Illegal_Migration_Filtered,latin,english,55,0,substantive_keyword,work
df24bcfc34be,After hearing this I think this video will saved many life of our nepali people&#39;s who wants to migrate in future for better way of living life but there is no guarantee they will reach or not to the place so this video will help them to change their mind so don&#39;t do any risky thing&#39;s with your life,The Nepali Comment,Illegal_Migration_Filtered,latin,english,62,0,substantive_keyword,future
691084794d50,"all credit goes to a#<a href=""http://www.youtube.com/results?search_query=%23hole"">#hole</a> plliticians and beurocrats",The Nepali Comment,Illegal_Migration_Filtered,latin,english,8,0,kept_default,
f69e059798c2,"Hamro Neta harule garda aaja hami Nepali ko yesto halat vako xa. <br><a href=""http://www.youtube.com/results?search_query=%23nonotagain"">#NoNotAgain</a>",The Nepali Comment,Illegal_Migration_Filtered,roman_nepali,nepali,12,0,substantive_keyword,neta
16305197a95e,what if there&#39;s a movie on this journey? 🙂,The Nepali Comment,Illegal_Migration_Filtered,latin,english,9,1,kept_default,
87a137892ed7,Desh Hunu Paryo Nii Ramro Ghar Family palna Laghi Tw risk uthaunu Paryo Tw Tmy Jasto chair ma Basey Rw bhuknu Tw bhayana Nii Aani America Jasto Powerful Country Jana risky Tw Bhaihalxa Nii risk na Leunay Bhya Tw India Gaya Bhyo Tw.   Chair Ma Basey Rw Dherrai nabhukha Bro family lie palna Laghi Rw Aauney generation Aafno Ramro Thau ma Bitos Teni Haru ko life Bhaney Rw Hoo risk leya Rw illegally Janey Tmy Jasto chair ma Basey Rw bhuknu Bhanda Tehi risk leya Rw illegally Janey Thik Xa,The Nepali Comment,Illegal_Migration_Filtered,roman_nepali,nepali,90,0,substantive_keyword,family
815b2b4aabe6,Illegal stuffs lai promo grnu hunna hai,The Nepali Comment,Illegal_Migration_Filtered,roman_nepali,nepali,7,0,substantive_keyword,pr
e01c521d467c,Katti xan xan,The Nepali Comment,Illegal_Migration_Filtered,latin,english,3,0,kept_default,
43809b004ef3,Truth is hard 😢 please don’t travel illegally ❤,The Nepali Comment,Illegal_Migration_Filtered,latin,english,8,2,kept_default,
fbf87d67aee3,great job The Nepali comment and Dipesh... Hats Off.,The Nepali Comment,Illegal_Migration_Filtered,latin,english,9,0,substantive_keyword,job
35059f9d6db5,dai i just respect your intelligence and your commitment on research!<br>i want to spend 15 minutes on a table talk while i come back to Nepal!<br>i will try my best to make it possible!Hats off!Keep up the good work and!<br>Best Regards<br>Your biggest follower,The Nepali Comment,Illegal_Migration_Filtered,roman_nepali,nepali,49,0,substantive_keyword,work
23a8d0dd32aa,One of my moms relative now lives in USA. He did this and now he is working in a restaurant.,The Nepali Comment,Illegal_Migration_Filtered,latin,english,20,0,substantive_keyword,usa
85db17ae92ab,"Except under some circumstances, Illegally traveling is a choice for people like Nepalese and whatever happens to them , they deserve it.",The Nepali Comment,Illegal_Migration_Filtered,latin,english,21,0,kept_default,
f84c591680b8,Dai every 7 day ma vedio dinuna kamse kam vadi ma day by bay,The Nepali Comment,Illegal_Migration_Filtered,roman_nepali,nepali,14,0,kept_default,
28de122cad16,Ek janna le 15 20 lakh garna hune tara Nepal ma tai paisaa le kehi business garxu vanne aatt naaune!! Hait toit,The Nepali Comment,Illegal_Migration_Filtered,roman_nepali,nepali,22,0,substantive_keyword,paisa
08b60de75501,yedi 20 lakh chha bhane ta nepal mai base bhai goni kina janu bidesh.,The Nepali Comment,Illegal_Migration_Filtered,roman_nepali,nepali,14,0,substantive_keyword,bidesh
a6bc89cdca50,nepal ko middle class uppeer class ko video banau nu pario data nai chaina how much they earn,The Nepali Comment,Illegal_Migration_Filtered,roman_nepali,nepali,18,0,kept_default,
263704d88e70,Road to 100k ^.^♥♥,The Nepali Comment,Illegal_Migration_Filtered,latin,english,3,2,kept_default,
292417036d6d,correction.. they will not get even min wages .. that all depend on employer .. they will get more less then legal minimum wages.. Good Job,The Nepali Comment,Illegal_Migration_Filtered,latin,english,24,0,substantive_keyword,job
181b5fb9d9f7,"Sir , it was the great knwoledge  and hats off for your work research 🙌",The Nepali Comment,Illegal_Migration_Filtered,latin,english,13,1,substantive_keyword,work
665af398e311,such a good content<br>you got a new subscriber:),The Nepali Comment,Illegal_Migration_Filtered,latin,english,9,0,kept_default,
3cc3df76c2d1,If want go america when i got visa not just some ****alien way,The Nepali Comment,Illegal_Migration_Filtered,latin,english,13,0,substantive_keyword,visa
03f7926a5962,Mero neighbour pani yesari pani america nai pugyoo<br>Pokhara ma dherai jana yesari nai gairaxan,The Nepali Comment,Illegal_Migration_Filtered,roman_nepali,nepali,15,0,substantive_keyword,america
06e9319df3c9,I seen 15to20 people in Dubai they pey agent per person 50lakh Nepali Rs to going America though this way foolish people,The Nepali Comment,Illegal_Migration_Filtered,latin,english,22,0,substantive_keyword,dubai
46c53132e0a8,Please provide cc asap. Much required! Btw Great video as always❤,The Nepali Comment,Illegal_Migration_Filtered,latin,english,11,1,substantive_keyword,pr
0fca8ce95998,It’s most important news you displayed,The Nepali Comment,Illegal_Migration_Filtered,latin,english,7,0,kept_default,
7a9f0e8b1e32,Thank you very much for this much needed video. It would be Intretesting to also talk about all the people involved in Nepal in taking the money of these people who are risking their lives  . People at every level are taking part in profiting in this human trafficking . You  missed  the tragic point about how many of them once they reach the destination are kept in rooms by the human traffickers until the family in Nepal pay the Lakhs owed. And how a many of them are used as black money mules !,The Nepali Comment,Illegal_Migration_Filtered,latin,english,92,0,substantive_keyword,pr
a10029d54992,"Really salute to this guy, his determination, research is very much useful to all of the Nepalese audience. I will say we should support such researcher.",The Nepali Comment,Illegal_Migration_Filtered,latin,english,26,0,kept_default,
00c72218540f,"हामी सब मिलेर नेपाल लाईनै युरोप अमेरिका जापान भन्दा राम्रो देश बनाम । युथहरूको राजनितिमा वास्ता नगरेर हो कमिले गर्दा हो । हाम्रो देश बिग्रेको । वुडापाखा र जडिया गजडे गुन्डाहरू , पैसा वालाको कब्जा मा छ देश , न्ययको आवाज उठउनेको सङ्ख्या ५-६ जना मात्रछन त्यसमापनि उनिहरू जनतामा चर्चित भएभनि टिप्पर ले टउकोमा किचेर मारिछन ।",The Nepali Comment,Illegal_Migration_Filtered,devanagari,nepali,56,0,substantive_keyword,देश
79a4c9461a1b,now thats a content. keep up the good work,The Nepali Comment,Illegal_Migration_Filtered,latin,english,9,0,substantive_keyword,work
360b1b3516ae,This video was so disturbing to watch just had to stop the video at so many points.,The Nepali Comment,Illegal_Migration_Filtered,latin,english,17,0,kept_default,
4afd05f75c3f,Laane agents pani ta hamrai nepali chor haru ta ho,The Nepali Comment,Illegal_Migration_Filtered,roman_nepali,nepali,10,0,kept_default,
e2f901d9ca35,Thanks दिपेश सर लाइ यति धेरै मेहनत गरेर यो भिडियो बनाउनु भएकोमा 🙏🙏😍,The Nepali Comment,Illegal_Migration_Filtered,code_mixed,nepali_english,12,3,kept_default,
36c9cd2dfd49,So sad that we nepali have to take such step risking life for better future <br>Just because of our country politicians<br>This time choose leader wisely,The Nepali Comment,Illegal_Migration_Filtered,latin,english,26,0,substantive_keyword,future
dfa190f1e175,Mangsir 4 ma afno chhora chhori lai yesari bidesh jana naparne gari vote garnus.,The Nepali Comment,Illegal_Migration_Filtered,latin,english,14,0,substantive_keyword,bidesh
5a5c7db097c3,Dont support illegal migration.,The Nepali Comment,Illegal_Migration_Filtered,latin,english,4,0,substantive_keyword,migration
af740a17e4b7,The takeaway from this video is <b>DO NOT USE ILLEGAL MEANS TO GO ABROAD</b>,The Nepali Comment,Illegal_Migration_Filtered,latin,english,14,0,substantive_keyword,abroad
ce5a7e79673f,One  my subscriber  for you  affert  yestai  video banaudai  janu,The Nepali Comment,Illegal_Migration_Filtered,latin,english,10,0,substantive_keyword,janu
e4bfda454ebd,keep going.. reveal all the hidden truth.. Thank you..,The Nepali Comment,Illegal_Migration_Filtered,latin,english,9,0,kept_default,
20797233c88f,Indian haru cycle ma tarkari bechera Afno Nepal ma baseko kharcha samma katera 20000+ Indian rupees saving garera Nepal bata India pathauxan... Ani hami Nepali lai jahelay maya bidesh KO ra Nepal ma kei hunna bhanni Soch... Garo cha🙏🙌,The Nepali Comment,Illegal_Migration_Filtered,roman_nepali,nepali,39,2,substantive_keyword,bidesh
dce17f3282a0,Dang bata nai holaan sabai vanda badhi USA jaani haru … harek ghar bata ek jana hunxan,The Nepali Comment,Illegal_Migration_Filtered,roman_nepali,nepali,16,0,substantive_keyword,usa
9fce7ae703bd,Bro your content are too good..Hope to see nxt vid soon.,The Nepali Comment,Illegal_Migration_Filtered,latin,english,12,0,kept_default,
a14673592a1b,And the government is still worried about how to win the Election 😵‍💫😵‍💫,The Nepali Comment,Illegal_Migration_Filtered,latin,english,12,4,substantive_keyword,government
4f88d1203c7d,great job bro,The Nepali Comment,Illegal_Migration_Filtered,latin,english,3,0,substantive_keyword,job
b9c1327b8c78,Mug padnu mahanat garnu xoena ckney life risk lenu chai ready huncha Nepali hru Tara ramro tarika le experience badaunu wah padnu tespoxi thulo sapana dhaknu parcha mahanat le mug hru malie tah ris uthcha afnai desh ko manxe hru sang,The Nepali Comment,Illegal_Migration_Filtered,roman_nepali,nepali,41,0,substantive_keyword,desh
f8be6736e80c,Working visa ma jada vai halyo ni..k bheda ko chal ho yo,The Nepali Comment,Illegal_Migration_Filtered,roman_nepali,nepali,13,0,substantive_keyword,visa
36de64b34cbb,Dai chahe Nepal mai ho??,The Nepali Comment,Illegal_Migration_Filtered,roman_nepali,nepali,5,0,kept_default,
512746042d3d,"I met 4 Nepali in US, who who arrived here via the route mentioned in video. Their story is very frightening. All of them said they were robbed and have given 50-60 lakhs to agent in Nepal. <br><br>I would request nobody to come illegally. There very little chance you will enter US alive. One person was telling me, out of 39 people only 13 entered us rest died on the way. 😢",The Nepali Comment,Illegal_Migration_Filtered,latin,english,72,1,kept_default,
372bb775477c,Hijo aaja sabai vanda dherai hamrai gau bata janxan hola😢harek ghar bata tapaiko video dekhiyako yauta dai Ahile greencard paisake yatra garo xa but pugirako xan sabaijana dhilo chado achel,The Nepali Comment,Illegal_Migration_Filtered,roman_nepali,nepali,31,1,substantive_keyword,paisa
153c34e78099,Indian blockade 2015 Ani pahila ko video banam.,The Nepali Comment,Illegal_Migration_Filtered,roman_nepali,nepali,8,0,substantive_keyword,india
cba83216ea23,"Aba nepalmai basera khi garna sakidaina, sab neta le desh sake, ani tinai netalai 50 years dekhi vote halchan Veda janta haru, ani gadha le dukha napaye kasle paune",The Nepali Comment,Illegal_Migration_Filtered,roman_nepali,nepali,29,0,substantive_keyword,uk
0d904423d16a,"Yestari US, Australia aunu vanda baru afnai desh ma kehi gara sathi ho. Dherai yestari ayeko veteko chu ra uni haru ko health khatam cha, kati bato mai mare. Baru school padhera exam diyera mehanat garera aunus vanchu.",The Nepali Comment,Illegal_Migration_Filtered,roman_nepali,nepali,38,0,substantive_keyword,australia
5081a70c59bf,Yo aune chunab ma afno vote sochera dinu hola chor neta haru le garda desh xodnu naparosh,The Nepali Comment,Illegal_Migration_Filtered,roman_nepali,nepali,17,0,substantive_keyword,desh
12e4019139d5,This is the 1st Nepali channel I love to watch,The Nepali Comment,Illegal_Migration_Filtered,latin,english,10,0,kept_default,
2503f31004f2,"One thing us Nepalese don&#39;t realize, Nepal ma hepai khayera basda rish uthcha and we don&#39;t do work. Ani America uae gayera chain Marne Gari kaam garcha. Messed up cha.",The Nepali Comment,Illegal_Migration_Filtered,roman_nepali,nepali,32,0,substantive_keyword,gaye
526c60a6063b,"Also, when I was in the US, I also met a guy who said he had visited 15 countries and spent over 12 lakhs (this was in 2008 ish) to get into America. At that time, it didn&#39;t make sense to me and I told him he wasted a lot of money doing so. A few years down the line I found out he was actually trafficked to America.",The Nepali Comment,Illegal_Migration_Filtered,latin,english,70,0,substantive_keyword,america
5ee1d1ee5311,"That is why Trump wanted to build a wall and go against illegal immigrants. What you have researched is basically human trafficking. Trump actually was against human trafficking. Many big businesses, esp food and agro businesses require labors. The only way they can get cheap labour&#39;s is through human trafficking. It all makes logical sense.",The Nepali Comment,Illegal_Migration_Filtered,latin,english,56,0,substantive_keyword,immigrant
83d64a01d699,"Atti ramro content .Gist pani to the point cha..Jyan nai baji rakhera tya samma pugnu, is it worth it ra ? This is all because of failed philosophy of Congress and Communist. we r suffering because of their rivalry..Aba ko election ma desh ko every family, neighborhood, community le Vote garnu Huda Desh jogauna sakne Manche lai Vote garau !!<br>Nepal is god gifted place blessed with nature, culture, spiritualism and many other tatwas ani yesto content herda It&#39;s hard to have peace of mind.",The Nepali Comment,Illegal_Migration_Filtered,roman_nepali,nepali,86,0,substantive_keyword,family
2bfe6040a0b6,Don&#39;t worry risk liyera hinda kehe hunna,The Nepali Comment,Illegal_Migration_Filtered,latin,english,8,0,kept_default,
2a53c0ef5d82,"यस्तो जटिल यात्राको बारेमा अध्ययन अलिकति पनि पुगेन। अलि धेरै मेहनत गरेर अलि राम्रो vdo बनाउनु पर्यो भाई। यो एकदमै सतही VDO भयो। पोर्चुगल मा कुनै तथ्य बिना 50 हजार नेपाली छन् सम्म भनेको सुनियो, यो अलि बढी नै भयेन र🙈🙈 सायद अहिले सम्म कै कमजोर प्रस्तुति भयो यो।",The Nepali Comment,Illegal_Migration_Filtered,code_mixed,nepali_english,49,2,kept_default,
e4979c28c686,hat&#39;s off to you sir for your quality content.,The Nepali Comment,Illegal_Migration_Filtered,latin,english,10,0,kept_default,
f8aff906ae0a,Mero uncle Pani gayeko 2 barsa vayo Tara Dunga paltera bepatta vayeko Khabar aayo Aru kehi information xaina,The Nepali Comment,Illegal_Migration_Filtered,roman_nepali,nepali,18,0,substantive_keyword,gaye
a7ff07339cd8,Mero baba ni yai bato janu vako thiyo,The Nepali Comment,Illegal_Migration_Filtered,roman_nepali,nepali,8,0,substantive_keyword,janu
76326b48208b,Thanks for this type of content..<br>Love you bro❤,The Nepali Comment,Illegal_Migration_Filtered,latin,english,9,1,kept_default,
b82fb8a1839b,Wonderful analysis! Tara Kati PAYE point chutyo...Aile Portugal janu Nepal bata India Gaye jatikai sajilo cha legal chai haina Tara...maile dekhda dekhdai 300/400 Jana 1 month bhitra ekdam aaram le Portugal pugera work permit payera kaam Suru garisake,The Nepali Comment,Illegal_Migration_Filtered,roman_nepali,nepali,41,0,substantive_keyword,janu
bb53e7da6705,"Dherai Dherai Dhanyabaad mitra... timro present garne tarika nai kati vabuk lagyo. Nepali le Nepal banaunai parcha... sahi vote garne bela aayeko cha aba. sahi lai nachunne ho vane vaaaard mei jawos sabai. murkha ko pani had huncha... paisa ka tattu haru, hami sabai.",The Nepali Comment,Illegal_Migration_Filtered,roman_nepali,nepali,44,0,substantive_keyword,pr
0dee2f375b6f,यो सब bramanbad ley garda हो...  Fuc...... Off Braman,The Nepali Comment,Illegal_Migration_Filtered,code_mixed,nepali_english,9,0,kept_default,
2f851952cdb3,Mo US gako ho illegally jati vaninxa teti khatra pani xaina… panama jungle 2/3 matra hoo hidne … hajur le vanne ko batoo ahile ko ho pahile tiyoo batoo hudai jadina the South America samma…,The Nepali Comment,Illegal_Migration_Filtered,roman_nepali,nepali,35,0,substantive_keyword,america
f2bebe362764,Paisako Lagi kina janu paryoo katha morey hunxa ..,The Nepali Comment,Illegal_Migration_Filtered,latin,english,8,0,substantive_keyword,janu
69f7f908b307,Mero dai ko sathi pani 45 lakh ma illegal gako xa usa<br>Daaku haru ley sabai lutdinxan kattu samet,The Nepali Comment,Illegal_Migration_Filtered,roman_nepali,nepali,19,0,substantive_keyword,usa
386003b60cbf,That&#39;s a reason we got weakest passport in the world🥹<br>Better you survive in your own country 🌼<br>Stop illegal immigration please dont keep your life on risk .you got family waiting for you at home,The Nepali Comment,Illegal_Migration_Filtered,latin,english,36,2,substantive_keyword,family
87c526eb736b,"One of the brother near to my home,had also been to US same way , spend almost 80 lakhs and he is in US for almost 6 yrs now",The Nepali Comment,Illegal_Migration_Filtered,latin,english,29,0,kept_default,
c4225a40f8de,Yesari janey pagal haru hun,The Nepali Comment,Illegal_Migration_Filtered,latin,english,5,0,substantive_keyword,jane
fd1932bb1bb6,Very true,The Nepali Comment,Illegal_Migration_Filtered,latin,english,2,0,kept_default,
14b267978da5,Atro dukha garera atro badha jelera k tei desh haru gaye matra ramro ho ta.<br>Kehi thorai dukha nepal mai garidinus sabai nepal mai xa,The Nepali Comment,Illegal_Migration_Filtered,roman_nepali,nepali,25,0,substantive_keyword,uk
661b4eb94946,"The lack of opportunity and awareness in Nepal has done this, who is to blame ?? Finding this answer is harder.",The Nepali Comment,Illegal_Migration_Filtered,latin,english,20,0,kept_default,
2cc8f9eee8e2,America ra Europe jana lai pahila consultancy bujhera jana parcha😍😍❤️,The Nepali Comment,Illegal_Migration_Filtered,latin,english,10,3,substantive_keyword,europe
0847b3e3f0d0,"10-15 lakh paisa, plus 2 education, English ma conversation garna sakne le sajilai legally Schengen aauna sakchha. 50 laakh kharcha garnu bhanda ta as a student Schengen aako raamro. Mahinako 2 lakh plus Nepali ma kamai hunchha. Yestari jyaan jokhim ma paarnu bhanda ma sikai dinxu tarika",The Nepali Comment,Illegal_Migration_Filtered,roman_nepali,nepali,48,0,substantive_keyword,kamai
3adcfe941867,Hats off to the research bro🎊,The Nepali Comment,Illegal_Migration_Filtered,latin,english,6,1,kept_default,
e1de15a70af5,I am 28 year old male who traveled into usa 5 years ago by illegal way,The Nepali Comment,Illegal_Migration_Filtered,latin,english,16,0,substantive_keyword,usa
a957b164504d,A most needed video with proper research <br>Thank you,The Nepali Comment,Illegal_Migration_Filtered,latin,english,9,0,substantive_keyword,pr
c604c3cbbb32,Koi xa Europe illegally laneya .?,The Nepali Comment,Illegal_Migration_Filtered,roman_nepali,nepali,5,0,substantive_keyword,europe
ac795f16f4e0,That&#39;s why knowledge is important.,The Nepali Comment,Illegal_Migration_Filtered,latin,english,6,0,kept_default,
5594f1f4a55f,Brother please make video regarding upcoming elections and about the candidates,The Nepali Comment,Illegal_Migration_Filtered,latin,english,11,0,kept_default,
6d8eafee3993,what is their mission in their life either I die or I enter other country .<br>I understand that in this video,The Nepali Comment,Illegal_Migration_Filtered,latin,english,21,0,kept_default,
a10761f2b60d,Well the vedio information is quite not up to date,The Nepali Comment,Illegal_Migration_Filtered,latin,english,10,0,kept_default,
a5647a7c8572,"A day ago I was in Delhi for VFS appointment and I saw a lot of Nepalese waiting for their flights to Brasil, europe, And many other nations to get into US. I spoke with a few they informed me that they are willing to pay 45 lakhs for the trip which in real is totally illegal, insecure and that might cost them deportation or death.",The Nepali Comment,Illegal_Migration_Filtered,latin,english,66,0,substantive_keyword,europe
95721475b18b,"Thankyou for the awareness,may Nepali people get you and don’t risk their life.well if they don’t care about risking their life you guys can risk it for your own country and get well paid off for your task",The Nepali Comment,Illegal_Migration_Filtered,latin,english,42,0,kept_default,
63b57df2b1d1,Journalism 101 …. Amazing brother … this is the future of journalism …. Time to ditch the mainstream Nepalese propaganda spewing machine …,The Nepali Comment,Illegal_Migration_Filtered,latin,english,19,0,substantive_keyword,pr
833d40ffc642,Its intresting to think the way  you gather information for  your videos.....top notch stuff,The Nepali Comment,Illegal_Migration_Filtered,latin,english,15,0,kept_default,
700c19da6333,Its real worthless yaso paxadi herda.. many years working hard and making money collecting money paid 10 minimum to 20 25 lakh ani yai W.p immigration paunu lae kam wages ma ani jindagi ko riak liyera garchan manxe le yo bhanda boru kam lagat ma 1 to 2 lakh samm ma investment garera qatar dubai Malaysia jada uuchit huncha. Think nicely  jay Nepal 🇳🇵,The Nepali Comment,Illegal_Migration_Filtered,roman_nepali,nepali,64,2,substantive_keyword,dubai
2d6aac906968,This guy breaks down the cases like nobody else.<br>MVP and the dark horse of Nepalese media. 👏,The Nepali Comment,Illegal_Migration_Filtered,latin,english,17,1,kept_default,
f8bad93490dc,"2014 tir ma Schengen country vaner hineko thye 9 month russia ani donkey route hudai estonia samma pugeko thye , paisa ra samay barbad ani jindagi ko mahatopurna umer refugee vayer basnu parne  sabai kura ko yaad , pressure ani torture ajhai nai taja chha.",The Nepali Comment,Illegal_Migration_Filtered,roman_nepali,nepali,43,0,substantive_keyword,pr
195dce2dfdb9,I’m in Austria under student visa . Please Mero Nepali brother and sister come here through legal entry .,The Nepali Comment,Illegal_Migration_Filtered,roman_nepali,nepali,18,0,substantive_keyword,visa
1efc7cf7218a,"यो विषय एक जटिल र देश बनाउनेहरुको लागि सोचनिय गम्भिर विषय हो।<br>देशमा चरम भ्रष्टाचार,व्यथिति,अस्थिर राजनीति र लुटेराहरुको कारण लाखौं नेपालीहरु विभिन्न माध्यमबाट विदेशीनु परेको छ।",The Nepali Comment,Illegal_Migration_Filtered,devanagari,nepali,28,0,substantive_keyword,राजनीति
ad068ad82cf1,hats of brother we know how the life is so struggle,The Nepali Comment,Illegal_Migration_Filtered,latin,english,11,0,kept_default,
91f6ecd14ae8,Hat’s up Brother. Thank You so much for this  Document,The Nepali Comment,Illegal_Migration_Filtered,latin,english,11,0,kept_default,
7c24b7b291c0,Hajur lai pne dhanyabaad yesheri sabailai gyaan dinu vayeko ma ra Jan chetna garwnu vayeko ma.,The Nepali Comment,Illegal_Migration_Filtered,latin,english,16,0,kept_default,
f96ab4d88b1e,It&#39;s kind of sad because we Nepalese think think that  Foreign country are like paradise. My father is also one of these people. He may have not crossed these roads but in hope of going to America we lost about 10 lakh through illegal agency. And we still haven&#39;t got our money back neither we are in America. It was before I was even born. And I feel bad for people who lost everything just for their family happiness. And government just don&#39;t look for them these is a shit no one talks or even care about.,The Nepali Comment,Illegal_Migration_Filtered,latin,english,100,0,substantive_keyword,family
eea052b69429,You are nepali dhruv Rathee❤️,The Nepali Comment,Illegal_Migration_Filtered,latin,english,5,1,kept_default,
3b9471aea9d2,"As a nepalese doing buisness in both portugal and Croatia, sadly its true these so called agents are non other than our nepalese brothers, if your working in croatia and have a good job you can apply for visas for countries like portugal Spain but we choose these shortcut paths, there have been countless deaths but it never comes out. thankyou brother for spreading out the news I hope this video brings for kind of awareness to people coming to europe<br>fortunately for dharamdas he&#39;s recovered well and is working in airport thanks to some good nepalese brothers out there.",The Nepali Comment,Illegal_Migration_Filtered,latin,english,101,0,substantive_keyword,europe
9c2aa213f38f,My first ever subscribed video after being in youtube for more than a decade. This Man&#39;s research covers every facets of information. Please keep posting informative videos. Kudos......,The Nepali Comment,Illegal_Migration_Filtered,latin,english,29,0,kept_default,
72a4870f1575,Oe bhai yo video Aja voli ko video Hoina 7 years agadi ko manxi lai ullu banauxas muji,The Nepali Comment,Illegal_Migration_Filtered,roman_nepali,nepali,18,0,kept_default,
27478ad24c71,i am that guy on zoom video aarey kya🤦🤣🤣,The Nepali Comment,Illegal_Migration_Filtered,latin,english,9,3,kept_default,
d0a0bd5e849f,Again we need details information about Nepal to USA illegally…<br><br>Only channel to give real content,The Nepali Comment,Illegal_Migration_Filtered,latin,english,16,0,substantive_keyword,usa
c899e8fb8871,The best content from all over Nepal is The Nepali comment,The Nepali Comment,Illegal_Migration_Filtered,latin,english,11,0,kept_default,
10fe2f7d39ff,Mero ekjana saathi ni 2month bayo illegally yesari gayeko aile mexico ma xa,The Nepali Comment,Illegal_Migration_Filtered,roman_nepali,nepali,13,0,substantive_keyword,gaye
ea6f6e42702d,Yo muji le YouTube ko galat faida uthairako xa . Yesto nachaine kina post gareko. Aafu tw marxa plus aru lie pani marxaaa. Fuck off such nonsense act.  Everyone Report this channel and video,The Nepali Comment,Illegal_Migration_Filtered,roman_nepali,nepali,33,0,kept_default,
e1663211307e,"YO SAB VIDEOS HARU ENGLISH MA DUB GARERA HALNA PARYO ARKO CHANNEL MA, RAMRO CHALXA",The Nepali Comment,Illegal_Migration_Filtered,roman_nepali,nepali,15,0,kept_default,
1f8b767b86b5,"Could you also shed some light on the mass exodus of skilled manpower, like doctors, engineers, nurses, etc. ? Also how the Nepal government is willingly propagating this exodus of youth abroad, just so they can get a taste of that &quot;remittance tax&quot;.. <br><br>P.S. Nepal is going to face a huge shortage of doctors and nurses in the coming 5-8 years. Even, reputed and established doctors are flocking abroad..... all the while, the policy makers do nothing to encourage the retention of this skilled man-power... Sahujis and influential doctors are themselves the policy makers and make policies that helps them gain their personal benefits....",The Nepali Comment,Illegal_Migration_Filtered,latin,english,106,0,substantive_keyword,abroad
61ff2933fda5,I am just curious if they are ready for spent that much money why don&#39;t they use legal way to reach usa and others country,The Nepali Comment,Illegal_Migration_Filtered,latin,english,26,0,substantive_keyword,usa
8b39f30775a6,It&#39;s worth it. Nepal ta hell ho.,The Nepali Comment,Illegal_Migration_Filtered,roman_nepali,nepali,8,0,kept_default,
f206dfc97d5d,This channel need more subscriptions 😍😍 just a wonderful channel,The Nepali Comment,Illegal_Migration_Filtered,latin,english,9,2,kept_default,
65353e3743c2,I am from Rukum(west) . Hamro Thau ko lagvak 50%youth  haru  yeasari gai sakka mainly USA ra protugal ko trend pani bistarai increase vai ta xa....,The Nepali Comment,Illegal_Migration_Filtered,roman_nepali,nepali,27,0,substantive_keyword,pr
36c57ba72fcb,aaila mw basi rako tham  bur dubai ma 5000+ nepali xa yha visit ma aaya rw brazil ko transit rakha rw tya bata hidey rw us janey haru,The Nepali Comment,Illegal_Migration_Filtered,roman_nepali,nepali,28,0,substantive_keyword,dubai
8607ef677c16,dai tapai yesto background music kaha bata tannanu hunxa vannu na   pleasee,The Nepali Comment,Illegal_Migration_Filtered,roman_nepali,nepali,12,0,kept_default,
f7d9eacf475a,This trend is even more popular in Dang district it’s like at least one family member hav been through this journey in many localities,The Nepali Comment,Illegal_Migration_Filtered,latin,english,25,0,substantive_keyword,family
96f2bd1ce5db,US jana kati samma kharcha huncha😅😅😅😅😅😅,The Nepali Comment,Illegal_Migration_Filtered,roman_nepali,nepali,6,6,kept_default,
57163602fef8,"i live in NYC, most of the illegal immigrant in NYC is from LATIN COUNTIRES........these people they don&#39;t care about their LEGAL STATUS.......all they care is make money and make lots of children.........and return back if they don&#39;t get GREEN CARD from their AMERICAN BORN children......",The Nepali Comment,Illegal_Migration_Filtered,latin,english,51,0,substantive_keyword,immigrant
3927386bbf07,It is better to work in our own country rather than to take such life threatning trouble. Hope this video would be an eye opener for many people.,The Nepali Comment,Illegal_Migration_Filtered,latin,english,28,0,substantive_keyword,work
93fbd34562d7,"यो हाम्रो दोष हैन नेतृत्वको दोष हो । <br><a href=""http://www.youtube.com/results?search_query=%23no_not_again"">#No_not_again</a>",The Nepali Comment,Illegal_Migration_Filtered,code_mixed,nepali_english,8,0,kept_default,
a755952125f7,"I have a similar incident of my own cousin. He went to study in Manchester, but couldn&#39;t focus on his study, his results were very poor so university didn&#39;t gave him letter or something like that. So, he escapes from UK went to Paris from there he took flight to Portugal and tear his passport. It&#39;s like 2 .5 years ago. Now he is living living life as hell. He cannot return to Nepal and working on minimum wages, still he doesn&#39;t get paid sometimes considering him as refugee or Indian origin by locals of Portugal. Nowadays it&#39;s a trend like students escaping from UK to European countries.",The Nepali Comment,Illegal_Migration_Filtered,latin,english,113,0,substantive_keyword,europe
6e8e9ec396ab,People are saying that oh so risky don’t try to do that it will harm you stay in Nepal and do something fuck you the deep reality is that even if you work in Nepal 14 hours a day you will get only 10k salary and a lot of mental stress. the politics and the owners and other people don’t give a fuck. Your society always compare you with them who went to aboard that’s the reality and that’s the truth. If you want to know how they treat you to check the airport security if your going to aus usa uk or Europe country they will treat you differently then gulf country. If you stay in Nepal for too long boi the low income people either start to steal or they will suicide. And this is reality,The Nepali Comment,Illegal_Migration_Filtered,latin,english,142,0,substantive_keyword,europe
41d3376b9599,Ma ta portugal pugo sake hai 👌,The Nepali Comment,Illegal_Migration_Filtered,roman_nepali,nepali,6,1,substantive_keyword,portugal
f390a2dab7ed,Dv vareko ta मतलबै भएन नी,The Nepali Comment,Illegal_Migration_Filtered,code_mixed,nepali_english,6,0,substantive_keyword,dv
31e9b5e44d15,"<a href=""https://en.wikipedia.org/wiki/2010_San_Fernando_massacre"">https://en.wikipedia.org/wiki/2010_San_Fernando_massacre</a><br><br><a href=""https://en.wikipedia.org/wiki/2011_San_Fernando_massacre"">https://en.wikipedia.org/wiki/2011_San_Fernando_massacre</a><br>Ani Kati illegal immigrants haru lai Mexico ko cartel le pani mareka chan",The Nepali Comment,Illegal_Migration_Filtered,roman_nepali,nepali,13,0,substantive_keyword,immigrant
5b1453830ced,Kathai mero desh,The Nepali Comment,Illegal_Migration_Filtered,roman_nepali,nepali,3,0,substantive_keyword,desh
25e9dfddff12,Wow such a great and informative video hats off to you brother,The Nepali Comment,Illegal_Migration_Filtered,latin,english,12,0,kept_default,
f4dcd40168b3,Very well said,The Nepali Comment,Illegal_Migration_Filtered,latin,english,3,0,kept_default,
55c0fad4bbac,"Man, this video gives goosebumps. Scary af. It is really really sad to see where our country has reached and how the citizens have to suffer this in the hope of better future.",The Nepali Comment,Illegal_Migration_Filtered,latin,english,33,0,substantive_keyword,future
cced9da4492b,You are on course to be best journalistic Nepali channel. Kudos guys.,The Nepali Comment,Illegal_Migration_Filtered,latin,english,12,0,kept_default,
50161a44e263,Have been following u from the very starting of your journey and proud of it❤<br>Ur effort is unbelevable ❤,The Nepali Comment,Illegal_Migration_Filtered,latin,english,19,2,substantive_keyword,pr
7151038971f3,"Yesta bhaguwa muji haru ko lai video nabanaye huncha bro. They are a waste themselves and you shouldn&#39;t waste your time on these kind of useless, mindless individuals.",The Nepali Comment,Illegal_Migration_Filtered,roman_nepali,nepali,29,0,kept_default,
3e608a1282a4,"म पनि यो कथा मध्ये को एक पात्र हु। nepal to cyprus and Cyprus to....... Portugal.<br>यो कुरा भोग्नै लाई थाह छ कि वास्तविक यात्रा कस्तो हुन्छ भनेर। विभिन्न कथा सुनेको छु यात्रा क्रममा &#39; बलात्कार, लुटपाट, अपहरण र फिरौती, बिचल्ली, मानसिक तनाव&#39; जति सुने दर्दनाक थियो। घर समाजले तिरस्कार हुने डरले मात्र यस्तो घटना बाहिर न्आएको  हो।",The Nepali Comment,Illegal_Migration_Filtered,code_mixed,nepali_english,57,0,substantive_keyword,cyprus
02551d43701e,Well Done bro as always you are a star. Thank you 🙏🙂👍,The Nepali Comment,Illegal_Migration_Filtered,latin,english,11,3,kept_default,
01d4b6cf44e2,"Afno desh ma kam xaina kam vayeni paisa deroi xaina tesori afno jyan jhokhim ma rakhera hidne haru ko ni xutai katha xa .<br>Desh ko halat thik vaye sab jana le ramro job paye ysto kai kura hunthena hola<br><a href=""http://www.youtube.com/results?search_query=%23merodeshbirami"">#merodeshbirami</a>😔",The Nepali Comment,Illegal_Migration_Filtered,roman_nepali,nepali,39,1,substantive_keyword,job
318cc29354db,One of the best YouTubers of Nepal. appreciate your hard work bro 👍☺️☺️,The Nepali Comment,Illegal_Migration_Filtered,latin,english,12,3,substantive_keyword,pr
8bfc0f97f067,"Congratulations Dipesh, I admire your videos. Thank you for making meaningful vlogs. At least you are doing something good for Nepali <a href=""http://people.you/"">people.You</a> are potential to become Nepali&#39;s Dhruv Rathee, and leave behind all the mainstream Nepali TV Chanels. Most of them are compromised and corrupted.  Please keep working.",The Nepali Comment,Illegal_Migration_Filtered,latin,english,50,0,substantive_keyword,pr
ad4d49f15721,"Dont know more but about Portugal its fact that people from cyprus, croatia pays minimum of €6000 for agent to arrive at portugal. As he said its very true that the immigration process of portugal is very easy. still lots of things cannot be shared publically..",The Nepali Comment,Illegal_Migration_Filtered,latin,english,46,0,substantive_keyword,cyprus
7559e5f8c433,"Yes, You are right we receive more than 100 Nepalese coming from different parts of Europe i.e Romania 🇷🇴, Croatia 🇭🇷, Bulgaria 🇧🇬 etc..",The Nepali Comment,Illegal_Migration_Filtered,latin,english,22,6,substantive_keyword,europe
fdd590da5b4c,Any one don’t try this . This is terrifying.,The Nepali Comment,Illegal_Migration_Filtered,latin,english,9,0,kept_default,
03521d08e5ec,"Such a risk is worth taking rather staying in corrupt, nepotistic and politically unstable country like Nepal.",The Nepali Comment,Illegal_Migration_Filtered,latin,english,17,0,kept_default,
649390983cb3,Dipesh bro isareal ko vdeo banaunu hai ma tah fan vaye yo desh ko technology ra mossad vanne agency dekhera 🥰🥰🥰,The Nepali Comment,Illegal_Migration_Filtered,roman_nepali,nepali,20,3,substantive_keyword,desh
74d9aae0e9d6,Much respect to your hard work 💜💜Your every single content is informative to us and just outstanding 🔥,The Nepali Comment,Illegal_Migration_Filtered,latin,english,17,3,substantive_keyword,work
7c6cc61bc7b4,I knew this 10 years ago😢,The Nepali Comment,Illegal_Migration_Filtered,latin,english,6,1,kept_default,
ace2ddebf0f6,"Thank you to the politicians, people have become desparate to reach USA.",The Nepali Comment,Illegal_Migration_Filtered,latin,english,12,0,substantive_keyword,usa
525c5cd93ac6,Such a informative video thank you so much sir.. ❣️❣️,The Nepali Comment,Illegal_Migration_Filtered,latin,english,9,2,kept_default,
18176aed64ec,Sathy haru yesare naii Croatia dekhe vagera Portugal kaka puge aafu vane khadee ma basera yo video herdai xu 🥺😂😂,The Nepali Comment,Illegal_Migration_Filtered,roman_nepali,nepali,19,3,substantive_keyword,portugal
5ce7b2f12406,Yo sabai credit hamro leader haru lai janxa 😓😓😓😓😓 aba ramro choose garera vote halnu prxa sarai dukha lgyo yo video herda😓😓😓,The Nepali Comment,Illegal_Migration_Filtered,roman_nepali,nepali,21,8,substantive_keyword,pr
41d836c2cfee,I hope this video will help you to reach 100k subscription ❤️,The Nepali Comment,Illegal_Migration_Filtered,latin,english,11,1,kept_default,
25bf4be4ee31,hats off to your work man ...its commendable to see your growth everyday🥰,The Nepali Comment,Illegal_Migration_Filtered,latin,english,13,1,substantive_keyword,work
dae5bdddf4b5,Never disappointed with urs content dai ..<br>Keep going bro,The Nepali Comment,Illegal_Migration_Filtered,roman_nepali,nepali,9,0,kept_default,
b92cce14db27,"Dherai Dherai dhanyavada hjr,Dherai ramro news deynu vako mah malai chai ramro lagyo sir 🙏 fare fare pani yestai satya ghatana ko news didai garnu hola we are supposed of you, thank you so much 💓 sir",The Nepali Comment,Illegal_Migration_Filtered,roman_nepali,nepali,36,2,kept_default,
23afd21043d8,This is what quality speak ❤️❤️,The Nepali Comment,Illegal_Migration_Filtered,latin,english,5,2,kept_default,
d1e0b0c81161,Your one video make thousand youths alert. Thank you for making me more knowledgeable.,The Nepali Comment,Illegal_Migration_Filtered,latin,english,14,0,substantive_keyword,usa
9edb77df8fba,Our country is dying slowly and I feel very sad i blame politicians for everything,The Nepali Comment,Illegal_Migration_Filtered,latin,english,15,0,substantive_keyword,politician
7dec2c6c0683,Hats off to your content Sir❤️<br>Great research &amp; amazing content🥰,The Nepali Comment,Illegal_Migration_Filtered,latin,english,10,2,kept_default,
9792cd03f06d,You are contain are marvelous keep up the work. :),The Nepali Comment,Illegal_Migration_Filtered,latin,english,9,0,substantive_keyword,work
d91f89ee665b,You are doing great brother. I personally am so proud of you😊❤ The level of research and hardwork you have put in every video is amazing ❤,The Nepali Comment,Illegal_Migration_Filtered,latin,english,26,3,substantive_keyword,pr
269b2464ea92,dash ramro vaideko va kina yetro dukha garteha holan,The Nepali Comment,Illegal_Migration_Filtered,roman_nepali,nepali,9,0,substantive_keyword,uk
01703b449223,No it&#39;s not worth it....,The Nepali Comment,Illegal_Migration_Filtered,latin,english,6,0,kept_default,
f4b9cec03af4,Wow...what a research what a content..<br>you deserve more views and subscribers...hats of to you brother....<br>keep uploading such quality content,The Nepali Comment,Illegal_Migration_Filtered,latin,english,23,0,kept_default,
c300242f5a6f,Again Thank you! for great content.  😭 Hope you reach 100k until next video comes,The Nepali Comment,Illegal_Migration_Filtered,latin,english,14,1,kept_default,
9b7980fced76,"Idk much about USA  but While i was working in Australia Detention centre hv meet 3 nepalis  middle age bro who reached to Australian land via similar way. They used  to say spent about 15/20 lakhs.  Hearing their story was frightening. They came nepal to delhi , Delhi  to Bangkok,  Bangkok to Jakarta,  Jakarta to Christmas island in Australia.  Boat ride from  Indonesia to Australia is absolutely death cheat. Its not safe , its dangerous, even tho if u ever reach to Australia or any other nation u will not grant a asylum. Be sure my nepali bro/sis plz dont try this way. It doesnt worth at all. Its risk of ur life 9/10. Especially for nepali  peeps close to impossible to get asylum coz we dont hv civil war in Nepal.  We nepali are safe in our countries.   Any of you will find impossible to proof ur refuge.  Any country will not grant you refugees just because  you get there.  U will be turn back after many years of court battle thats for sure . Those  went druing Maoists war in nepal yes  that time we had chances of getting  refugee statue coz its was unsafe to deport you back but now things has changed, nepal is safe there is nothing to run away from nepali getting into western countries illegally except its economical immigrants. I worked closely with Border force in Australia so i can share more more informative  info to those who want to get illegally in any countries but i will always say plz dont do. Every countires main Goal is how to kick illegal immigrants out of country. So plz dont every try to this journey.",The Nepali Comment,Illegal_Migration_Filtered,latin,english,281,0,substantive_keyword,pr
e6a1fc037350,"Wow research...what a content , what a presentation",The Nepali Comment,Illegal_Migration_Filtered,latin,english,8,0,substantive_keyword,pr
4d446494f8ac,Lots of love for you hard working content,The Nepali Comment,Illegal_Migration_Filtered,latin,english,8,0,substantive_keyword,work
b0e05336ec03,40 dekhi 55 lakh samma dalaal lai diyera america jane 20 25 jana ta maile nai veteko xu.. uniharu madhye 3 jana le jyan gumaye laas ni firta payenan family le.. tetro 40 50 lakh le ta afnai desh ma kei garnu ni khai buddhi...,The Nepali Comment,Illegal_Migration_Filtered,roman_nepali,nepali,45,0,substantive_keyword,family
e43fcef4164e,mero ghar xeuko dai pani america jane bhanera janu bhathyo he is lost eversince he left noone knows his whereabouts...,The Nepali Comment,Illegal_Migration_Filtered,roman_nepali,nepali,20,0,substantive_keyword,janu
fd307d5d9241,dai 100k chadai hos ani mero 1k good luck,The Nepali Comment,Illegal_Migration_Filtered,roman_nepali,nepali,9,0,kept_default,
f7c504743dd3,Bro Respect+ for your Quality content.. On point research and commitment for content 👍,The Nepali Comment,Illegal_Migration_Filtered,latin,english,13,1,kept_default,
bc91006d496a,"🛑 NO NOT AGAIN  🛑<br>CONGRESS: 🌴 ❌<br>UML: 🌞 ❌<br>MAOSIT:  ☭ ❌<br>Swotantra:   ✔️<br>अब पनि पुरानै पार्टि पुरानै मान्छे लाई भोट दिने हो भने नेपाली जनताले यस्तै दुःख भोग्नु पर्नेछ फेरि । आउने मङ्सिर ४ को चुनावमा सागर ढकाल, रञ्जु दर्शाना , रवि लामिछाने, रमेश खरेल जस्ता असल मान्छेलाई एक पटक मौका दिऔ । <br>Thank u Jay Nepal. 🇳🇵",The Nepali Comment,Illegal_Migration_Filtered,code_mixed,nepali_english,51,11,kept_default,
4a8ff1aefe7b,Hamro Gau nai rittisakyo yo bato USA jada jada,The Nepali Comment,Illegal_Migration_Filtered,roman_nepali,nepali,9,0,substantive_keyword,usa
55a33bf10936,"In Sikkim too there are so many Nepali citizens having dual citizenship .Just yesterday in sera bazaar Nepal citizens who were working here were fighting with local Sikkimese .Nepali are doing many crime and they ran into Nepal .And no any criminal get arrested . They go and escape in their remote village so indian police cannot trace them and arrest them .Aaj kal Nepal ko manche haru dekhyo ki criminal ho ki vanne lagcha Sikkim ma.yo chai roknu parcha . Neta haru ko barau vaera hidchan .in election ,neta haru brings huge Nepali citizen bus to bus . I think both indian and Nepal government need to adress this problem .In Sikkim ,people are getting badly affected by this type of open migration from Nepal to india",The Nepali Comment,Illegal_Migration_Filtered,roman_nepali,nepali,126,0,substantive_keyword,pr
293431d06482,Best youtube channel in nepal..bestest contents..keep growing..we all love you,The Nepali Comment,Illegal_Migration_Filtered,latin,english,13,0,kept_default,
98834b3502cd,Dami daiii,The Nepali Comment,Illegal_Migration_Filtered,latin,english,2,0,kept_default,
ee7e01b60b97,GEM of Nepali YouTube ❤️,The Nepali Comment,Illegal_Migration_Filtered,latin,english,4,1,kept_default,
e3d0a07120a9,why so much risky moves people take in life teti mihinet garera paisa kharcha garera teso garnu vanda easily they can spend time in gulf countries with the same effort they applied taking risky moves,The Nepali Comment,Illegal_Migration_Filtered,roman_nepali,nepali,35,0,substantive_keyword,paisa
bb9fb1a2edb4,Kudos to u for uploading such relevant video on such serious issue.. Does the extended version of this video along with other footages coming soon???,The Nepali Comment,Illegal_Migration_Filtered,latin,english,25,0,kept_default,
f1de5210fa8f,Shit  man .<br>mah nii Portugal jana lagya theya yesari naie 😅,The Nepali Comment,Illegal_Migration_Filtered,latin,english,10,1,substantive_keyword,portugal
cadb6f2874cd,"Ramrari padha kta ho, ramro jaagir khau, sano tino business gara tei ho, yesto kam chai nagara ..",The Nepali Comment,Illegal_Migration_Filtered,roman_nepali,nepali,17,0,kept_default,
d92f040c1952,The Nepali comment one of my favorites channel these dayzz,The Nepali Comment,Illegal_Migration_Filtered,latin,english,10,0,kept_default,
f99b46fe338b,Last week one man from my locality died at Panama on boat accident while going to America. RIP,The Nepali Comment,Illegal_Migration_Filtered,latin,english,18,0,substantive_keyword,america
a7dac41178ef,This is all because of unemployment of our country Nepal.,The Nepali Comment,Illegal_Migration_Filtered,latin,english,10,0,substantive_keyword,unemploy
29bb7a36e63d,Bro Sky SIM ko rise ra downfall ko Barey ma new video paum na plz ❤️,The Nepali Comment,Illegal_Migration_Filtered,latin,english,15,1,kept_default,
641f0e475a2a,Nepal ma garne taw ho ...<br>Tara garne k bato k ? Ma sanga degree taw xa Tara haat ma kunai sip xaina ....,The Nepali Comment,Illegal_Migration_Filtered,roman_nepali,nepali,21,0,kept_default,
8abde57552a6,I am just crying for those innocent kids 😭😭,The Nepali Comment,Illegal_Migration_Filtered,latin,english,8,2,kept_default,
bf801ed70178,Sad reality of every nepali people,The Nepali Comment,Illegal_Migration_Filtered,latin,english,6,0,kept_default,
379c1e613897,❤️❤️ ekdam ramro video i wish sabai nepali veda haru le herun,The Nepali Comment,Illegal_Migration_Filtered,roman_nepali,nepali,11,2,kept_default,
7ec8420f6f6f,The Nepali comment never fails to amaze us ❤<br>What a quality content ❤,The Nepali Comment,Illegal_Migration_Filtered,latin,english,12,2,kept_default,
5a0da2716642,Keep going brother hope mangsir 4 pachi k he haat samma desh ma pariwartan aaucha ani may be hami budo huda hamro baccha harule yesari illigal and dangerous steps haru chalnu naaparosh 🙏🏻🙏🏻,The Nepali Comment,Illegal_Migration_Filtered,roman_nepali,nepali,32,4,substantive_keyword,desh
6d797b8242e4,"There are so many facets to this journey. I have not discussed less used routes and other intricate details of the journey. I would have loved to go even deeper but I tried to explain the situation from a top down view and as an entry point to the whole crisis rather than a full on explanation. Special thanks to all those who contacted us, helped us, talked with us on Zoom meetings and social media. And if you have other facts that we have missed, feel free to add those. See you in the comments. ❤",The Nepali Comment,Illegal_Migration_Filtered,latin,english,96,1,kept_default,
a05e395dcb1f,Trump was right. don&#39;t come illegal.,The Nepali Comment,Illegal_Migration_Filtered,latin,english,7,0,kept_default,
21e8ff4c5849,The Nepali Comment never miss,The Nepali Comment,Illegal_Migration_Filtered,latin,english,5,0,kept_default,
eb705da20479,Yeah man some of my villagers paid 40 lakh to go USA through illegal way and they made it but I always think it is a risky way <br>Your life&gt;&gt;&gt;&gt;&gt;&gt;&gt;&gt;&gt;&gt;&gt;&gt;&gt;&gt;&gt;&gt;&gt;&gt;usa,The Nepali Comment,Illegal_Migration_Filtered,latin,english,31,0,substantive_keyword,usa
af30b46409ab,hope you will get 100k subs soon.,The Nepali Comment,Illegal_Migration_Filtered,latin,english,7,0,kept_default,
f04a1faccf46,I am big fan of yours Nepali Comment! Sending Love and Support ❤️🙏,The Nepali Comment,Illegal_Migration_Filtered,latin,english,12,2,kept_default,
9908b318e23f,"These one minutes may pass so fast that I could watch video after that every second passes I get more excited for the video 💞♥️ <br>Very nice topic , great job sir 💜",The Nepali Comment,Illegal_Migration_Filtered,latin,english,30,3,substantive_keyword,job
1c0c8962f18b,Waiting bro,The Nepali Comment,Illegal_Migration_Filtered,latin,english,2,0,kept_default,
f2acee323a87,"I haven&#39;t watched the video. But I am sure it is awesome, like other videos from The Nepali Comment",The Nepali Comment,Illegal_Migration_Filtered,latin,english,20,0,kept_default,
b825d9744665,Sorry guys next month mah ne janxu abo . I won&#39;t return ✌🏻,The Nepali Comment,Migration_Filtered,latin,english,12,2,kept_default,
5c8b0732cf15,"Ma ta bidesh jan chau , ma kinna yo desh ko chinta garu 🤡",The Nepali Comment,Migration_Filtered,roman_nepali,nepali,12,1,substantive_keyword,bidesh
d2902f3c705e,Yeha ramro sarkar nai xaina neti neyam ta banxa tara prabhavakari tarikali lagu hudaina ramro garne lai khutta tanne prabirti le garda pani desh kei garam vanda dherai aru society herene nagajar pani farak hunxa nata sthir rajniti xa nata ramro kam garne manxelai support nai,The Nepali Comment,Migration_Filtered,roman_nepali,nepali,46,0,substantive_keyword,rajniti
a4570a5bd832,"Yeti lamo video banaunai pardaina. Simple kura cha. We have two kinds of Nepalese today.<br><br>1. Ambitious, needs good lifestyle and quality healthcare. These Nepalese are wise and forward thinking. They have no problem leaving Nepal and settle abroad.<br><br>2. Self-contained, very difficultly influenced by outside world and people, happy with an ok life with no effort (or will) to seek for a better one and above all, emotional fools who want to stick to family values and wont let go off their parents in their old days. They stay back. Pollution hos, corruption hos, garibi hos, they will stay back. And it&#39;s not that they cant go abroad. They just dont want to. <br><br>Choose one. We should respect both kinds of Nepalese.",The Nepali Comment,Migration_Filtered,roman_nepali,nepali,125,0,substantive_keyword,abroad
0b2329351693,Youth in Nepal will waste their time and energy. Skill is not valued but power is valued. Government work don&#39;t want to work but want salary hike. The level of corruption and selfiness that exist in the goverment offices only god can clear the mess. 4-5 generation manxele sapana dekhna pako xaina khana basnalae sochnu parxa. Obviously brain drain hunu is not a big deal in this case. But i wish my country gets a leader who work for people not for self fulfillment.,The Nepali Comment,Migration_Filtered,latin,english,86,0,substantive_keyword,salary
d0b134e33287,Nepal Sarkar le kai ramro garla vanera aas garera basni manche yo duniyakai sabvanda thulo murkha ho,The Nepali Comment,Migration_Filtered,roman_nepali,nepali,17,0,substantive_keyword,sarkar
9aafb5c5d35e,I don&#39;t know nepal language but still I can understand it very well.,The Nepali Comment,Migration_Filtered,latin,english,14,0,kept_default,
7d07183fa081,Mai ni varkhar 1 mahina aaghi aako xu rojgaar ko lagi. K garnu 10 barsha dekhi kosis gariyo Nepal ma tara ghus diyera sarkari kaam ma laagne lagi haley ra aafule last ma private job gariyo tara Nepal ko mahangai ma kamako bhanda badhi kharcha le garda hidna badhya vaye. Yad kati aauxa aafno thau ko ra pariwar ko tara k garnu testai awastha aai paryo.,The Nepali Comment,Migration_Filtered,roman_nepali,nepali,66,0,substantive_keyword,pr
1686db19fae3,Jewish diaspora haina zionism vanu,The Nepali Comment,Migration_Filtered,latin,english,5,0,kept_default,
75339c932794,"Even if u live pay cheque to pay cheque and don’t have any saving in USA , you still can live better than rich  1% of Nepali people .  <br>  That’s why NO ONE wants to live in NEPAL . If next COVID like pandemic happens , then 3rd world ppl dies first , that include NEPAL .  Make no mistake , NEPAL is not equipped to handle / counter any thing pandemic / war / blocked etc etc .",The Nepali Comment,Migration_Filtered,latin,english,70,0,substantive_keyword,usa
a3b185ee4c48,"I appreciate your concepts and contents that you use to provide through these kinds of videos to generate awareness among our public .. keep it up bro 🇳🇵👍<br>You deserve huge respect and more fan followings for your contribution..🙏 <br>👍👏🙏 <a href=""https://www.youtube.com/watch?v=bO53rJ-r9yM&amp;t=945"">15:45</a>",The Nepali Comment,Migration_Filtered,latin,english,39,7,substantive_keyword,pr
98ca5e71bcb3,"Bidesh jau Tara bideshi chahi na banau. Sabai Lai chahi rajneeti ma jaanu parne abasakta ta Chhaena Tara rajneeti k ho ra present ma hamro desh mai k kasto yojna chalira chha, for example yadi krishi ko lagi 2 crore pass bhayeko chha bhane yojna k k ho, kun kaam hune ho tyo pani thaha hunu paryo, yostna Pura garna paisa haina parishram chaheyo, Saman chahiyo tyo bujhnu paryo ra sab bhanda paile arko desh ma gayera Saman kinnu band grnu paryo. Aaj yadi India le border band Gardiye sorry to say hami bhokkai marna badhya hune ho. Yadi tyo hamro madat garna nai chahane ho vane factory hamro desh mai khulnu paryo etc..",The Nepali Comment,Migration_Filtered,roman_nepali,nepali,114,0,substantive_keyword,bidesh
67531c816dd3,One of the country&#39;s main source of Foreign reserve  is remittance. We don&#39;t have any thing to export. So we export manpower.,The Nepali Comment,Migration_Filtered,latin,english,24,0,substantive_keyword,manpower
99790b040339,Ma 21 barsa KO ho dai 12 fail xu aaba bidesh jadai xu Tara skill xaina k garam k garam baxa future ma k hunxa dar lagxa 😢,The Nepali Comment,Migration_Filtered,roman_nepali,nepali,27,1,substantive_keyword,bidesh
d3594a439d04,i like this contain,The Nepali Comment,Migration_Filtered,latin,english,4,0,kept_default,
cf32085e26cc,"Nepal is a hell hole, maile jagir gareko talab diyenan sau le, vyapar gareko compitition ma margin hudaina tyes paxi sarkhari karmachari le guskhayera vyapar agadi lagna diyenan. Ani ma desh chorera hine india kaam garna.",The Nepali Comment,Migration_Filtered,roman_nepali,nepali,36,0,substantive_keyword,india
a94c34549b1a,For short term good life we are giving our lives to others hands yo aboard is a honey trap for us ahile sunda sochda testo nalagla tara kahile samma aboard ko border khulla hunxa? Gulf gayera 4-5 ota bhai bahine bhau aama ko karcha bihe afno chora chori paleka hamra buwa uncle haru nai xan ahile yuwa lai teti paisa le napugera Europe south africa even war zone country jana laisake PR hune yutai baslan ani nahune k garne ekdin desh farkinai parcha jawani sab bidesh ma sakera 40-50 katesi nepal farkera aauda haat ship hunna ani garne k ? Harek desh euta boundry hunxa resources ko You can see qatar as example worldcup huda kati nepali lai ghar pathaideko thiyo yestai yedi ekdin bidesh ko dhoka banda vo vaneh thau thau desh darap hunxa ekdin mai,The Nepali Comment,Migration_Filtered,roman_nepali,nepali,138,0,substantive_keyword,bidesh
e5abd1943f72,भारत को खर्बपति त भारत छोड्दैछ।,The Nepali Comment,Migration_Filtered,devanagari,nepali,6,0,kept_default,
6b919e68185e,"This video has given me inspiration to do something for my country in the future as I am abroad for five years.<br>Without Knowing about what I am doing here is worthy or not, it has provided me with some insights internally that I can do it in the coming future. Thank you for this video. Its so encouraging and motivating. ❤❤❤❤",The Nepali Comment,Migration_Filtered,latin,english,61,4,substantive_keyword,abroad
258ff4e28ba3,How many times you use to change thumbnail for video<br>Oh my god from the date of post you changed thumbnail almost<br>3 times,The Nepali Comment,Migration_Filtered,latin,english,24,0,kept_default,
d0a3ab6adb2a,We have lots of benefit if they go out like country ko resources ni sab ma pugxa aani remote area haru ni develop hunxa so sab Jana USA jau,The Nepali Comment,Migration_Filtered,latin,english,29,0,substantive_keyword,usa
23b94a0c3377,Yo video herera tw Malai bidesh Jana mannn lagyo 😅😊,The Nepali Comment,Migration_Filtered,roman_nepali,nepali,9,2,substantive_keyword,bidesh
4a358193b8f8,Sounds problem jasto layo ?,The Nepali Comment,Migration_Filtered,roman_nepali,nepali,4,0,substantive_keyword,pr
1056c28ee116,Kati ramailo sunna lai<br>India le auna didaina ho nepal ma yesto investment,The Nepali Comment,Migration_Filtered,roman_nepali,nepali,13,0,substantive_keyword,india
8f554e7dd04f,Good shout to a very pressing problem of Nepal!,The Nepali Comment,Migration_Filtered,latin,english,9,0,substantive_keyword,pr
cf2dda681006,"I not an scholar on this. However, के डायस्पोराका साथमा आउने युवा जनशक्तिको कमी निम्ताउँदैन ? देश भित्रमा रहेहा विभिन्न विकासका क्षेत्रहरू ल्याउने असरलाई कम्पेन्साटे गर्छ त? अनि अरू पहाडमा बुवाले चिता अग्नि दिन न पाउनु पनि प्रगति भो? आमाले सन्तान बाकसमा आएको हेर्नु पनि +ve हो त? What about    oir social identity, families dissconnected, mental health of those who grind, anjha rame ko budhi lai shhayame ley bajaudai xa , blah ! blah! Not an expert though Nepal sayed biswow ma kehi yehi Nepali Maulikta ley pani chinhinxa. Two faces!!",The Nepali Comment,Migration_Filtered,code_mixed,nepali_english,88,0,substantive_keyword,देश
7fdd7e49884b,"भोकै बस्ने तर विदेश नजाने,वैदेशिक रोजगार नीति खारेज गरोै ।",The Nepali Comment,Migration_Filtered,devanagari,nepali,11,0,substantive_keyword,रोजगार
6bfe3bbf6d43,First need to change Citizenship rights to dual one.,The Nepali Comment,Migration_Filtered,latin,english,9,0,kept_default,
8e1e74cc4664,Here after podcast with Sanjay silwal gupta ❤,The Nepali Comment,Migration_Filtered,latin,english,7,1,kept_default,
7e828ac9efa1,"I am doing Bachelor&#39;s Degree In Electricial and Electronics Engineering at Kathmandu University, School of Engineering and I regret my decision now<br>My friends who left for abroad are earning money and sending home and me who is here still asking pocket money from my parents <br>And this makes me feel like i can&#39;t do anything <br>For middle class family like mine<br>Money is everything at the end",The Nepali Comment,Migration_Filtered,latin,english,70,0,substantive_keyword,abroad
c620614f1a8d,Optimistic thoughts.,The Nepali Comment,Migration_Filtered,latin,english,2,0,kept_default,
fa556cb1553b,Ma bides ako 5 year bayo <br>Koi pani.afnu.des na.manparaune  veteko xaina. Tara tya.ko airport Dekhi. Are sab system samjinda <br>Himat harera awxa,The Nepali Comment,Migration_Filtered,roman_nepali,nepali,26,0,substantive_keyword,system
7cab8cec6f95,Hunata ho ki video ma vaneko kura sablai thaxa yaha samha ki yo niyam wa vanau mathika garna sakne chor hru Lai pani thaxa but gardaina Ani  vanxani Jani Jani suteko acting garne Lai laat nahane samha uthdainani testai E laat ka Bhoot hru BAAT Le mandaina k j vannus,The Nepali Comment,Migration_Filtered,roman_nepali,nepali,50,0,kept_default,
8d1379faa5de,Such a detailed and well-explained video! Absolutely amazing dai.,The Nepali Comment,Migration_Filtered,roman_nepali,nepali,10,0,kept_default,
346a96d7cce5,philipino ko example linu jaruri thiyo ra muji?,The Nepali Comment,Migration_Filtered,roman_nepali,nepali,8,0,kept_default,
2bbe60f28099,Worth of Time ❤,The Nepali Comment,Migration_Filtered,latin,english,3,1,kept_default,
0993566b55fd,"Excellent podcast. Nepalese going abroad is definitely not a doom and gloom story as much of Nepal&#39;s media points out. It will take time, but things were change and turnaround.",The Nepali Comment,Migration_Filtered,latin,english,31,0,substantive_keyword,abroad
55dae05a3c2a,Sound aayena,The Nepali Comment,Migration_Filtered,latin,english,2,0,kept_default,
477bf21b4712,"bro video quality,  method of delivery and story line  are missing . btw Great research",The Nepali Comment,Migration_Filtered,latin,english,14,0,kept_default,
da4659c69445,"Dude could have used any other country, yet he chose is*ael which is a SETTLER COLONIAL country. The fact that their lobby has an influence is due to to US geopolitical interest in that region. Kinda weird how you support or use them as an example when they are involved in a g cide with support of said lobby. To use that example is disgusting considering you might know what the heck is going on there. Also, this video and the solution presented sound so liberal to me. Not taking into account various factors. And, wtf is it with Haiti? It is literally destabilise by US, had to pay reparations for freeing itself from french. Yes, corruption is to blame but so is geopolitical factors. Without a detailed analysis to our countries system, both internal and external, &quot;solutions&quot; like these are wishy-washy",The Nepali Comment,Migration_Filtered,latin,english,144,0,substantive_keyword,pr
1c240bd776bb,Binod Kunwar Sir ❤🇳🇵,The Nepali Comment,Migration_Filtered,latin,english,3,3,kept_default,
43e8a4a92826,Nepal&#39;s own Politics tactics killing the Country rapidly,The Nepali Comment,Migration_Filtered,latin,english,9,0,kept_default,
0cc065eb77f2,Nepali Diaspora बाट केहि आशा नगरे हुन्छ |<br>An optimistic approach doesn&#39;t work well on nation building.,The Nepali Comment,Migration_Filtered,code_mixed,nepali_english,17,0,substantive_keyword,pr
8194e0001040,Manchhe lai manchhe jasto byawahar garnus manchhe lai desh ko kamdar ko rup ma matra herne ho bhane kehi ubho hudaina,The Nepali Comment,Migration_Filtered,roman_nepali,nepali,21,0,substantive_keyword,desh
01e20b229986,"Nepal farkera kehi garnu vaneko garo nai cha..jun sector ma ni, government hos ki private hos, sab ma obstacles aucha jaba Nepal aayera kehi garchu vanda, your degree, qualifications and skills are not recognized when you return.",The Nepali Comment,Migration_Filtered,roman_nepali,nepali,38,0,substantive_keyword,pr
cd52d5e9c678,Ma ni jana lako,The Nepali Comment,Migration_Filtered,latin,english,4,0,kept_default,
dc00f22a64b6,"Nepalese youth are looser, <br>When we do anything we see problem , we escape , we study we find hard we escape , we work we find problem we escape , same like that we see problem in country , we escape , <br>What country gives you does not matter , only matter what you did for nation , and remitance is not enough for country progress , <br>In this capitalist world we have to focus on industry and business , lets band all product from india , china and other country , do our own production and circulate money inside nation . <br>No remitance no  Government job will progress out nation economics ,",The Nepali Comment,Migration_Filtered,latin,english,100,0,substantive_keyword,pr
663af94dd448,remittance-to-GDP ratio Ahile 28% pugi sakyo.,The Nepali Comment,Migration_Filtered,latin,english,8,0,substantive_keyword,remit
869a0b0e6e5b,"Jaba samma Nepal ko satta ma maobadi, yamale ra kangress rahanxan, malai lagdaina bidesh ma mari mari kamako paisa liyera koi bidesiyeka Nepali farkinxan<br>Farke pani bhude neta haruko matra pet bhariney ho ,jhan uniharulai ghus khane opportunity milxa<br>Desh jasta ko testai ani bidesh bata farkeka Nepali feri bidesh nai farkina badhya hunxa",The Nepali Comment,Migration_Filtered,roman_nepali,nepali,54,0,substantive_keyword,bidesh
05a9c8e8a0e0,Harda Harda mane baira bata hardai xu bro dukha lakxa mc res man mai xa Sathi ho afunu des afnoi hune raixa tara lado jasto Sarkar lay garda Nepal vaya ra k garnu Nepali nei navaya,The Nepali Comment,Migration_Filtered,roman_nepali,nepali,36,0,substantive_keyword,uk
65966886ce2e,"nefool is a third world hellhole. no need to get emotional. the earlier you leave , the more developed and rational you become . no need to live like an animal in this low iq country .",The Nepali Comment,Migration_Filtered,latin,english,34,0,kept_default,
12f19684ef89,If Nepalis don&#39;t even have a brain how can it be brain drain? 🤔,The Nepali Comment,Migration_Filtered,latin,english,14,1,kept_default,
0172ae39e238,"Nepali le business garera kaile khadaina. Jati shukai kina nakamosh, nepali le flexing mah tyo paisa udaunxa udainxa. Not possible in context of Nepalese community. GG",The Nepali Comment,Migration_Filtered,roman_nepali,nepali,26,0,substantive_keyword,uk
2b2cc0d51ae6,Mero school ko savaivanda talent sathi .... Maile aile samma dekhya varimai extraordinary aile nepalma xaina america ko tesla companyma engineer ma kaam lagyo rey <br><br>Aauxa ta testo talent manxe nepal ko sewa garna .... K garnu yar testo manxeharulai hamile gumairakheko xam toit ...Hospitalma kaam garxu maile thavako best doctor uk gayo thuikka muji nepal ko haalat ...Hamro best best manxeharu vagira xa ani nepalma gojyangrwko toli thulothulo postma,The Nepali Comment,Migration_Filtered,roman_nepali,nepali,68,0,substantive_keyword,gayo
5a920265d1af,nepal maa k hi garchhu bhaneko baluwa maa pani haale jatikai ho rahechha ki party ko jhole hunu paryo ..ma nepal maai k hi garchhu bhanera tytro lagani gare last maa bidesinu paryo,The Nepali Comment,Migration_Filtered,roman_nepali,nepali,33,0,substantive_keyword,bidesi
eadf6b2cceb8,Kahile kahi positive kura sunna pauda pani achamma laagchha,The Nepali Comment,Migration_Filtered,roman_nepali,nepali,9,0,kept_default,
803042fc18b7,"😂😂😂😂😂 this peoples ideas on <a href=""http://development.lol/"">development.lol</a>",The Nepali Comment,Migration_Filtered,latin,english,6,5,kept_default,
301fb4798237,Within 2 year i am also going to abroad bcuz nepal didn&#39;t have any good futures,The Nepali Comment,Migration_Filtered,latin,english,17,0,substantive_keyword,abroad
29cfb98300f5,This earth belong to whole humanity,The Nepali Comment,Migration_Filtered,latin,english,6,0,kept_default,
b79016678ada,"The first step towards optimisic path for Nepal is political revolution. With current political chaos, it is not possible to utilize Nepalese diaspora to its optimum potentiality. Such situation is not just bad for those living in Nepal, but also damaging to diaspora due to lack of voice for them and improper environment for investment. So, it is the duty of every individual born in Nepal to directly or indirectly support new leadership with practical vision, for our combined welfare.",The Nepali Comment,Migration_Filtered,latin,english,80,0,substantive_keyword,pr
372b2f0ba356,"I think every Nepalese going abroad now should at least ensure that they carry their culture and national pride with them too. Because it&#39;s so easy to be influenced in foreign territory where every culture is different and new. It might be a total shocker and hard to adapt but eventually, it becomes a part of our life. However, if we could also share a bits of our culture, then that would be a great cultural exchange. Our history is so rich that we were never colonized yet most of the foreigners don&#39;t even know that Nepal exists. That&#39;s fine but what would be even sadder is if our own future generations don&#39;t know about our country. It&#39;s crucial for us to build a great diaspora for our identity. 🇳🇵",The Nepali Comment,Migration_Filtered,latin,english,134,2,substantive_keyword,abroad
ceed13afdc3f,Agriculture ma 30-50lakh low interest loan deko sab farm haru dubi sakyo cause they all were in that sector just for that loan money. In my point of view government should provide low interest loan  with easy paper work for the business plan to the people who have studied in abroad and want to come back and start their own business cause they really know what hard work means.They know the real value of money and how to use it wisely..,The Nepali Comment,Migration_Filtered,latin,english,83,0,substantive_keyword,abroad
1c662840f5a2,Hey I also thought the same but nobody was talking about it. Thanks a lot for making a video about it 🙏🙏🙏,The Nepali Comment,Migration_Filtered,latin,english,21,3,kept_default,
12368ec3e74d,"<a href=""https://www.youtube.com/watch?v=bO53rJ-r9yM&amp;t=701"">11:41</a> point to be noted. Afnai desh farkau ra kehi naya garau vanne ta sabai lai maan hunxa. Aru desh le garna sake kina vane tya ko government supportive xa. Hamro Nepal farkera kehi garxu vane government ra corruption le ka garna dinxa ra. Gareko example holan but 3 crore population ma 10-12 jana ko example diyera furkilauxan neta haru. Tini haru le ghus khulauna sake tei vayera gare. Hami sakdainau",The Nepali Comment,Migration_Filtered,roman_nepali,nepali,73,0,substantive_keyword,farkera
7096fdb4437b,"Nepal ma sarkarle ramro kam garna sakira xna haina ki, kamai garna sakeko xna",The Nepali Comment,Migration_Filtered,roman_nepali,nepali,14,0,substantive_keyword,kamai
2f8660108a3c,nepali diaspora pani dui kisim ka channa example kai lagi australia ma rayeka nepali diaspora lai hera euta binod kunwar chhan jasley aafuley australia ma kamayeko paisa nepal ma invest gardai chhan ra  aru nepali diaspora lai pani nepal ma invest garna jagaudaichhan ra arko nepali diaspora community australia ma chha jasley nepali kala sanskriti nepal sanga copyright vayeko pashupatinath mandir jasley nepal ma lakhau tourist vitrayeko chha teshai ko copy garera australia ma pashupatinath mandir banaudaichhan austalia ka manxeley australaia mai pashupatinath mandir dekhey vanepaxi tini haru nepal aayera k herney ?? tyo vanda better ta nepal ko kunai cultural heritage renovation gardeko vaye kati ramro huney thiyo hola,The Nepali Comment,Migration_Filtered,roman_nepali,nepali,109,0,substantive_keyword,australia
79e54b01d974,Muji Patrukar. 12 Bhai Muji. Murra Muji🐃🐃,The Nepali Comment,Migration_Filtered,roman_nepali,nepali,7,2,substantive_keyword,uk
4743ea6b85f1,"Bro remember that citizens are not civiled , look in the mentally of nepali and europoan people,",The Nepali Comment,Migration_Filtered,latin,english,16,0,kept_default,
6686fb59675a,"1K, 2k rupee liye ra vote dine aafhono aama bahini baccha haru ko future ani safety  ,freedom sab becha dine ani bhanu ki nepal ko leader nai ghatiya xa ani tiyo ghatiya mancha lai jityo kasle ta hami nepali le ani sab thulo ghatiya ko tab hami nepali aafhaia choose garne aafhaia gali garne Nepali honi 😂😂😂",The Nepali Comment,Migration_Filtered,roman_nepali,nepali,56,3,substantive_keyword,future
0dca8f8625f6,Bakwas kura.,The Nepali Comment,Migration_Filtered,latin,english,2,0,kept_default,
a11548ddba69,Jewwwish diaspora haina Palestinian g side.,The Nepali Comment,Migration_Filtered,latin,english,6,0,kept_default,
7369dab1a9ef,Everyone talking about remittance but am not agree with that for example   they sent 10k but they spend 20k like they sent 1 lakh but they brought 1.5lakh phone and other luxury expenses so remittance cause import unnecessary luxury thing income less spending double which show on paper remittance contributions to our gdb but remittance is a Foreign merchant losses one of main reasons of our country,The Nepali Comment,Migration_Filtered,latin,english,68,0,substantive_keyword,remit
77ea3e3dedf0,maile ni yestai shoche ko thiye,The Nepali Comment,Migration_Filtered,latin,english,6,0,kept_default,
c28352832178,Sabai desh political corrupt party haru le khaye,The Nepali Comment,Migration_Filtered,roman_nepali,nepali,8,0,substantive_keyword,desh
b65dcd590cc0,"The young generation constantly faces significant challenges. Although they have many innovative ideas to contribute to the country, the lack of proper policies makes it difficult to kickstart these ideas. As they grow older, societal expectations to support their families arise, making it challenging to continue pursuing these ideas. Consequently, many are compelled to go abroad for better income, education, or training. The allure of a better world often blinds Nepalese individuals, and the high rates of corruption further discourage them from investing in Nepal.",The Nepali Comment,Migration_Filtered,latin,english,85,0,substantive_keyword,abroad
44be573f0f9e,"Government officials particularly target mongolian features ethnicities, none of my brahmin and chetri friends have had to pay bribes for simple Government work",The Nepali Comment,Migration_Filtered,latin,english,23,0,substantive_keyword,work
1802371a8eb4,lol brain drain 😂😂😂 what brain?,The Nepali Comment,Migration_Filtered,latin,english,5,3,kept_default,
e5e595d38c89,Garo cha bro nepal ma!! Maile naya investment garera factory khole aba ahile maile approval pako chaina!! Mero 1 crore paisa dubne wala cha!!,The Nepali Comment,Migration_Filtered,roman_nepali,nepali,24,0,substantive_keyword,pr
e71f7ecf8997,"The same money looted by politicians and indian business houses, are coming in as foreign investments just to pay less taxes.",The Nepali Comment,Migration_Filtered,latin,english,21,0,substantive_keyword,india
0847cfcff113,Thank you<br>Hajur use garne term Disphora pribciple ma depends vaera bane ko video ho. Yeslai suruma ali definition diera bala video suru garda.. jhan mitho hune thiyo.. <br>Ra bidesinu lai kasari control garna sakinchh.. ali kati vako vae ta.. <br>Aru gajab chh sir.. <br>Thank you,The Nepali Comment,Migration_Filtered,roman_nepali,nepali,46,0,substantive_keyword,pr
d8f66fff4a00,Thanks to this diaspora Kallu kaley lai palekai thiyo,The Nepali Comment,Migration_Filtered,roman_nepali,nepali,9,0,kept_default,
35d4915c596d,Mero 1 salla hai <br>Script ramro xa video presentation pani thik xa tra speech ali vayena.,The Nepali Comment,Migration_Filtered,roman_nepali,nepali,16,0,substantive_keyword,pr
67cc07af9a3b,Dai niti xaina nepal maa ani future ni secure xaina ....krishi garum 5 rupees kilo maa indua baata xyaapxyaapi paainxa ...ani yaha poisa ta kaminxa but jogidaina,The Nepali Comment,Migration_Filtered,roman_nepali,nepali,27,0,substantive_keyword,future
d18fad7b9223,"The voice tone was very irritating to listen so I had to clock out of this video within couple of minutes. Him ending every sentences with “cha” was too irritating, change your script",The Nepali Comment,Migration_Filtered,roman_nepali,nepali,33,0,kept_default,
8e82ab4a420c,chup muji,The Nepali Comment,Migration_Filtered,latin,english,2,0,kept_default,
108c4e0240bc,I don’t understand why don’t you make videos of dharan ? Don’t you think they are doing really great job? Don’t be bios,The Nepali Comment,Migration_Filtered,latin,english,26,0,substantive_keyword,job
4465440513c4,"The only thing Nepali will do is buy land, build house and inflate real estate prices.",The Nepali Comment,Migration_Filtered,latin,english,16,0,substantive_keyword,pr
d1fc126bf93c,"Good Research But,<br>कमाईबाट लगानी गर्नुपर्छ, त्यसबाट रोजगारी र थप आम्दानी सिर्जना हुन्छ तर त्यसको लागि Financial Literacy चाहिन्छ। मैले के मा कति रकम, कति समय लगानी गर्नुपर्छ? के गर्नु, कसरी जीउनु, के खानु ठीक भन्ने निर्णय लिन सक्नुपर्छ अहिलेको खाडल भनेकै त्यही हो प्राय नेपालीको। डायस्पोराले सीप र लगानी नेपाल भित्राउन पनि नेपालको भ्रष्टाचार र अब्यवस्था बाधक छ यसलाई पहिले हटाउन नेपालमा भएका मानिसको सोच परिवर्तन हुनु आवश्यक छ।<br>बिदेश जानेहरु र नेपालमै रहनेहरुलाई सोध्नुहेस् उनीहरु धेरैजसो भौतिक सुबिधाभोगका लागि पैसा कमाउन चाहन्छन् सुखको परिभाषा नै थाहा छैन। अनि instant पैसा कमाउनु एकमात्र उद्धेश्य छ॥ गौतम बुद्ध, भगवान कृष्ण, महाकवि लक्ष्मीप्रसाद देबकोटाले भौतिक सुविधाले मात्र शान्ति मिल्दैन भने मरुञ्जेल चिच्याए तर म अर्कै ग्रहको प्राणी हुँ, म चाहिं सुखी हुन्छु सोच्ने मूर्खको कमी छैन यहाँ।  हामीमा आत्मज्ञान नआएसम्म न नेपालको भ्रष्टाचार सकिन्छ, न गरिबी, बेरोजगारी र अत्याचार",The Nepali Comment,Migration_Filtered,code_mixed,nepali_english,138,0,substantive_keyword,रोजगार
379e091a2ce6,Brother make video on why gen Z are being so drug addict and dumb generation.i fell worst and think that why i born in this generation Z due to shit habits done by gen Z kiddo,The Nepali Comment,Migration_Filtered,latin,english,37,0,kept_default,
5d44ca08d3a8,Nepal doesn’t need a youth leader or an old leader it only needs a great leader whatever he or she is old or young the leader should be great to the people from heart. 🇳🇵🇳🇵🇳🇵🇳🇵,The Nepali Comment,Migration_Filtered,latin,english,35,8,kept_default,
aa66c7d54043,Nepal is a country where we exports young people and imports the money...,The Nepali Comment,Migration_Filtered,latin,english,13,0,kept_default,
c5ea730de6db,मुखमा सुपारी हालेर कुरा गर्ने हरु भन्दा तपाईको भिडियोहरुको content well researched र स्तरीय छन । राम्रो विषय उठाउनु भयो।,The Nepali Comment,Migration_Filtered,code_mixed,nepali_english,20,0,kept_default,
69859e2b43df,"Few years ago I and my friend decided to stay in Nepal and pursue an undergraduate degree among 2 out of 20 of my friends. I graduated this year and I regret my decision. <br><br>I don’t see certainty and sustainability here. If someone hits me on a road, I can’t assure if he’s going to jail. My property, family is all at stake here. <br><br>And thus, I am leaving Nepal this year. This totally depends on individual preferences and choices but for me, I don’t see myself truly living my life to the fullest here with all the political chaos.",The Nepali Comment,Migration_Filtered,latin,english,104,0,substantive_keyword,pr
c53fbdad893e,Hello Namaste YouTuber. What is going happening in our Nepal. Shut up 🤫 I&#39;m not happy to listen your words. Desh Ritti Raachaa.. YouTuber hasiraa. Bidesh jani k rahar hoo lamo ko Dias Moda 😮‍💨. Desh ko leader jhai bolni 😮‍💨🙏,The Nepali Comment,Migration_Filtered,latin,english,39,6,substantive_keyword,bidesh
15b756961b72,K k bolecha yo Bipchan Pagal lee Media hoo Vani Tero Baau ra Kaka Haru ko bare News vaan Khate Oli ra Sher Bahadur ko Nati K Pai tei bolcha Khate Ta poo Nepal mai xaas.. Bidesh k Rahar le hideko sabai Janta Vaan taa aafai. Desh Bechyo Tero Baje Sher Bahadur le.. Aaavaa Tero Bau oli le sell hannu Baki chhha... Janta ko poisa khacha J Pai tei bolcha Yoo Pagal YouTuber leeee,The Nepali Comment,Migration_Filtered,roman_nepali,nepali,74,0,substantive_keyword,bidesh
cd2775b455af,ExtraTech cricket ground owner Binod Kunwar ❤,The Nepali Comment,Migration_Filtered,latin,english,6,1,kept_default,
89765eacc9b8,Yamale Nepali Congress ko jhole haru lae yo kura le farak pardeina jhole haruko lagi desh vanda thulo party ho,The Nepali Comment,Migration_Filtered,roman_nepali,nepali,20,0,substantive_keyword,uk
be6c56314c7c,धन्यबाद सर भोलिको दिनमा यो हुनेछ भन्ने आशा गरौ । Good Morning &amp; जय नेपाल,The Nepali Comment,Migration_Filtered,code_mixed,nepali_english,14,0,kept_default,
28e5f585d933,Bro is paid actor. Period.,The Nepali Comment,Migration_Filtered,latin,english,5,0,kept_default,
bd6e6eb66515,rahar le janey doesnt seems appropriate not everyone goes abroad because of rahar if there was stable goverment stable economy stable investment then who would leave the country Everyone would  support and build the nation. so could you please remove the sentence rahar le if it was rahar than would a 50 60 70 years old people leave the nation ?,The Nepali Comment,Migration_Filtered,latin,english,60,0,substantive_keyword,abroad
0311e6cebf85,"While Kuznetsov&#39;s theory offers an optimistic framework, its application to Nepal is fraught with challenges. The country&#39;s weak and corrupt institutions, fragmented diaspora, and dependency on remittances diminish the likelihood of a transformative role for Nepalese expatriates. Without significant reforms within Nepal to address these structural issues, the potential of the diaspora will remain unrealized, leaving the country to grapple with the long-term consequences of brain drain. I don&#39;t see much prospects until Nepali people change their vote.",The Nepali Comment,Migration_Filtered,latin,english,82,0,substantive_keyword,pr
05b78b918097,Why would any Nepali with conscious invest in Nepal. Everyone is corrupt to the core.,The Nepali Comment,Migration_Filtered,latin,english,15,0,kept_default,
94ed58ac820a,This video is a loss for Nepali comment when it comes and talks so positively of the genocidal jewish ethno state like Israel,The Nepali Comment,Migration_Filtered,latin,english,23,0,substantive_keyword,israel
227c35aec93e,"Maile Padheko Anusar ,<br>Remittance can not be considered as a part of GDP <br>As GDP is Gross Domestic product - Refers to Income generated by Internal Matters of the Country i.e Production of goods , And other things <br><br>While remittance Can be considered as a part of GNP <br><br>As it includes a specific part i.e. <br>Income From Abroad <br><br>Aba Rahyo Kura Diaspora ko ,<br>Nepali Pan ko maya sablai huncha ,<br>Tara khali remittance le desh banaune ho <br>Pahila Janta jaagna paro <br>Comment garxhan tara elections ko belama masu bhat ma vote Bechne garne hami nepali janta hoo ,<br><br>Ma afai as a student usa padhna aako , Sarkar le education loan rakheko feri khali paper mai chha <br>Bank le sahyog vanya kei pani gardaina , Na rojgar ko awsar <br>Padhne student le mauka paudaina <br>Tei 8 fail 10 fail le desh chalauncha <br>Rin , Samajko tanab , Peer pressure <br>Huda manche wakka dikka layera desh chhodcha <br>Dui chaar janale pathaulan paisa <br>Natra yo vannu parda &quot; Next to Impossible &quot; Vanchu ma ta <br><br>Ani Bidesh ko reality <br>&quot; Indian , Pakistani, Aru kunai country ko manche le baru sahyog garcha , <br>Tara nepali le nepali sahyog garnu &quot; ahha &quot; <br><br>Satya yei ho <br><br>Desh Banauna pahila Neta chinna sikna paro <br>Jasle Bidesh niti lyaos <br>Kutniti garera investment lyaos <br><br>Diplomacy khelos <br>Tara kursi kai diplomacy sakeko chhaina <br>Desh ta parai jaos <br><br>Baaki mero comments le ksaiko chitta dukhe , Maafi Paun <br><br>Jay Desh jay Nepal 🇳🇵",The Nepali Comment,Migration_Filtered,roman_nepali,nepali,230,2,substantive_keyword,bidesh
10756b8feaea,"Same topic ma bhako unfiltered conversation ko lagi yo video hernu hola. <a href=""https://www.youtube.com/live/UgeYdADxqs0?si=-DkhvWdrsjKdxhZb"">https://www.youtube.com/live/UgeYdADxqs0?si=-DkhvWdrsjKdxhZb</a>",The Nepali Comment,Migration_Filtered,roman_nepali,nepali,12,0,kept_default,
bd6046ee5d9d,I am open for investment in Nepal. But hard to trust people these days.from New York.,The Nepali Comment,Migration_Filtered,latin,english,17,0,kept_default,
2fd5a4650cca,"This isn’t issue for Nepal only rather is issue for all developing nation. Other side of globalization but when globalization stops, we may get chance",The Nepali Comment,Migration_Filtered,latin,english,26,0,kept_default,
338471b111bc,"Optimistic video, but the reality of our country is same as Haiti. **Until and unless we get rid of corruption nothing will change**. It is not about the changing &quot;system&quot;. Don&#39;t get mistaken, it doesn&#39;t matter which person or group or clan is ruling the country, it is about if those persons, groups or clans are serving the Nepalese people or not.",The Nepali Comment,Migration_Filtered,latin,english,64,0,substantive_keyword,system
902c87f9b8f4,Namaste from Romania 🇷🇴,The Nepali Comment,Migration_Filtered,latin,english,3,2,substantive_keyword,romania
7b359d1bfd01,"Everyone is waitinhg just for one opportunity to go abroad. Nepal is doomed. Due to short sighted politicians, nepal will remain poor and may be taken over by india in future.",The Nepali Comment,Migration_Filtered,latin,english,31,0,substantive_keyword,abroad
d8a63f38439c,Nepali need to address the most important issue of their nation. Pollution..Air pollution..It does not matter how much money anyone makes if the very air Nepali breathe kills the children and elderly....It is a national.emergency now....,The Nepali Comment,Migration_Filtered,latin,english,40,0,kept_default,
89d345c0cc6b,अब म नि चाडै जान लागेको छु ।💔😢,The Nepali Comment,Migration_Filtered,devanagari,nepali,8,2,kept_default,
ca49762ec436,Aune pani xa ho yo nepal ko youtobe haru bakbas video banauxa,The Nepali Comment,Migration_Filtered,roman_nepali,nepali,12,0,kept_default,
00a6a0d3f4cb,"Nepaliko IQ 43 cha, so brain drain bhanda pani, muscle drain bhanna thik hola. Talented bhaeko bhae bideshine jatti le paila nepal banauna try garthein, ani banauna na sakda balla bidesh janthe. Aile ko generation ta bina try direct bideshincha😂😂😂😂<br><br>According to wiki human capital flight <br><a href=""https://en.wikipedia.org/wiki/Human_capital_flight?wprov=sfla1"">https://en.wikipedia.org/wiki/Human_capital_flight?wprov=sfla1</a><br>The term &quot;brain drain&quot; was coined by the Royal Society to describe the emigration of &quot;scientists and technologists&quot; to North America from post–World War II Europe. Another source indicates that this term was first used in the United Kingdom to describe the influx of Indian scientists and engineers. Although the term originally referred to technology workers leaving a nation, the meaning has broadened into &quot;the departure of educated or professional people from one country, economic sector, or field for another, usually for better pay or living conditions&quot;",The Nepali Comment,Migration_Filtered,roman_nepali,nepali,134,4,substantive_keyword,bidesh
89f7efc72f32,First kura ta most of the nepali haru labors Kam ma aauxa including ma...taivayara yasto investment ko knowledge&#39;s nai hudina...<br>Second kura vanako 99%nepali haru le kunaii business ma Lagani gardinan ya ta 3 floor ko Ghar banauxa. Hawo ma kii land kinara plotting garxan Ani k<br>Kai hunxa ta..,The Nepali Comment,Migration_Filtered,roman_nepali,nepali,53,0,substantive_keyword,ghar
54f7c7d8550e,Brain drain huna lai brain hunu ni paryo ni? Brain vako vaye bidesh ma gayera bhada hanne soch aaudai aaudaina thiyo hola.,The Nepali Comment,Migration_Filtered,roman_nepali,nepali,22,0,substantive_keyword,bidesh
9a87d25b6ffc,I am also thinking of it,The Nepali Comment,Migration_Filtered,latin,english,6,0,kept_default,
f4eac40bfd53,Hamro desh ko sabai kuna ma small business industris ra agriculture hudaina hami ley job ne paudaina ani afno desh ma basna ne paudainau😢,The Nepali Comment,Migration_Filtered,roman_nepali,nepali,24,1,substantive_keyword,job
34055790f2e7,sayed aali samaye ho tmlay nai yo desh xodxau..😕,The Nepali Comment,Migration_Filtered,roman_nepali,nepali,9,1,substantive_keyword,desh
feff2bffa2a3,Main kuro <br>Timi ek le <br>Afno voli ko lagi aaja k gardai xau ? <br><br>Vannay kura hunxa hola jasto lagxa malai <br><br>Everyone as an entity desh banena vanni blanket vitra hat ghusara din rat paltera sutera yo video herni garwra chai hami kailai agadi jani wala xainau tyo pakka xa <br><br>Timi as entity <br>Afu hijo vanda voli better huna aja k gardai xau <br>desh agadi jaos vanera k gardai xau xau <br><br><br>Teskai cumulative effect le desh k hunay replicate garxa hola,The Nepali Comment,Migration_Filtered,roman_nepali,nepali,80,0,substantive_keyword,usa
ff7f934cb87d,Yaar kura ta thik ho. For nepal government my family remittance is more valuable than what its own citizen esrning money. I barely make 4-5lakh meanwhile mero gjar matra 1.5l remmott aucha for loan payment,The Nepali Comment,Migration_Filtered,roman_nepali,nepali,37,0,substantive_keyword,family
9d8e8a78e551,अझै ओलि प्रचण्ड शेरेलाइ भोट हालौ मासु चिउरा खाउ 😂😂😅,The Nepali Comment,Migration_Filtered,devanagari,nepali,9,3,kept_default,
863db39c07b9,"jaba samma 2084 ko chunab ma 1/3 (ek tihai janta) polpulation jo bahira desh ma chan..uniharu dashain tihar jastai election bela chutti liyera Nepal ko chunab ma vote halchu nai bhanera aayo bhaney sure naya party ko bahumat aaucha..chahe pashim ko manchey delhi, mumbai ko airport bata ani tya bata train, bus ma or transit liyera border najik airport samma, or bhairahawa ra pokhara international airport bata jasari bhayeni.. tara if dherai bidesh ma bhayeko 2084 ko election ma manchey aayenan bhaney tespachi Nepal ko 40-50 lakh emale, congress ra maobadi sanga bhako members ra karyakarta le vote dinchan taba pheri same purano dal aaucha..main 2084 ko chunab ma bahira bhako nepali janta ko haath ma cha jo nepal ko system bata harera bahira gako chan..",The Nepali Comment,Migration_Filtered,roman_nepali,nepali,131,0,substantive_keyword,bidesh
3feb055bea7f,well delivered dai,The Nepali Comment,Migration_Filtered,roman_nepali,nepali,3,0,kept_default,
0d9b3f4eb627,"if your country betrays you , you don&#39;t turn back.",The Nepali Comment,Migration_Filtered,latin,english,10,0,kept_default,
9634f248c353,Sanjay bata ..😊,The Nepali Comment,Migration_Filtered,latin,english,2,1,kept_default,
b55b2e6d1e49,Yo smseya ko sabhadan bhastrachari neta ko sampati bedesy bank bata firta layuna sake sabai sabadan huxa yo kura ko suruwat garna garure xa.,The Nepali Comment,Migration_Filtered,roman_nepali,nepali,24,0,substantive_keyword,neta
45a7f8ec24ef,Yesto type ko vid tw malae gernae man lagdaena aba tw,The Nepali Comment,Migration_Filtered,latin,english,11,0,kept_default,
136193e9c904,नयाँ युटुवर साथिहरु यता हाजिर हुम है 😢,The Nepali Comment,Migration_Filtered,devanagari,nepali,7,1,kept_default,
6e566d1e4645,I want to study ca but since its too difficult so i want to involve in IT sector in Nepal. What should I study ? What skill to learn ?<br><br>Please anyone give full authentic advise,The Nepali Comment,Migration_Filtered,latin,english,34,0,substantive_keyword,dv
4d94fc9ec36b,"I won&#39;t stay in Nepal, earn and pay tax here so that the kids of the Politicians and Corrupt leaders will enjoy their life abroad!!",The Nepali Comment,Migration_Filtered,latin,english,26,0,substantive_keyword,abroad
482b8e0cc33b,Hope our country will developed sooner Jay Nepal 🇳🇵,The Nepali Comment,Migration_Filtered,latin,english,8,2,kept_default,
b37063ead2dc,Nepal is collapsing and soon  nepalese  wont be able to enter their own country..,The Nepali Comment,Migration_Filtered,latin,english,14,0,kept_default,
0881a7839758,Nepal ko vanda dherai aaru country ko dherai explain gareko xa tnc le,The Nepali Comment,Migration_Filtered,roman_nepali,nepali,13,0,kept_default,
3ee3bf6bc209,Thank you for your contribution  to the country hopefully our eyes will open soon.,The Nepali Comment,Migration_Filtered,latin,english,14,0,kept_default,
57ba44c68799,background music chai kina ? remove it .,The Nepali Comment,Migration_Filtered,latin,english,6,0,kept_default,
21cd7708e8aa,To my every brother and sister i only want to say after getting experience or 32 35 come in home land and share knowledge to nepali people too,The Nepali Comment,Migration_Filtered,latin,english,28,0,kept_default,
cb5b2fda2440,जसरि हुन्छ लाइक भिउज बटाउने हुटहुटिमा लाइक भिउज लाई  मत्लप नगरि जुन कुराहरु उठाइराख्नु भको छ  मनै देखि उच्च सम्मान छ❤❤❤🙏🏿🙏🏿🙏🏿,The Nepali Comment,Migration_Filtered,devanagari,nepali,21,9,kept_default,
8350ee317aa7,It’s all about economics. Until you don’t give economic freedom to rise there is no point talk about democracy. Nepal is for 1% clevers who can cheat and do anything but for those 99% people who want make genuine money it’s hard. See NRN diaspora around world who went out of country with 1 luggage are now millionaires. Why? Who is controlling economics of Nepal? Forget about creating wealth now it’s becoming difficult to save your small earning or ancestral wealth.,The Nepali Comment,Migration_Filtered,latin,english,85,0,kept_default,
dfd13c7e8006,This type of contents helps a lot to educate youth. Keep it up👏,The Nepali Comment,Migration_Filtered,latin,english,13,1,kept_default,
a8c8402ab6e0,♥️🇳🇵 म पनि अहिले साउदीमा हो 🇸🇦♥️,The Nepali Comment,Migration_Filtered,devanagari,nepali,5,6,kept_default,
50366cc27349,"About Remittances, it would continue to be  useless until and unless the Government is Influenced to make infrastructure, investment friendly policy by the Rich NRN Communities.",The Nepali Comment,Migration_Filtered,latin,english,26,0,substantive_keyword,remit
c2e35ddf16e2,पंछी फर्केर आउ....,The Nepali Comment,Migration_Filtered,devanagari,nepali,3,0,kept_default,
0d906eee5a73,This topic came in my English exam. 😙,The Nepali Comment,Migration_Filtered,latin,english,7,1,kept_default,
f47993f67cbf,Good to see such a great topic. Well put research TNC..,The Nepali Comment,Migration_Filtered,latin,english,11,0,kept_default,
9a5ab68d0ae3,Private company ni ko loot chaliraxa ra jhan sarkarle Pani teti nai sahayog gari raxan   chor ra fataharuko desh vayo ABA ta,The Nepali Comment,Migration_Filtered,roman_nepali,nepali,22,0,substantive_keyword,pr
3e97191b49ff,"Diaspora kai kura garda indian haru ko diaspora india sanga ekdumai connected chha,,, but Nepali haru ko case ma NRN ko second generation Nepali le nai Nepal lai ruchaudainan. Why? Ghumifiri kura tehi aaunchha, Diaspora le pani tetibela matrai afno purkhauli desh lai apnauchha jaba purkhauli desh ko ni kehi ijjat/naam chaleko hunchha.",The Nepali Comment,Migration_Filtered,roman_nepali,nepali,54,0,substantive_keyword,india
81dd7a9d286d,I don&#39;t think this is the brain drain rather it is the brain train,The Nepali Comment,Migration_Filtered,latin,english,15,0,kept_default,
154d3bf39693,"हामी सर्वसाधारण जनतालाई जहाँ गएपनि आफ्नै देशको माया लाग्छ,याद भइरहेको हुन्छ तर यो निती नियम सरकारले बनाउछ,चलाउछ उनीहरू ले यस्तो कुरा को video हेर्दैनन , बुझ्न चाहादैनन 🇳🇵",The Nepali Comment,Migration_Filtered,code_mixed,nepali_english,28,2,substantive_keyword,सरकार
c814ce1f1134,Settle nai huni gari bidesiney Nepali haru ko demographics pani raakhnu parthyo. Kun Caste/ samudaye ko nepali haru baahiriyeka chhan ? Tesko longterm ma k impact parchha ?,The Nepali Comment,Migration_Filtered,roman_nepali,nepali,26,0,substantive_keyword,bidesi
bb54efb581e0,Binod Kunwar is one of Example who is investing in Nepal in sports sector after fullfilling his own and Household Needs👏👏,The Nepali Comment,Migration_Filtered,latin,english,21,2,kept_default,
d99dd4006545,Ya babu timi napa aafno kamaiki,The Nepali Comment,Migration_Filtered,roman_nepali,nepali,6,0,substantive_keyword,kamai
f4d4de170264,jaura ra kamau yo padai mf ho,The Nepali Comment,Migration_Filtered,roman_nepali,nepali,7,0,kept_default,
594500b40125,नेपालमा ब्रेन ड्रेन धेरै नै बढ्दैछ। प्रतिभा विदेशिनु देशकै लागि ठूलो क्षति हो We needs to Change This trend.,The Nepali Comment,Migration_Filtered,code_mixed,nepali_english,19,0,substantive_keyword,देश
c407da455643,Nepali youth are going abroad and indian are migrating to nepal <br>I will be no surprised if nepal will be next india 😐,The Nepali Comment,Migration_Filtered,latin,english,22,1,substantive_keyword,abroad
a315b9d4628f,"hjr kai video ko starting ma ielts ko ads aauxa k vannu aba<a href=""UCkszU2WH9gy1mb0dV-11UJg/xsIfY4OqCd2T29sP54iAsAw""></a><a href=""UCkszU2WH9gy1mb0dV-11UJg/xsIfY4OqCd2T29sP54iAsAw""></a><a href=""UCkszU2WH9gy1mb0dV-11UJg/xsIfY4OqCd2T29sP54iAsAw""></a>",The Nepali Comment,Migration_Filtered,latin,english,13,0,kept_default,
223065024c03,"<a href=""https://www.youtube.com/watch?v=bO53rJ-r9yM&amp;t=792"">13:12</a> aru ko example dinai pardaina, hijo ko hamro katha here hunxa",The Nepali Comment,Migration_Filtered,roman_nepali,nepali,13,0,kept_default,
334b94cd729a,Rise<br>Rule<br>Roar,The Nepali Comment,Migration_Filtered,latin,english,3,0,kept_default,
8cfacbe0c1a9,"Correction at the start, The news should have said &quot;Daily 4400 Youths go Abroad&quot; insted of 2000 as according of the 2024 Data",The Nepali Comment,Migration_Filtered,latin,english,23,0,substantive_keyword,abroad
5e6a87fba4b2,Remittance maximum India ra China ma luxury ko saaman kinna ma jane bhaeko le Nepal ma lagani garne kam nai chha.,The Nepali Comment,Migration_Filtered,roman_nepali,nepali,21,0,substantive_keyword,remit
17aee1530254,"Bro please read alan greenspans &quot;&quot;the age of turbulence &quot; , it will help a lot regarding this topic",The Nepali Comment,Migration_Filtered,latin,english,17,0,kept_default,
21fe38349332,Ma panii xordaii xuu xettaiii,The Nepali Comment,Migration_Filtered,latin,english,5,0,kept_default,
a3c278056c31,malae ta pugi sakyo ja gayo tei kure kurai garnu parxa na system ramro xa,The Nepali Comment,Migration_Filtered,roman_nepali,nepali,15,0,substantive_keyword,gayo
f216ce1c076e,Jhat kp moryo vane balla naya nepal banxa,The Nepali Comment,Migration_Filtered,latin,english,8,0,kept_default,
d4bfd6daa1ea,नेपाल मा मान्छे नै छैन कस्लाईं व्यापार गर्ने ?? 🤔,The Nepali Comment,Migration_Filtered,devanagari,nepali,8,1,kept_default,
ef7529a062e2,"I am a recent graduate, but I am unemployed",The Nepali Comment,Migration_Filtered,latin,english,9,0,substantive_keyword,unemploy
1f4d9f0dfc0d,"<a href=""https://www.youtube.com/watch?v=bO53rJ-r9yM&amp;t=785"">13:05</a> is one of the most important point that i personally thought sometime also",The Nepali Comment,Migration_Filtered,latin,english,15,0,kept_default,
7be2ca25bed0,"Beautifully well balanced argument on Yevgeny Kuznetsov&#39;s theory.<br><br>I would like to add one more criticism to it - the replacement that occurs in the absence of the working population. <br><br>For example: Indian population replacing and taking over jobs, businesses, properties and positions in the absence of working population in Nepal.<br><br>The country does not stand still in vacuum while the diaspora establishes abroad. More likely, it will change into something completely different, leading to more disconnect.",The Nepali Comment,Migration_Filtered,latin,english,77,0,substantive_keyword,abroad
52f375b693ff,Editing style is changed ?,The Nepali Comment,Migration_Filtered,latin,english,4,0,kept_default,
831b8f5d1ad4,Ma Nepal Mai garxu vanera basiraako xu.. sakesamma ahi garxu natra last option bahiranai ho,The Nepali Comment,Migration_Filtered,roman_nepali,nepali,15,0,kept_default,
cd79a35e38bd,नागरिकता पुन प्राप्तिकाे व्यवस्था परिबर्तन गरि बिदेशिले पाउनु पर्ने झै प्रकृया बनाउनु पर्छ। र नेपाली नागरिकता त्याग गरेकाे अबधि नेपालमा पुन नागरिकता प्राप्त पछि बसे पछि मात्र सामाजिक सुरक्षामा ल्याउनु  पर्छ।,The Nepali Comment,Migration_Filtered,devanagari,nepali,31,0,substantive_keyword,देश
8e8a8284e354,Tero rahar,The Nepali Comment,Migration_Filtered,latin,english,2,0,kept_default,
9d5ab0513040,Dhere ramro video herira maja aayo Tara yaha kasae le kei garna wala xaina sap lae aaf aafnu matlab xah aaf aafnu relatives vanda baira dhere manxe janae mandina kei garna khojo ki pailae darauxan 🫡,The Nepali Comment,Migration_Filtered,roman_nepali,nepali,35,1,kept_default,
6586ffdaee24,बिदेश जाने विशेष गरि खाडि जानेहरु प्राय कम सेलेरि र तल्लो स्तरको काम गर्न जान्छन् अनि इज्राएली र आएरिसको उदाहरण दिएर हुन्छ।।।2052 सालको आतंककारी आन्दोलन देखि युवा बिदेश गएको हुन।।यो अझ बढ्ने क्रममा छन ।।।जब सम्म साम्राज्यवादि देशले चाहदैनन् तबसम्म हामि यसरि नै बर्बाद हुने छौ।।।सामाजिक आर्थिक राजनीतिक सास्कृतिक पारिवारिक  जस्ता कुरामा हामि बर्बाद भएको छौ।।यो कहिले सम्म,The Nepali Comment,Migration_Filtered,devanagari,nepali,58,0,substantive_keyword,राजनीति
42722001c8ac,"But dai there is another problem in Nepali people <br>In Nepali most of the old as well as young too <br>Have just fixed there party <br>Like, some has fixed emale and some congress <br>During voting time they chose such kind of political party and for rest five years they just go against for them <br>Shouldn’t they just not vote them",The Nepali Comment,Migration_Filtered,roman_nepali,nepali,61,0,substantive_keyword,pr
ad73c104159f,आज  युवाहरू को मुख्य समस्या  अझ भनौं  मुल प्रश्न  देशमा  किन बस्ने ?  आज तपाईं र हामी जस्ता चालीस र पचास  नकटेका युबा हरु ले तीन वटा राजा  चार वटा ब्यबस्था  देखिसकेका छौ ।   आज देशमा  कि त कर  र बाध्यता  ले बस्छ्न कि त रहरले  बस्छन् ।,The Nepali Comment,Migration_Filtered,devanagari,nepali,47,0,substantive_keyword,देश
1f5cd3308fd4,Daii bidesh rahar le hoina badhyata le jana lako ho nii maile 12 ma management liye aaba malai software engineering garna man xa vane maile garna paudina yo pani ek reason ho ma bideshinu ko la software engineering padna napaye ni ma cyber security tira janxu vanda ni paudina even though maile +2 ma management with computer leko xu k science nai chahijxa nepal ma j padda nii yo problem kosle bujxa koi le ni bujdaina tei vayera bideshinu mero badhyatah vayeko ho daii,The Nepali Comment,Migration_Filtered,roman_nepali,nepali,84,0,substantive_keyword,bidesh
53ced22663d7,unique research🌟,The Nepali Comment,Migration_Filtered,latin,english,2,1,kept_default,
593a74d8762f,Support for you ❤️❤️,The Nepali Comment,Migration_Filtered,latin,english,3,2,kept_default,
